# Created by CloudCompare v2.14.beta (Dec 28 2025)
# Created 2026-01-20T12:49:30
v 4.78579617 -93.23966217 101.40619659
v 5.76616096 -93.93166351 100.71420288
v 6.56101322 -94.75357819 99.89228821
v 7.12943077 -95.67653656 98.96932220
v 4.61514616 -91.28562927 94.00608063
v 4.84277010 -92.65107727 95.18131256
v 6.03503799 -94.71749878 97.87066650
v 6.33103180 -95.48446655 97.10369110
v 6.43368196 -96.27616882 96.31199646
v 5.16265917 -93.90181732 93.93057251
v 6.33985281 -97.06841278 95.51975250
v 6.90994310 -99.38481140 95.26104736
v 5.58013010 -98.55848694 94.02967072
v 4.93743801 -99.21080780 93.37734985
v 5.05363894 -101.24150085 93.40434265
v 4.14396000 -99.77406311 92.81410217
v 3.02381706 -102.17610168 92.46975708
v 2.18638992 -102.39589691 92.24997711
v 3.22392893 -100.23100281 92.35711670
v 1.19123399 -96.07958221 89.21212769
v 0.00000000 -96.18138885 89.11032104
v 4.90479994 -93.34995270 99.23821259
v 4.10523891 -92.79116058 99.79638672
v 3.29440689 -91.10574341 96.72734833
v 3.68837500 -90.25881958 95.03289032
v 0.00000000 -99.13807678 91.15363312
v 1.11960304 -100.77400208 91.81416321
v 0.58189237 -102.61019897 92.03560638
v -0.00000174 -102.62619781 92.01962280
v 3.93581891 -91.55370331 96.27868652
v 4.30415678 -92.56226349 97.72944641
v 4.45735598 -92.07425690 95.75813293
v 4.87450314 -93.13155365 97.16017151
v 5.55473709 -93.99867249 98.58949280
v 5.29598618 -93.76233673 96.52937317
v 5.08028793 -93.26653290 94.56585693
v 5.55573320 -94.43538666 95.85632324
v 5.56347418 -95.82536316 94.46634674
v 5.64581299 -95.13012695 95.16158295
v 5.08736706 -94.53755188 93.29483795
v 4.85670900 -95.15429688 92.67809296
v 5.31123114 -96.49983978 93.79187775
v 6.05241013 -97.83701324 94.75115204
v 4.47773314 -95.73325348 92.09913635
v 4.89678717 -97.13297272 93.15875244
v 4.43852997 -94.27365112 91.01805878
v 3.96200895 -96.25669861 91.57568359
v 3.32528901 -96.70867920 91.12371063
v 4.33279800 -97.70540619 92.58631134
v 3.63649011 -98.19967651 92.09203339
v 2.58701801 -97.07537079 90.75701904
v 2.82912707 -98.60069275 91.69101715
v 1.93536305 -98.89618683 91.39552307
v 1.76973999 -97.34558868 90.48680115
v 0.89841652 -97.51107025 90.32131195
v 2.20544195 -100.56780243 92.02039337
v 0.98249578 -99.07716370 91.21454620
v -0.25530931 -99.13400269 91.15770721
v 0.00000000 -100.84290314 91.74462128
v -0.29092589 -100.83830261 91.74928284
v 0.00000000 -97.56717682 90.26589966
v -1.38641798 -100.73650360 91.85163116
v -2.21837211 -102.38890076 92.25691986
v -3.31170511 -102.08119965 92.56463623
v -1.60596800 -95.99405670 89.29766083
v -0.92633498 -96.12019348 89.17153168
v -2.44140601 -100.50309753 92.08500671
v -2.84600902 -95.55275726 89.73895264
v -3.42432189 -100.14550018 92.44265747
v -5.06086016 -99.10305023 93.48510742
v -4.54677486 -95.64540100 92.18698883
v -4.54942799 -94.11260986 91.17910767
v -7.32720613 -98.45475006 96.19110870
v -4.92539120 -93.25434875 92.03736115
v -6.36205482 -96.97126770 95.61688995
v -4.98755884 -92.39660645 92.89511108
v -6.43208694 -96.19119263 96.39697266
v -4.87990904 -91.87563324 93.41607666
v -6.31224108 -95.41414642 97.17400360
v -7.07062578 -95.55428314 99.09158325
v -4.67325306 -91.38873291 93.90297699
v -4.35312986 -90.90657043 94.38514709
v -5.90124321 -94.04989624 100.59600067
v -4.08558893 -92.77976227 99.80840302
v -3.17452002 -92.33709717 100.25109863
v -2.44966793 -92.31049347 102.33540344
v -0.88341212 -90.31945801 97.51293182
v -0.73007572 -89.14821625 96.14350128
v -1.21663702 -99.04428864 91.24742889
v -0.23346460 -97.56345367 90.26963043
v -0.22610320 -96.17777252 89.11393738
v -0.00000000 -90.26589966 97.56717682
v -0.00000000 -91.15363312 99.13807678
v -1.95908701 -97.29371643 90.53867340
v -1.11251998 -97.48100281 90.35137939
v -2.74782109 -97.00673676 90.82565308
v -2.14243102 -98.83947754 91.45223236
v -3.00497890 -98.52562714 91.76608276
v -4.30615091 -99.67415619 92.91398621
v -3.38171792 -95.25007629 90.04163361
v -4.06104803 -96.17022705 91.66216278
v -3.45543790 -96.62851715 91.20387268
v -4.44110584 -97.61083984 92.68087769
v -3.77881908 -98.11200714 92.17970276
v -5.66617012 -98.44901276 94.13915253
v -4.89827824 -95.06952667 92.76286316
v -5.35668898 -96.40711975 93.88459015
v -4.97229004 -97.03688812 93.25482178
v -5.58295679 -95.74011993 94.55159760
v -6.10421181 -97.73135376 94.85679626
v -5.16137886 -93.83363342 93.99875641
v -5.10518217 -94.45960236 93.37278748
v -5.64441299 -95.05557251 95.23615265
v -5.53924322 -94.37368774 95.91802216
v -5.06520891 -93.21011353 94.62227631
v -4.81951189 -92.60742188 95.22496796
v -4.43154001 -92.04337311 95.78901672
v -5.27055216 -93.71459961 96.57711029
v -4.84627199 -93.09776306 97.19394684
v -6.00605392 -94.66309357 97.92505646
v -5.52256584 -93.96018219 98.62798309
v -3.91274810 -91.53460693 96.29778290
v -4.27892685 -92.54138947 97.75032043
v -4.87604904 -93.32615662 99.26199341
v -3.27844906 -91.09615326 96.73622894
v -2.54736900 -90.74095154 97.09143829
v -3.58526707 -92.06189728 98.22981262
v -2.78576803 -91.67344666 98.61826324
v -1.90403104 -91.38751221 98.90421295
v -1.49564195 -89.27220154 96.01950836
v -1.74108899 -90.47947693 97.35291290
v -2.16973805 -92.01125336 100.57689667
v -0.96608722 -91.21251678 99.07920074
v -1.10090399 -91.81183624 100.77629852
v -0.00000000 -91.74462128 100.84290314
v 2.53867102 -92.33267975 102.31320190
v 1.10733795 -91.81262970 100.77549744
v 1.57633197 -89.29062653 96.00109100
v 1.26381695 -92.09546661 102.55039978
v 2.56103110 -90.74643707 97.08593750
v 3.60265493 -92.07205200 98.21967316
v 3.19154596 -92.34396362 100.24420166
v 3.77445889 -92.74017334 101.90570068
v 0.88857472 -90.32009125 97.51229858
v 0.97173297 -91.21321106 99.07850647
v 1.75095296 -90.48197937 97.35040283
v 1.91481805 -91.39025116 98.90146637
v 2.80070901 -91.67946625 98.61224365
v 2.18202901 -92.01438141 100.57379913
v -2.49114895 -102.73110199 92.34290314
v -4.37326193 -102.39080048 93.01545715
v -4.54116678 -101.54360199 93.10227966
v -5.31101608 -101.06749725 93.57839203
v -5.98929977 -101.35520172 94.01798248
v -5.99817085 -100.50659943 94.13922119
v -6.81458521 -99.53782654 95.10803223
v -8.18267059 -99.43654633 96.85485077
v -8.96899509 -99.19020081 98.58500671
v -7.49659300 -97.48297882 97.16290283
v -7.41001415 -96.50383759 98.14202881
v -8.24846554 -97.49437714 98.58500671
v -8.66870117 -97.26483154 100.44059753
v -6.56985188 -94.76489258 99.88096619
v -7.57830906 -95.66458893 100.44059753
v -6.22180796 -94.27661896 100.72000122
v -3.83091497 -92.76364899 101.88220215
v -0.86662108 -92.29579163 104.25330353
v -1.21893299 -92.09013367 102.55570221
v 2.98481202 -92.47400665 102.58869934
v 4.75878382 -93.28910065 103.21420288
v 2.07654905 -95.37271881 109.19490051
v 3.17758393 -96.18347168 109.48809814
v 1.11976504 -98.42627716 111.27230072
v -2.10538411 -105.85389709 93.01584625
v -3.86342812 -106.62180328 94.01798248
v -4.76900911 -107.70520020 95.31363678
v -5.49945116 -108.57900238 96.85485077
v -4.11115408 -109.52539825 96.85543823
v -6.02792883 -109.21119690 98.58500671
v -4.50613689 -110.24839783 98.58558655
v -4.79125214 -110.77030182 102.35389709
v -6.24855709 -109.47519684 104.25330353
v -3.92637610 -109.18720245 107.73829651
v -1.79541099 -105.28649902 111.27230072
v -1.22340298 -103.46360016 111.81639862
v -0.91449672 -103.67400360 111.81639862
v -3.41908407 -104.75460052 93.01545715
v -1.66508603 -103.99199677 92.34290314
v -2.81596398 -105.36879730 93.01545715
v -7.69186306 -108.19709778 100.44059753
v -6.33503294 -109.57859802 100.44059753
v -6.40948820 -109.66770172 102.35340118
v -7.78226423 -108.26989746 102.35340118
v -7.11284208 -107.73059845 106.07039642
v -5.85815001 -109.00810242 106.07039642
v -5.25260687 -108.28369904 107.73799896
v -4.45416498 -107.32849884 109.19490051
v -2.91630912 -104.34960175 111.27230072
v -3.49214506 -106.17769623 110.38760376
v -1.48543000 -103.19680023 111.81639862
v -2.40187812 -104.87339783 111.27230072
v -1.69036901 -102.88400269 111.81639862
v -4.24008799 -105.41609955 110.38760376
v -4.82507706 -104.52320099 110.38760376
v -5.40815210 -106.35710144 109.19490051
v -6.37760401 -107.13819885 107.73799896
v -7.25749683 -105.79519653 107.73799896
v -7.58686399 -108.11250305 104.25330353
v -7.31898308 -107.89659882 98.58500671
v -6.67731714 -107.37969971 96.85485077
v -5.79043007 -106.66510010 95.31363678
v -6.58931303 -105.44580078 95.31363678
v -4.69089222 -105.77929688 94.01798248
v -2.02171206 -103.62879944 92.34290314
v -3.31866097 -103.73549652 111.27230072
v -1.83034503 -102.53720093 111.81639862
v -6.15429401 -105.21829987 109.19490051
v -5.22462797 -103.53340149 110.38760376
v -8.09417343 -106.23269653 106.07039642
v -8.76443005 -104.57230377 106.07039642
v -8.63359547 -106.51480103 104.25330353
v -8.85595226 -106.63110352 102.35340118
v -9.34852028 -104.74369812 104.25330353
v -9.58929062 -104.81439972 102.35340118
v -8.75307941 -106.57730103 100.44059753
v -8.32875443 -106.35540009 98.58500671
v -7.59855986 -105.97360229 96.85485077
v -8.22777653 -104.41480255 96.85485077
v -5.33807611 -104.79149628 94.01798248
v -7.13495588 -104.09400177 95.31363678
v -5.78010798 -103.69640350 94.01798248
v -3.89080191 -104.03459930 93.01545715
v -4.21298790 -103.23650360 93.01545715
v -2.30063891 -103.20310211 92.34290314
v -1.89997602 -102.16979980 111.81639862
v -3.59347105 -103.05460358 111.27230072
v -5.42338800 -102.48459625 110.38760376
v -6.66391420 -103.95580292 109.19490051
v -6.91742802 -102.61810303 109.19490051
v -7.85847092 -104.30639648 107.73799896
v -9.09785366 -102.81289673 106.07039642
v -9.70416546 -102.86710358 104.25330353
v -9.47789860 -104.78170013 100.44059753
v -9.95409393 -102.88939667 102.35340118
v -9.01843643 -104.64679718 98.58500671
v -9.36152363 -102.83650208 98.58500671
v -6.00000000 -102.53610229 94.01798248
v -3.73017597 -102.33329773 111.27230072
v -3.72352409 -101.59919739 111.27230072
v -8.15742970 -102.72889709 107.73799896
v -8.14288330 -101.12339783 107.73799896
v -9.08162975 -101.02230072 106.07039642
v -9.68685913 -100.95719910 104.25330353
v -9.83846474 -102.87909698 100.44059753
v -9.93634319 -100.93029785 102.35340118
v -9.82091999 -100.94280243 100.44059753
v -8.54078484 -102.76319885 96.85485077
v -8.52555370 -101.08219910 96.85485077
v -7.40639019 -102.66179657 95.31363678
v -3.57377005 -100.88040161 111.27230072
v -5.19598579 -100.37220001 110.38760376
v -5.41371584 -101.41719818 110.38760376
v -6.90509319 -101.25669861 109.19490051
v -6.62738085 -99.92378235 109.19490051
v -9.53672028 -99.01233673 102.35340118
v -9.42593861 -99.04705048 100.44059753
v -9.34482956 -100.99400330 98.58500671
v -7.39318180 -101.20410156 95.31363678
v -7.09584093 -99.77702332 95.31363678
v -4.77856302 -99.38977051 110.38760376
v -7.81539011 -99.55161285 107.73799896
v -8.71638203 -99.26934052 106.07039642
v -9.29726982 -99.08735657 104.25330353
v -8.55036831 -97.32946777 104.25330353
v -8.77058220 -97.20918274 102.35340118
v -7.63062906 -97.83186340 97.06034851
v -3.28666997 -100.20469666 111.27230072
v -1.46350098 -100.77649689 111.81639862
v -6.09496689 -98.67070007 109.19490051
v -6.28345299 -96.74707794 107.73799896
v -7.18753576 -98.07389832 107.73799896
v -8.01614666 -97.62127686 106.07039642
v -7.00783587 -96.14150238 106.07039642
v -2.87325597 -99.59797668 111.27230072
v -2.34941792 -99.08357239 111.27230072
v -4.17749214 -98.50763702 110.38760376
v -4.35688019 -96.59162903 109.19490051
v -5.32831192 -97.54557037 109.19490051
v -5.13788414 -95.62213898 107.73799896
v -5.73020077 -94.88687134 106.07039642
v -7.47486115 -95.75106812 104.25330353
v -7.66737509 -95.59013367 102.35340118
v -6.11208010 -94.41282654 104.25330353
v -0.88387352 -100.30960083 111.81639862
v -1.73528695 -98.68125153 111.27230072
v -3.41587210 -97.75974274 110.38760376
v -2.52297306 -97.17479706 110.38760376
v -3.21800399 -95.84554291 109.19490051
v -4.23234415 -93.90561676 106.07039642
v -4.51440096 -93.36618042 104.25330353
v -6.26949596 -94.21742249 102.35340118
v -4.63066912 -93.14380646 102.35340118
v -5.09035683 -93.42816925 101.21769714
v -0.53709531 -100.16960144 111.81639862
v -1.53311205 -96.77529144 110.38760376
v -3.79485607 -94.74230957 107.73799896
v -2.80985093 -92.42429352 102.64060211
v -0.16967550 -100.09999847 111.81639862
v -1.05446601 -98.40647888 111.27230072
v -0.33311981 -98.26981354 111.27230072
v -0.48433051 -96.57659149 110.38760376
v -1.95545495 -95.33599091 109.19490051
v -0.61775428 -95.08254242 109.19490051
v -2.30598497 -94.14141083 107.73799896
v -2.57183003 -93.23544312 106.07039642
v -0.81247509 -92.90210724 106.07039642
v -2.74322510 -92.65133667 104.25330353
v -0.72849149 -93.84253693 107.73799896
v 0.40102881 -98.27649689 111.27230072
v 0.58306491 -96.58631134 110.38760376
v 1.62805200 -96.80409241 110.38760376
v 0.74368823 -95.09494781 109.19490051
v 0.87699991 -93.85716248 107.73799896
v 2.44878602 -94.18473053 107.73799896
v 2.73109293 -93.28375244 106.07039642
v 0.97810429 -92.91841888 106.07039642
v 1.04328799 -92.31318665 104.25330353
v 2.91310191 -92.70287323 104.25330353
v -0.33915079 -102.62079620 92.02504730
v -1.17711103 -102.56050110 92.08535004
v 0.00000000 -92.01963043 102.62619781
v 0.86366469 -100.41909790 111.83640289
v 0.57035559 -100.17970276 111.81639862
v 0.20426521 -100.10340118 111.81639862
v 0.00000000 -102.00000000 112.00000000
v -1.19668305 -100.51450348 111.81639862
v -1.67407501 -101.08560181 111.81639862
v -1.82031000 -101.42970276 111.81639862
v -1.89658797 -101.79579926 111.81639862
v -1.24512899 -104.27919769 92.34313965
v 4.57606506 -93.62357330 104.98249817
v 4.24361610 -94.23210907 106.65309906
v 3.77231598 -95.09483337 108.17160034
v 4.46407604 -96.66069031 109.18080139
v 2.47888207 -97.46244049 110.55950165
v 2.40821290 -99.11962891 111.26840210
v 1.69906998 -98.88986969 111.35099792
v 1.22675097 -100.53269958 111.81539917
v 7.40595007 -96.03452301 98.90727997
v 7.37851000 -96.37225342 98.27361298
v 6.34997606 -94.40503693 100.58779907
v 7.59857416 -98.02738953 96.85413361
v 7.49254513 -97.08653259 97.55933380
v 7.38149405 -98.26197815 96.38388824
v 3.88967395 -101.85729980 92.78858948
v 5.94736385 -101.46920013 93.97834015
v 6.11353397 -100.39499664 94.25089264
v 4.30171204 -102.46350098 92.98444366
v 2.40705204 -102.75430298 92.32337189
v 1.93513095 -103.61810303 92.32337189
v -1.78589904 -107.69770050 93.97834015
v -2.88832402 -107.28700256 94.01847076
v -2.55603600 -110.15470123 96.80696106
v -3.56520009 -108.52610016 95.31419373
v -2.95219493 -111.41860199 100.39540100
v -4.73564577 -110.66850281 100.44110107
v -4.67091322 -110.55000305 104.25370026
v -2.45392394 -109.82890320 107.71720123
v -4.37904787 -110.01580048 106.07070160
v -3.32951903 -108.09459686 109.19509888
v -2.61039400 -106.77829742 110.38770294
v -1.63239706 -107.20790100 110.37930298
v -1.12294197 -105.58260345 111.26840210
v -0.57203048 -103.82499695 111.81539917
v 1.48943698 -100.80030060 111.81539917
v 3.50076604 -97.81286621 110.37930298
v 4.25039005 -98.57631683 110.37930298
v 5.41997290 -97.63421631 109.18080139
v 5.26257706 -95.70564270 107.71720123
v 7.12305403 -96.26239014 106.04250336
v 5.86678982 -94.98296356 106.04250336
v 6.25440884 -94.51934814 104.21859741
v 2.92388701 -99.64481354 111.26840210
v 3.32718992 -100.26049805 111.26840210
v 6.38945913 -96.85330200 107.71720123
v 8.10556507 -97.76232910 106.04250336
v 7.59367418 -95.88330841 104.21859741
v 7.78394604 -95.73004150 102.31279755
v 7.68684387 -95.80825806 100.39540100
v 8.85761642 -97.36914825 102.31279755
v 8.74712086 -97.42691803 100.39540100
v 4.83666277 -99.47133636 110.37930298
v 5.23705387 -100.46350098 110.37930298
v 6.16757202 -98.77552795 109.18080139
v 6.67813921 -100.04080200 109.18080139
v 7.27078199 -98.19876099 107.71720123
v 8.64109993 -97.48235321 104.21859741
v 9.59087181 -99.18621826 102.31279755
v 8.31369305 -97.65351868 98.53726196
v 3.73960090 -101.66619873 111.26840210
v 3.60262299 -100.94309998 111.26840210
v 5.43617487 -101.51480103 110.37930298
v 6.93205309 -101.38130188 109.18080139
v 7.87267590 -99.69030762 107.71720123
v 8.17200947 -101.27059937 107.71720123
v 8.77656364 -99.42513275 106.04250336
v 9.11026287 -101.18689728 106.04250336
v 9.35643196 -99.25499725 104.21859741
v 9.47122955 -99.22132111 100.39540100
v 9.95553303 -101.11139679 102.31279755
v 9.00192165 -99.35900879 98.53726196
v 8.20027447 -99.59420013 96.80696106
v 7.09588099 -99.91821289 95.26838684
v 1.90496504 -101.83000183 111.81539917
v 3.73285794 -102.40219879 111.26840210
v 5.42637396 -102.58470154 110.37930298
v 8.15727425 -102.87899780 107.71720123
v 9.71217823 -101.13320160 104.21859741
v 9.93758297 -103.07080078 102.31279755
v 9.83134079 -101.12249756 100.39540100
v 9.34418869 -101.16600037 98.53726196
v 9.32734203 -103.00499725 98.53726196
v 8.51206112 -101.24030304 96.80696106
v 7.36567783 -101.34259796 95.26838684
v 7.35239792 -102.79219818 95.26838684
v 5.93664217 -102.63970184 93.97834015
v 6.91955519 -102.74559784 109.18080139
v 8.72791862 -104.73519897 106.04250336
v 9.09383774 -102.97989655 106.04250336
v 9.69466782 -103.04460144 104.21859741
v 9.53771400 -104.98899841 102.31279755
v 9.41873455 -104.95169830 100.39540100
v 9.81361580 -103.05740356 100.39540100
v 8.49671459 -102.91549683 96.80696106
v 4.12861919 -103.29389954 92.98444366
v 3.58265495 -103.12280273 111.26840210
v 5.20802689 -103.63210297 110.37930298
v 3.29476404 -103.80010223 111.26840210
v 4.78952599 -104.61679840 110.37930298
v 6.10746479 -105.33689880 109.18080139
v 6.64112520 -104.08129883 109.18080139
v 7.82904100 -104.45349884 107.71720123
v 7.19992399 -105.93379974 107.71720123
v 8.02657032 -106.38549805 106.04250336
v 9.30457306 -104.91590118 104.21859741
v 8.77129269 -106.79239655 102.31279755
v 8.66187382 -106.73259735 100.39540100
v 8.95202732 -104.80549622 98.53726196
v 8.15482235 -104.55560303 96.80696106
v 8.23266983 -106.49810028 98.53726196
v 7.49952602 -106.09750366 96.80696106
v 6.48950911 -105.54570007 95.26838684
v 7.05655193 -104.21140289 95.26838684
v 5.69776201 -103.78559875 93.97834015
v 2.21362901 -103.20950317 92.32337189
v 5.33908319 -106.46430206 109.18080139
v 6.29409885 -107.26290131 107.71720123
v 8.55688572 -106.67520142 104.21859741
v 7.01674509 -107.86710358 106.04250336
v 7.48034191 -108.25479889 104.21859741
v 6.55600882 -107.48190308 96.80696106
v 5.23990822 -104.86289978 93.97834015
v 3.79685593 -104.07450104 92.98444366
v 1.42392004 -102.52980042 92.11608124
v 1.46720803 -103.22679901 111.81539917
v 2.88024902 -104.40840149 111.26840210
v 2.35504007 -104.92400360 111.26840210
v 4.18695402 -105.50099945 110.37930298
v 7.66777420 -108.41149902 102.31279755
v 7.57212114 -108.33149719 100.39540100
v 6.19135809 -109.68720245 100.39540100
v 7.19691515 -108.01779938 98.53726196
v 5.36053085 -108.65560150 96.80696106
v 5.67306185 -106.74359894 95.26838684
v 4.58067417 -105.83020020 93.97834015
v 3.74539495 -106.65029907 93.97834015
v 3.31917191 -104.77539825 92.98444366
v 3.42347002 -106.25060272 110.37930298
v 2.52841592 -106.83679962 110.37930298
v 4.36550999 -107.42019653 109.18080139
v 3.22416210 -108.16770172 109.18080139
v 5.14637995 -108.38970184 107.71720123
v 5.73725319 -109.12329865 106.04250336
v 4.23726797 -110.10579681 106.04250336
v 6.11631393 -109.59400177 104.21859741
v 6.26956797 -109.78430176 102.31279755
v 5.88457012 -109.30629730 98.53726196
v 4.34606886 -110.31390381 98.53726196
v 4.63858891 -107.75920105 95.26838684
v 3.42584610 -108.55359650 95.26838684
v 2.71392703 -105.36959839 92.98444366
v 1.58226299 -103.96450043 92.32337189
v 0.88601679 -103.69490051 111.81539917
v 1.73932302 -105.32730103 111.26840210
v 3.80087709 -109.27100372 107.71720123
v 1.95890403 -108.67819977 109.18080139
v 2.30929899 -109.87280273 107.71720123
v 2.74452996 -111.35659790 104.21859741
v 4.51722479 -110.64129639 104.21859741
v 4.63041115 -110.85780334 102.31279755
v 4.57264900 -110.74739838 100.39540100
v 3.95903897 -109.57350159 96.80696106
v 2.76617503 -107.29160309 93.97834015
v 2.08144093 -109.09600067 95.26838684
v 2.00437999 -105.83429718 92.98444366
v 1.16858602 -104.23549652 92.32337189
v 1.05675995 -105.60269928 111.26840210
v 1.53618896 -107.23709869 110.37930298
v 0.48492450 -107.43620300 110.37930298
v 2.57443690 -110.77670288 106.04250336
v 0.72896957 -110.17199707 107.71720123
v 0.81266499 -111.11029816 106.04250336
v 0.86635792 -111.71219635 104.21859741
v 2.81329894 -111.59100342 102.31279755
v 2.77820396 -111.47139740 100.39540100
v 0.87698758 -111.83139801 100.39540100
v 2.64054108 -111.00209808 98.53726196
v 2.40539289 -110.20040131 96.80696106
v 0.75930351 -110.51210022 96.80696106
v 0.53052431 -107.94740295 93.97834015
v 1.68064499 -107.72959900 93.97834015
v 1.21780097 -106.15170288 92.98444366
v 0.38441971 -106.30950165 92.98444366
v 0.22412290 -104.51249695 92.32337189
v 0.70999777 -104.42050171 92.32337189
v -0.27036530 -104.50800323 92.32337189
v -0.63998520 -107.93659973 93.97834015
v 0.65704238 -109.36569977 95.26838684
v -0.79260743 -109.35240173 95.26838684
v -0.91596752 -110.49669647 96.80696106
v -1.00551105 -111.32730103 98.53726196
v 0.83353198 -111.34420013 98.53726196
v -1.07129705 -111.93750000 102.31279755
v 0.88806581 -111.95559692 102.31279755
v -0.87937498 -110.15720367 107.71720123
v 0.61836171 -108.93209839 109.18080139
v -0.58497697 -107.42630005 110.37930298
v 0.33358449 -105.73960114 111.26840210
v -0.20498981 -103.90149689 111.81539917
v 0.16992900 -103.90499878 111.81539917
v -1.29406905 -106.12860107 92.98444366
v -0.46373549 -106.30169678 92.98444366
v -2.21179605 -109.05639648 95.26838684
v -2.80591106 -110.95189667 98.53726196
v -2.98948789 -111.53759766 102.31279755
v -1.05793297 -111.81359863 100.39540100
v -2.91641212 -111.30439758 104.21859741
v -1.04510999 -111.69460297 104.21859741
v -2.73566699 -110.72779846 106.04250336
v -0.98033899 -111.09380341 106.04250336
v -2.08158493 -108.64099884 109.18080139
v -0.74594581 -108.91950226 109.18080139
v -0.40241170 -105.73280334 111.26840210
v 6.41112423 -94.33190918 102.31279755
v -0.75446302 -104.40699768 92.32337189
v 0.53831720 -103.83519745 111.81539917
v 1.19966495 -103.48950195 111.81539917
v 1.67836404 -102.91699982 111.81539917
v 1.82501602 -102.57189941 111.81539917
v 1.90153003 -102.20490265 111.81539917
v 1.83518803 -101.46160126 111.81539917
v 1.69488096 -101.11389923 111.81539917
v 3.89022708 101.85700226 92.78883362
v 5.05413580 101.24120331 93.40466309
v 4.14396000 99.77406311 92.81410217
v 2.30620193 95.78283691 89.50887299
v 6.11392021 100.39459991 94.25126648
v 7.38160515 98.26154327 96.38432312
v 6.33985281 97.06841278 95.51975250
v 4.91257095 93.30413055 91.98758698
v 4.99518585 92.80095673 92.49075317
v 4.84277010 92.65107727 95.18131256
v 6.92160082 95.28069305 99.36518097
v 4.13476181 90.65792847 94.63378906
v 4.61514616 91.28562927 94.00608063
v 5.55473709 93.99867249 98.58949280
v 3.93581891 91.55370331 96.27868652
v 3.68837500 90.25881958 95.03289032
v 3.19053006 89.92368317 95.36802673
v 3.29440689 91.10574341 96.72734833
v 5.61330891 93.80577087 100.84010315
v 0.00000000 96.18138885 89.11032104
v 0.89841652 97.51107025 90.32131195
v 1.11960304 100.77400208 91.81416321
v 1.19123399 96.07958221 89.21212769
v 1.76973999 97.34558868 90.48680115
v 0.98249578 99.07716370 91.21454620
v 1.93536305 98.89618683 91.39552307
v 2.20544195 100.56780243 92.02039337
v 3.32528901 96.70867920 91.12371063
v 2.58701801 97.07537079 90.75701904
v 2.82912707 98.60069275 91.69101715
v 3.63649011 98.19967651 92.09203339
v 3.22392893 100.23100281 92.35711670
v 4.47773314 95.73325348 92.09913635
v 3.96200895 96.25669861 91.57568359
v 4.89678717 97.13297272 93.15875244
v 4.33279800 97.70540619 92.58631134
v 4.93743801 99.21080780 93.37734985
v 4.43852997 94.27365112 91.01805878
v 4.85670900 95.15429688 92.67809296
v 5.58013010 98.55848694 94.02967072
v 5.08736706 94.53755188 93.29483795
v 5.31123114 96.49983978 93.79187775
v 5.56347418 95.82536316 94.46634674
v 6.05241013 97.83701324 94.75115204
v 5.16265917 93.90181732 93.93057251
v 5.08028793 93.26653290 94.56585693
v 5.64581299 95.13012695 95.16158295
v 5.55573320 94.43538666 95.85632324
v 6.43368196 96.27616882 96.31199646
v 5.29598618 93.76233673 96.52937317
v 6.33103180 95.48446655 97.10369110
v 6.03503799 94.71749878 97.87066650
v 4.45735598 92.07425690 95.75813293
v 4.87450314 93.13155365 97.16017151
v 4.30415678 92.56226349 97.72944641
v 4.90479994 93.34995270 99.23821259
v 0.00000000 91.74462128 100.84290314
v 1.10733795 91.81262970 100.77549744
v 1.44331598 92.11875153 102.52709961
v 0.00000000 92.01963043 102.62619781
v 3.73489499 92.72398376 101.92189789
v 2.18202901 92.01438141 100.57379913
v -0.00000000 89.11032104 96.18138885
v 3.19154596 92.34396362 100.24420166
v 4.10523891 92.79116058 99.79638672
v 3.60265493 92.07205200 98.21967316
v 2.56103110 90.74643707 97.08593750
v 1.75095296 90.48197937 97.35040283
v 1.91481805 91.39025116 98.90146637
v 2.80070901 91.67946625 98.61224365
v 0.88857472 90.32009125 97.51229858
v 1.03498900 89.18689728 96.10481262
v 0.00000000 91.15363312 99.13807678
v 0.97173297 91.21321106 99.07850647
v -2.16973710 92.01125336 100.57689667
v -1.49564195 89.27220154 96.01950836
v -2.27312398 89.49681854 95.79489899
v -3.03408194 89.83566284 95.45604706
v -4.87604809 93.32615662 99.26200104
v -3.51341295 90.13031006 95.16139984
v -3.91274691 91.53460693 96.29778290
v -4.35312891 90.90656281 94.38514709
v -4.43154001 92.04337311 95.78901672
v -6.89289618 95.23271179 99.41313934
v -7.30134392 96.11041260 98.53545380
v -4.87990904 91.87563324 93.41607666
v -7.48838186 97.02784729 97.61799622
v -6.43208694 96.19119263 96.39697266
v -4.99382019 92.82158661 92.47013092
v -6.36205578 96.97126770 95.61688995
v -4.92539120 93.25434875 92.03736877
v -6.37972212 100.11129761 94.53462982
v -6.10421419 97.73135376 94.85681152
v -5.40131092 101.00229645 93.64353943
v -3.68664193 101.94129944 92.70455933
v -2.44141197 100.50309753 92.08500671
v -2.81145597 102.23950195 92.40632629
v -2.25029612 95.80309296 89.48863220
v -1.95909202 97.29371643 90.53867340
v -2.05714107 102.42279816 92.22300720
v -0.92634088 96.12019348 89.17153168
v -0.96608680 91.21251678 99.07920074
v -0.88341171 90.31945801 97.51293182
v 0.00000000 90.26589966 97.56717682
v -0.73007572 89.14821625 96.14350128
v -0.23346570 97.56345367 90.26963043
v -0.25531039 99.13400269 91.15770721
v -1.21664298 99.04428101 91.24742889
v -1.38642502 100.73650360 91.85163116
v -0.53925169 102.61250305 92.03336334
v -0.33915150 102.62079620 92.02504730
v -1.74108899 90.47947693 97.35291290
v -1.10090399 91.81183624 100.77629852
v -2.54736805 90.74095154 97.09143829
v -2.78576708 91.67344666 98.61826324
v -1.90403104 91.38749695 98.90421295
v -3.17451906 92.33709717 100.25109863
v -3.27844810 91.09615326 96.73623657
v -3.58526611 92.06189728 98.22981262
v -4.08558798 92.77976227 99.80840302
v -4.27892590 92.54138947 97.75032043
v -4.84627104 93.09776306 97.19394684
v -5.52256393 93.96016693 98.62798309
v -4.81951094 92.60742188 95.22496796
v -4.67325211 91.38873291 93.90297699
v -5.27055120 93.71459961 96.57711029
v -5.06520796 93.21011353 94.62227631
v -5.53924179 94.37368774 95.91802979
v -6.00605297 94.66309357 97.92505646
v -5.16137886 93.83363342 93.99875641
v -6.31224012 95.41414642 97.17400360
v -5.64441299 95.05555725 95.23615265
v -5.10518312 94.45958710 93.37280273
v -4.89828014 95.06951904 92.76287079
v -5.58295679 95.74011230 94.55159760
v -5.35668993 96.40711975 93.88459778
v -4.97229195 97.03688812 93.25482178
v -5.66617298 98.44901276 94.13915253
v -4.23889399 94.52092743 90.77079010
v -4.54677677 95.64539337 92.18698883
v -4.44110918 97.61083221 92.68087769
v -4.06105089 96.17022705 91.66216278
v -3.77882290 98.11200714 92.17970276
v -5.06086302 99.10304260 93.48512268
v -4.30615520 99.67415619 92.91398621
v -2.74782491 97.00673676 90.82565308
v -3.45544100 96.62851715 91.20387268
v -2.84601307 95.55275726 89.73895264
v -2.14243698 98.83947754 91.45223999
v -3.00498390 98.52562714 91.76608276
v -3.42432809 100.14550018 92.44265747
v -1.11252606 97.48100281 90.35138702
v -0.29092711 100.83830261 91.74928284
v 0.00000000 100.84290314 91.74462128
v 0.00000000 99.13807678 91.15363312
v 0.00000000 97.56717682 90.26589966
v -1.35383499 102.53910065 92.10674286
v -2.49115109 102.73110199 92.34290314
v -4.57118177 101.52729797 93.11850739
v -7.42572212 98.06746674 96.57837677
v -7.61262989 97.84169769 97.02442169
v -7.07928896 99.07417297 95.57169342
v -7.57830906 95.66458893 100.44059753
v -6.09542704 94.23296356 100.41290283
v -6.22074080 94.27794647 100.70680237
v -4.63066912 93.14380646 102.35340118
v -5.03252506 93.39076996 101.25509644
v -3.77445889 92.74017334 101.90570068
v -2.80990911 92.42408752 102.63739777
v -2.53867102 92.33267975 102.31320190
v 2.98486209 92.47384644 102.58580017
v 1.69906998 98.88986969 111.35099792
v 3.17758393 96.18347168 109.48809814
v 2.07654905 95.37272644 109.19490051
v 3.77231598 95.09483337 108.17160034
v 2.44878602 94.18473053 107.73799896
v 2.73109293 93.28375244 106.07039642
v 2.60656404 92.35021210 102.29560089
v -1.79541099 105.28649902 111.27230072
v -2.61039400 106.77829742 110.38770294
v -3.32951808 108.09459686 109.19509888
v -3.92637610 109.18720245 107.73829651
v -4.37904787 110.01580048 106.07070160
v -4.67091322 110.55000305 104.25370026
v -4.73564577 110.66850281 100.44110107
v -4.50613689 110.24839783 98.58558655
v -4.11115408 109.52539825 96.85543823
v -3.86342907 106.62180328 94.01798248
v -3.56520009 108.52610016 95.31420135
v -2.10538507 105.85389709 93.01584625
v -1.66508698 103.99199677 92.34290314
v -1.24512994 104.27919769 92.34313965
v -1.22340298 103.46360016 111.81639862
v -2.91630912 104.34960175 111.27230072
v -2.40187812 104.87339783 111.27230072
v -3.49214506 106.17769623 110.38760376
v -4.45416403 107.32849884 109.19490051
v -6.37760401 107.13819885 107.73799896
v -5.25260687 108.28369904 107.73799896
v -7.11284208 107.73059845 106.07039642
v -5.85815001 109.00810242 106.07039642
v -6.24855709 109.47519684 104.25330353
v -7.78226423 108.26989746 102.35340118
v -6.40948820 109.66770172 102.35340118
v -6.33503294 109.57859802 100.44059753
v -7.31898308 107.89659882 98.58500671
v -6.02792883 109.21119690 98.58500671
v -6.67731714 107.37969971 96.85485077
v -5.79043007 106.66510010 95.31363678
v -5.49945211 108.57900238 96.85485077
v -4.76901007 107.70520020 95.31363678
v -3.41908503 104.75460052 93.01545715
v -2.81596494 105.36879730 93.01545715
v -1.69036901 102.88400269 111.81639862
v -3.31866097 103.73549652 111.27230072
v -4.82507610 104.52320099 110.38760376
v -4.24008799 105.41609955 110.38760376
v -5.40815210 106.35710144 109.19490051
v -7.25749683 105.79519653 107.73799896
v -8.09417343 106.23269653 106.07039642
v -7.58686399 108.11250305 104.25330353
v -8.63359547 106.51480103 104.25330353
v -8.85595226 106.63110352 102.35340118
v -8.75307941 106.57730103 100.44059753
v -8.32875443 106.35540009 98.58500671
v -7.69186306 108.19709778 100.44059753
v -7.59856081 105.97360229 96.85485077
v -6.58931398 105.44580078 95.31363678
v -5.33807707 104.79149628 94.01798248
v -4.69089317 105.77929688 94.01798248
v -2.30064106 103.20310211 92.34290314
v -2.02171302 103.62879944 92.34290314
v -6.15429306 105.21829987 109.19490051
v -9.34852028 104.74369812 104.25330353
v -9.58929062 104.81439972 102.35340118
v -9.47789955 104.78170013 100.44059753
v -9.01843739 104.64679718 98.58500671
v -8.22777653 104.41480255 96.85485077
v -5.78010893 103.69640350 94.01798248
v -4.21298981 103.23650360 93.01545715
v -3.89080310 104.03459930 93.01545715
v -1.89997602 102.16979980 111.81639862
v -3.59347010 103.05460358 111.27230072
v -3.73017597 102.33329773 111.27230072
v -5.42338800 102.48459625 110.38760376
v -5.22462797 103.53340149 110.38760376
v -6.66391420 103.95580292 109.19490051
v -6.91742802 102.61810303 109.19490051
v -7.85847092 104.30639648 107.73799896
v -8.76443005 104.57230377 106.07039642
v -9.70416546 102.86710358 104.25330353
v -9.95409393 102.88939667 102.35340118
v -9.36152363 102.83650208 98.58500671
v -8.54078484 102.76319885 96.85485077
v -7.40639114 102.66179657 95.31363678
v -7.13495684 104.09400177 95.31363678
v -6.00000095 102.53610229 94.01798248
v -3.72352409 101.59919739 111.27230072
v -9.08162975 101.02230072 106.07039642
v -8.15742970 102.72889709 107.73799896
v -9.09785366 102.81289673 106.07039642
v -9.83846474 102.87909698 100.44059753
v -8.52555466 101.08219910 96.85485077
v -7.39318323 101.20410156 95.31363678
v -4.37326384 102.39080048 93.01545715
v -3.57377005 100.88040161 111.27230072
v -5.19598484 100.37220001 110.38760376
v -5.41371584 101.41719818 110.38760376
v -6.62738085 99.92378235 109.19490051
v -6.90509176 101.25669861 109.19490051
v -8.14288235 101.12339783 107.73799896
v -9.29726982 99.08735657 104.25330353
v -9.68685913 100.95719910 104.25330353
v -9.93634319 100.93029785 102.35340118
v -9.53671932 99.01233673 102.35340118
v -9.42593956 99.04705048 100.44059753
v -9.82091999 100.94280243 100.44059753
v -9.34482956 100.99400330 98.58500671
v -8.18267059 99.43654633 96.85485077
v -7.09584093 99.77702332 95.31363678
v -5.98930120 101.35520172 94.01798248
v -1.82031000 101.42970276 111.81639862
v -3.28666902 100.20469666 111.27230072
v -6.09496689 98.67070007 109.19490051
v -7.18753576 98.07389832 107.73799896
v -7.81538916 99.55161285 107.73799896
v -8.01614666 97.62127686 106.07039642
v -8.71638203 99.26934052 106.07039642
v -8.77058220 97.20918274 102.35340118
v -8.24846554 97.49437714 98.58500671
v -8.96899605 99.19020081 98.58500671
v -1.46350098 100.77649689 111.81639862
v -4.17749214 98.50763702 110.38760376
v -4.77856302 99.38977051 110.38760376
v -8.55036831 97.32946777 104.25330353
v -7.66737509 95.59013367 102.35340118
v -8.66870117 97.26483154 100.44059753
v -2.87325597 99.59797668 111.27230072
v -4.35688019 96.59162903 109.19490051
v -5.32831192 97.54557037 109.19490051
v -6.28345203 96.74707794 107.73799896
v -5.73020077 94.88687134 106.07039642
v -7.00783587 96.14150238 106.07039642
v -6.11208010 94.41282654 104.25330353
v -7.47486115 95.75106812 104.25330353
v -6.26949596 94.21742249 102.35340118
v -1.19668305 100.51450348 111.81639862
v -1.73528695 98.68125153 111.27230072
v -2.34941792 99.08357239 111.27230072
v -2.52297306 97.17479706 110.38760376
v -3.21800399 95.84554291 109.19490051
v -3.41587210 97.75974274 110.38760376
v -5.13788319 95.62213898 107.73799896
v -4.23234415 93.90561676 106.07039642
v -4.51440096 93.36618042 104.25330353
v -1.05446601 98.40647888 111.27230072
v -1.53311205 96.77529144 110.38760376
v -1.95545495 95.33599091 109.19490051
v -3.79485607 94.74230957 107.73799896
v -2.57183003 93.23544312 106.07039642
v -2.74322510 92.65133667 104.25330353
v -0.72849149 93.84253693 107.73799896
v -2.30598497 94.14141083 107.73799896
v -0.86662108 92.29579163 104.25330353
v -0.16967550 100.09999847 111.81639862
v -0.33311981 98.26981354 111.27230072
v -0.48433039 96.57659149 110.38760376
v 0.74368811 95.09494781 109.19490051
v -0.61775428 95.08254242 109.19490051
v 0.87699991 93.85716248 107.73799896
v -0.81247509 92.90210724 106.07039642
v 0.57035547 100.17970276 111.81639862
v 1.11976504 98.42627716 111.27230072
v 0.20426510 100.10340118 111.81639862
v 0.40102881 98.27649689 111.27230072
v 1.62805200 96.80409241 110.38760376
v 0.58306479 96.58631134 110.38760376
v 0.97810417 92.91841888 106.07039642
v 2.91310191 92.70287323 104.25330353
v 1.04328799 92.31318665 104.25330353
v -1.26381695 92.09546661 102.55039978
v -0.91449672 103.67400360 111.81639862
v -1.48543000 103.19680023 111.81639862
v -1.83034396 102.53720093 111.81639862
v 0.00000000 102.00000000 112.00000000
v -1.89658797 101.79579926 111.81639862
v -1.67407501 101.08560181 111.81639862
v -0.88387340 100.30960083 111.81639862
v -0.53709519 100.16960144 111.81639862
v 7.49251795 97.08611298 97.55975342
v 7.40081120 96.03865814 98.88706207
v 7.31882000 96.16428375 98.48158264
v 0.86366469 100.41909790 111.83640289
v 2.47888207 97.46244049 110.55950165
v 5.86678982 94.98296356 106.04250336
v 4.57606506 93.62357330 104.98249817
v 4.24361610 94.23210907 106.65309906
v 6.25440884 94.51934814 104.21859741
v 6.41112423 94.33190918 102.31279755
v 6.34920502 94.40596008 100.57939911
v 6.31772518 94.46492767 100.18090057
v 8.20027256 99.59420013 96.80696106
v 9.00192070 99.35900879 98.53724670
v 7.57939196 98.03740692 96.81822968
v 7.09588099 99.91821289 95.26838684
v 6.91019392 99.38437653 95.26146698
v 5.94736290 101.46920013 93.97833252
v 3.02418399 102.17600250 92.46987152
v 2.18659401 102.39579773 92.25002289
v 1.42402506 102.52980042 92.11609650
v 0.58195472 102.61019897 92.03560638
v -2.73566699 110.72779846 106.04250336
v -2.91641212 111.30439758 104.21859741
v -4.79125214 110.77030182 102.35389709
v -2.95219493 111.41860199 100.39540100
v -2.80591106 110.95189667 98.53724670
v -2.88832498 107.28700256 94.01847839
v -1.78589797 107.69770050 93.97833252
v -1.29406798 106.12860107 92.98444366
v -0.75446230 104.40699768 92.32337189
v 1.48943698 100.80030060 111.81539917
v 2.92388701 99.64481354 111.26840210
v 2.40821290 99.11962891 111.26840210
v 5.41997385 97.63421631 109.18080139
v 3.50076604 97.81286621 110.37930298
v 4.46407604 96.66069031 109.18080139
v 6.38945913 96.85330200 107.71720123
v 5.26257706 95.70564270 107.71720123
v 7.12305403 96.26239014 106.04250336
v 1.69488204 101.11389923 111.81539917
v 3.32718992 100.26049805 111.26840210
v 4.83666277 99.47133636 110.37930298
v 6.16757202 98.77552795 109.18080139
v 4.25039005 98.57631683 110.37930298
v 7.27078295 98.19876099 107.71720123
v 8.10556507 97.76232910 106.04250336
v 8.85761642 97.36914825 102.31279755
v 7.59367418 95.88330841 104.21859741
v 7.78394604 95.73004150 102.31279755
v 7.68684387 95.80825806 100.39540100
v 1.83518803 101.46160126 111.81539917
v 3.60262299 100.94309998 111.26840210
v 5.23705387 100.46350098 110.37930298
v 7.87267590 99.69030762 107.71720123
v 8.77656460 99.42513275 106.04250336
v 9.59087181 99.18621826 102.31279755
v 8.64109993 97.48235321 104.21859741
v 8.74712086 97.42691803 100.39540100
v 9.47122955 99.22132111 100.39540100
v 8.31369209 97.65351868 98.53724670
v 3.73960090 101.66619873 111.26840210
v 6.67814016 100.04080200 109.18080139
v 9.71217918 101.13320160 104.21859741
v 9.35643196 99.25499725 104.21859741
v 9.34418869 101.16600037 98.53724670
v 8.51206017 101.24030304 96.80696106
v 5.43617487 101.51480103 110.37930298
v 6.91955519 102.74559784 109.18080139
v 6.93205404 101.38130188 109.18080139
v 8.17200947 101.27059937 107.71720123
v 9.09383774 102.97989655 106.04250336
v 9.11026382 101.18689728 106.04250336
v 9.69466782 103.04460144 104.21859741
v 9.93758297 103.07080078 102.31279755
v 9.95553303 101.11139679 102.31279755
v 9.83134079 101.12249756 100.39540100
v 9.32734108 103.00499725 98.53724670
v 7.36567688 101.34259796 95.26838684
v 3.73285890 102.40219879 111.26840210
v 3.58265495 103.12280273 111.26840210
v 5.42637396 102.58470154 110.37930298
v 6.64112616 104.08129883 109.18080139
v 8.15727520 102.87899780 107.71720123
v 8.72791958 104.73519897 106.04250336
v 9.81361580 103.05740356 100.39540100
v 8.15482140 104.55560303 96.80696106
v 8.49671364 102.91549683 96.80696106
v 5.69776106 103.78559875 93.97833252
v 7.35239697 102.79219818 95.26838684
v 5.93663979 102.63970184 93.97833252
v 4.12861681 103.29389954 92.98444366
v 4.30171013 102.46350098 92.98444366
v 1.67836404 102.91699982 111.81539917
v 3.29476404 103.80020142 111.26840210
v 5.20802689 103.63210297 110.37930298
v 7.19992399 105.93379974 107.71720123
v 7.82904100 104.45349884 107.71720123
v 9.30457306 104.91590118 104.21859741
v 9.53771400 104.98899841 102.31279755
v 9.41873455 104.95169830 100.39540100
v 8.23266983 106.49810028 98.53724670
v 8.95202732 104.80549622 98.53724670
v 6.48950815 105.54570007 95.26838684
v 7.05655098 104.21140289 95.26838684
v 3.79685402 104.07450104 92.98444366
v 2.21362591 103.20939636 92.32337189
v 2.40704989 102.75430298 92.32337189
v 4.18695402 105.50099945 110.37930298
v 4.78952599 104.61679840 110.37930298
v 6.10746479 105.33689880 109.18080139
v 8.02657032 106.38549805 106.04250336
v 7.01674604 107.86710358 106.04250336
v 7.48034191 108.25479889 104.21859741
v 8.55688667 106.67520142 104.21859741
v 8.77129269 106.79239655 102.31279755
v 8.66187382 106.73259735 100.39540100
v 7.19691515 108.01779938 98.53724670
v 7.49952507 106.09750366 96.80696106
v 6.55600786 107.48190308 96.80696106
v 5.67306089 106.74359894 95.26838684
v 5.23990583 104.86289978 93.97833252
v 2.35504103 104.92400360 111.26840210
v 2.88024902 104.40840149 111.26840210
v 3.42347002 106.25060272 110.37930298
v 5.33908319 106.46430206 109.18080139
v 6.29409885 107.26290131 107.71720123
v 5.73725414 109.12329865 106.04250336
v 6.11631393 109.59400177 104.21859741
v 6.19135714 109.68720245 100.39540100
v 7.66777420 108.41149902 102.31279755
v 7.57212114 108.33149719 100.39540100
v 5.88457012 109.30619812 98.53724670
v 4.58067179 105.83020020 93.97833252
v 3.31917095 104.77539825 92.98444366
v 1.93513000 103.61810303 92.32337189
v 2.52841592 106.83679962 110.37930298
v 4.36550999 107.42019653 109.18080139
v 3.80087709 109.27100372 107.71720123
v 5.14638090 108.38970184 107.71720123
v 6.26956797 109.78430176 102.31279755
v 4.57264805 110.74739838 100.39540100
v 3.95903802 109.57350159 96.80696106
v 5.36053085 108.65560150 96.80696106
v 4.63858795 107.75920105 95.26838684
v 3.74539399 106.65029907 93.97833252
v 2.00437903 105.83429718 92.98444366
v 2.71392608 105.36959839 92.98444366
v 1.58226204 103.96450043 92.32337189
v 1.16858494 104.23549652 92.32337189
v 0.88601691 103.69490051 111.81539917
v 1.05676103 105.60269928 111.26840210
v 1.73932302 105.32730103 111.26840210
v 3.22416306 108.16770172 109.18080139
v 4.23726797 110.10579681 106.04250336
v 4.51722479 110.64129639 104.21859741
v 2.81329894 111.59100342 102.31279755
v 4.63041115 110.85780334 102.31279755
v 4.34606886 110.31390381 98.53724670
v 2.40539289 110.20040131 96.80696106
v 3.42584491 108.55349731 95.26838684
v 2.76617408 107.29160309 93.97833252
v 0.70999712 104.42050171 92.32337189
v 1.53619003 107.23709869 110.37930298
v 1.95890403 108.67819977 109.18080139
v 2.30929899 109.87280273 107.71720123
v 2.57443690 110.77670288 106.04250336
v 0.86635792 111.71219635 104.21859741
v 2.74452996 111.35659790 104.21859741
v 0.88806587 111.95559692 102.31279755
v 2.77820396 111.47139740 100.39540100
v 2.64054108 111.00209808 98.53724670
v 0.75930339 110.51210022 96.80696106
v 0.65704232 109.36569977 95.26838684
v 2.08143997 109.09600067 95.26838684
v 1.68064404 107.72959900 93.97833252
v 0.38441959 106.30950165 92.98444366
v 1.21780002 106.15170288 92.98444366
v 0.22412270 104.51249695 92.32337189
v -0.40241170 105.73280334 111.26840210
v 0.33358449 105.73960114 111.26840210
v 0.48492450 107.43620300 110.37930298
v 0.61836171 108.93209839 109.18080139
v 0.72896969 110.17199707 107.71720123
v -0.98033911 111.09380341 106.04250336
v 0.81266510 111.11029816 106.04250336
v -1.04510999 111.69460297 104.21859741
v 0.87698752 111.83139801 100.39540100
v 0.83353192 111.34420013 98.53724670
v -0.63998502 107.93659973 93.97833252
v 0.53052408 107.94740295 93.97833252
v -0.46373531 106.30169678 92.98444366
v -0.57203060 103.82499695 111.81539917
v -0.20498981 103.90149689 111.81539917
v -1.12294304 105.58260345 111.26840210
v -1.63239706 107.20790100 110.37930298
v -0.58497697 107.42630005 110.37930298
v -2.08158493 108.64099884 109.18080139
v -0.74594581 108.91950226 109.18080139
v -2.45392394 109.82890320 107.71720123
v -0.87937510 110.15720367 107.71720123
v -2.98948789 111.53759766 102.31279755
v -1.07129705 111.93750000 102.31279755
v -1.05793297 111.81359863 100.39540100
v -1.00551105 111.32730103 98.53724670
v -2.55603600 110.15470123 96.80696106
v -0.91596752 110.49669647 96.80696106
v -2.21179605 109.05639648 95.26838684
v -0.79260719 109.35240173 95.26838684
v 0.00002824 102.62619781 92.01962280
v -0.27036509 104.50789642 92.32337189
v 4.78579617 93.23966217 101.40619659
v 4.75878382 93.28910065 103.21420288
v 1.22675204 100.53269958 111.81539917
v 1.90496504 101.83000183 111.81539917
v 1.90153003 102.20490265 111.81539917
v 1.82501602 102.57189941 111.81539917
v 1.46720803 103.22679901 111.81539917
v 1.19966495 103.48950195 111.81539917
v 0.53831732 103.83519745 111.81539917
v 0.16992910 103.90499878 111.81539917
v 15.00000000 -25.00000000 -18.00000000
v -15.00000000 -25.00000000 -18.00000000
v 15.00000000 25.00000000 -18.00000000
v -15.00000000 25.00000000 -18.00000000
v -15.00000000 25.00000000 2.00000000
v 4.55384111 1.11056697 4.69079399
v 4.55384016 -1.11056197 4.69079113
v 4.91227007 -1.91720104 4.55348396
v 5.28761911 -1.11056101 3.80782604
v 6.16559410 -0.97731578 3.06416202
v 6.16716385 0.99440628 3.06653905
v 6.88581610 -1.08042002 2.67651010
v 6.12135220 0.00000552 2.99735308
v 6.88581800 1.08042395 2.67650890
v 7.15357924 0.00000725 2.45024705
v 8.27225876 0.00000913 2.11354089
v 8.12239075 -0.55611259 2.17158103
v 4.00537491 1.11007500 5.69827509
v 5.28761911 1.11056900 3.80783010
v 4.46803284 0.00000273 4.63260698
v 5.21471310 0.00000399 3.73411703
v 0.45739689 3.16645098 10.42103958
v 1.19595802 4.11948681 10.98530006
v 0.90311682 2.90031099 10.14472008
v 0.31256869 0.66575390 9.56671047
v 0.65718102 0.00000000 9.43878078
v 0.71965349 -1.49755096 9.61810303
v 0.59509170 -4.21248913 11.23330021
v 2.56850505 3.64005399 9.70681286
v 2.32195306 2.19347596 8.83124447
v 1.60571802 2.71263599 9.69315338
v 2.32195306 -2.19347596 8.83124447
v 1.60571802 -2.71263599 9.69315338
v 2.56850505 -3.64005399 9.70681286
v 3.46397901 3.05951095 8.15869713
v 3.05025101 3.36171007 8.96456146
v 3.03545594 1.89340198 7.84329081
v 3.81133604 2.74610209 7.32293797
v 3.24094605 0.00000000 6.98046207
v 0.36165050 1.96447504 9.85624027
v -0.00000000 1.98167396 9.89304924
v -0.00000000 0.67178679 9.59407616
v -0.00000000 -0.67178679 9.59407616
v 0.31256869 -0.66575402 9.56671047
v 0.36165050 -1.96447504 9.85624027
v 0.45739689 -3.16645098 10.42103958
v 0.00000000 -3.19219303 10.47599983
v 1.34972095 1.39450502 9.28250027
v 0.71965349 1.49755096 9.61810303
v 1.26280200 0.00000000 9.14307022
v 1.34972095 -1.39450502 9.28250027
v 0.90311682 -2.90031099 10.14472008
v 2.06593704 0.74657029 8.56593323
v 2.81619096 0.64088309 7.68190479
v 2.81619096 -0.64088309 7.68190479
v 2.06593704 -0.74657029 8.56593323
v 3.03545594 -1.89340198 7.84329081
v 4.28817081 2.18181992 5.81818819
v 3.91001010 0.00000179 5.65783882
v 3.38557696 1.41277301 7.06730080
v 4.00537300 -1.11007202 5.69827318
v 3.38557696 -1.41277301 7.06730080
v -4.28816986 -2.18182206 5.81819201
v -0.48494449 1.52598906 9.69490242
v -0.43901271 0.00000000 9.50302601
v -0.00000000 -1.98167396 9.89304924
v -0.61971903 -2.95162106 10.25790977
v -0.83447278 -4.18313599 11.15503025
v -3.15405893 -0.00000000 7.12230396
v -3.30436707 -1.44761002 7.21624279
v -3.30436707 1.44761002 7.21624279
v -2.83020592 1.98596394 8.16069603
v -3.40983105 3.10302210 8.27468586
v -2.83020592 -1.98596394 8.16069603
v -3.40983105 -3.10302210 8.27468586
v -2.94826698 3.42661500 9.13760757
v -2.24599600 -2.22207999 8.91878223
v -1.69004905 2.68526101 9.62276554
v -2.24599600 2.22207999 8.91878223
v -1.42978501 1.37959397 9.22701168
v -1.42978501 -1.37959397 9.22701168
v -1.69004905 -2.68526101 9.62276554
v -0.00000000 3.19219303 10.47599983
v -1.98823094 0.75674373 8.64130878
v -2.59701705 0.67329222 7.97147322
v -2.59701705 -0.67329222 7.97147322
v -1.98823094 -0.75674373 8.64130878
v -2.10829806 3.84703207 10.25874996
v -0.85819972 0.00000001 9.35913944
v -1.34145200 0.00000000 9.09269333
v -1.14853001 -2.84364009 10.01434994
v -2.10829806 -3.84703207 10.25874996
v -0.83447278 4.18313599 11.15503025
v -1.49496496 4.04856014 10.79615974
v -0.61971903 2.95162106 10.25790977
v -1.14853001 2.84364009 10.01434994
v -0.93189973 1.46627796 9.52546501
v -0.48494449 -1.52598906 9.69490242
v -0.93189973 -1.46627796 9.52546501
v -4.28817320 2.18181801 5.81818199
v -3.95245600 0.74243063 5.67584801
v -3.95245600 -0.74243063 5.67584801
v -5.79498005 -1.54294205 3.48591089
v -5.21471882 -0.00003186 3.73411989
v -6.16714096 -0.99443680 3.06655598
v -6.16562414 0.97729379 3.06414700
v -6.88581514 1.08042002 2.67651010
v -7.15358019 -0.00010879 2.45024300
v -6.12135601 -0.00006459 2.99735308
v -8.27225876 -0.00016278 2.11353302
v -8.12238979 -0.55612421 2.17158103
v -4.91227293 -1.91720796 4.55348778
v -4.55384016 -1.11057496 4.69080687
v -5.28760719 -1.11059499 3.80784893
v -4.46804190 -0.00001184 4.63261318
v -4.55385923 1.11055100 4.69078922
v -5.28764200 1.11053097 3.80781198
v -0.00000051 -23.55635071 2.00000000
v 3.22108293 -22.87443924 2.00000000
v -1.16858602 -23.46832085 2.00000000
v -2.91412997 -23.00049973 2.00000000
v -5.32210493 -21.61433983 2.00000000
v -6.08597803 -20.95845985 2.00000000
v -8.74510860 -17.43643951 2.00000000
v 10.40832996 -13.03322029 2.00000000
v 15.00000000 -25.00000000 2.00000000
v 10.95431042 -6.58356905 2.00000000
v -10.94626999 -9.53573132 2.00000000
v -15.00000000 -25.00000000 2.00000000
v -10.93721008 6.34022093 2.00000000
v 10.40832996 13.03322029 2.00000000
v -8.67376041 17.56722069 2.00000000
v 5.33022118 21.60799026 2.00000000
v 4.43989801 22.23287010 2.00000000
v 1.88902104 23.32525063 2.00000000
v 15.00000000 25.00000000 2.00000000
v -1.16858602 23.46832085 2.00000000
v -0.00000059 23.55635071 2.00000000
v -10.18095970 -2.10964799 2.00000000
v -10.46273994 3.19766688 2.00000000
v 10.70843029 4.44202709 2.00000000
v 9.43398094 0.00000043 2.00000000
v 9.58860302 -0.37652409 2.00000000
v 8.65095043 -2.33127189 2.19837594
v 6.10252094 -3.10106111 3.70755005
v 6.82467079 -4.23503923 3.33780098
v 5.20066500 -4.58765078 5.46591902
v 9.46681976 -6.67973804 2.18810391
v 9.65636158 -8.18908596 2.15218401
v 8.38175678 -8.17741776 2.60101390
v 8.07259941 -6.76987600 2.74062300
v 6.28878403 -8.15825844 4.28364897
v 5.90231085 -6.91019011 4.77965117
v 5.26232290 -6.95156622 6.13830996
v 5.13946199 -8.14773655 6.71081114
v 7.42473698 -13.65536022 2.64399695
v 8.67485523 -14.06116962 2.16321993
v 6.31455994 -13.29496956 3.41617393
v 4.80986977 -11.67957973 6.31926012
v 4.57843685 -11.62362003 7.84073210
v 4.30235910 -12.64177990 8.39384270
v 8.13901043 -15.36456013 2.17539501
v 3.97610402 -13.62327957 8.75338840
v 5.79136086 -17.17448997 2.62739801
v 4.03182602 -16.00535965 4.37838507
v 3.44765711 -15.61721039 5.56815100
v 3.10555100 -15.38988972 6.88676977
v 3.59799600 -14.55766010 9.11016369
v 8.01617718 -18.65278053 2.00000000
v 2.76796508 -16.21542931 9.94734001
v 7.14972687 -19.82213020 2.00000000
v 6.13985682 -20.90752029 2.00000000
v 5.11122990 -19.88221931 2.17828393
v 5.33023596 -21.60798073 2.00000000
v 1.55581903 -21.97364998 2.16372108
v 1.24080098 -20.69581032 2.64595008
v 2.04854798 -20.16715050 2.77546501
v 0.73215312 -18.63253021 4.44471502
v 0.96115851 -19.56147003 3.42036891
v 1.55923104 -19.03735924 3.69708705
v 0.56628221 -17.95969009 5.66308689
v 0.47259820 -17.57966995 7.00899315
v 1.11199999 -18.00473976 10.79959011
v 0.00000006 -22.15567970 2.16578102
v 0.00000003 -18.01306915 5.70390081
v 0.27715370 -18.00029945 5.69348288
v 0.00000002 -17.63022041 7.06139517
v 0.23010890 -17.61812973 7.04802799
v 0.00000001 -17.85000992 9.85410309
v 0.25602400 -17.82864952 9.83692932
v 0.32755631 -18.40973091 11.11765957
v 5.18733311 -3.37750697 4.91855192
v 5.79497910 -1.54293299 3.48590899
v 7.28308201 -2.74445605 2.78038812
v 10.51543999 -3.43368292 2.00000000
v 5.93881607 -5.67564678 4.53945398
v 5.89416313 -4.43707514 4.30716276
v 7.94446802 -3.99190402 2.60754895
v 6.88828897 -5.54375315 3.47744203
v 9.19612312 -3.72013903 2.15385890
v 8.05980396 -5.38101482 2.67255712
v 9.38675213 -5.19668579 2.17056298
v 5.26536417 -5.76919699 5.79821491
v 6.85906601 -6.84833384 3.62291193
v 5.57658720 -8.15173817 5.43209791
v 5.39332104 -9.35937691 5.72089386
v 7.23992300 -8.16696453 3.32372308
v 7.03285789 -9.49596119 3.44473600
v 10.92444992 -9.82015514 2.00000000
v 5.01537514 -9.32789135 7.08318710
v 5.13713789 -10.53853989 6.01676989
v 6.07850218 -9.41645718 4.48519707
v 8.20337963 -9.59347153 2.65730405
v 6.73231077 -10.79376984 3.57061911
v 9.52504730 -9.70357609 2.16664004
v 9.28145885 -11.20162964 2.18178201
v 4.87671518 -10.49687004 8.93632603
v 4.73106003 -11.66051960 9.37269497
v 4.82815599 -10.48910046 7.46019411
v 5.78494120 -10.64218998 4.69351816
v 5.41011190 -11.82470989 4.90851021
v 6.33962202 -12.04944992 3.70141792
v 7.92184401 -10.98408985 2.71611500
v 7.53716516 -12.33899975 2.77750301
v 8.92385197 -12.67428970 2.19763088
v 6.88811588 -14.84132957 2.69131303
v 4.28493595 -13.75245953 5.89269400
v 5.40472603 -12.99962997 4.43773794
v 4.74473286 -12.78538036 5.65311098
v 3.96981192 -13.62065029 7.30265617
v 4.37049103 -12.66390038 6.99617004
v 8.81123638 -17.31259918 2.00000000
v 9.46757603 -15.92026997 2.00000000
v 7.49373722 -16.61636925 2.18799305
v 6.25879812 -15.96376038 2.74018598
v 5.18380308 -15.39568043 3.62197709
v 5.78802586 -14.38117981 3.51759410
v 4.33611488 -14.94771957 4.77811003
v 4.90305281 -14.01101017 4.60592985
v 3.76885295 -14.64795017 6.13613796
v 3.51756501 -14.51515961 7.61096191
v 6.04872704 -18.93685913 2.16866112
v 6.87349701 -17.89352036 2.15895510
v 5.02260780 -18.08568001 2.66516209
v 4.82710695 -16.53379059 3.38051009
v 2.85162592 -16.28483009 5.76077986
v 3.02363396 -15.33545971 8.26437283
v 3.20624900 -15.45680046 9.62796783
v 4.17377996 -18.88936043 2.70254207
v 2.69258809 -17.32062912 4.64565086
v 4.11530399 -17.33305931 3.46159005
v 3.37782311 -16.72130966 4.51316977
v 2.02899289 -16.61780930 8.83673191
v 2.56629801 -16.04813957 7.13428116
v 2.53787804 -16.02457047 8.55645275
v 4.40422392 -20.45714951 2.18462992
v 3.55172300 -19.36422920 2.72715807
v 3.35127306 -18.01823997 3.54161906
v 2.23687005 -16.83797073 5.94902611
v 1.63373196 -16.90534019 7.52963114
v 2.01120090 -16.59897041 7.37428617
v 1.67572403 -16.95916939 9.01654243
v 1.94154406 -17.29995918 10.44089031
v 2.28918791 -16.89337921 10.24944973
v 2.90219688 -19.76819038 2.75016093
v 2.25624490 -18.73283005 3.64323807
v 1.74900401 -17.91980934 4.81306505
v 2.80759501 -18.41024971 3.59419489
v 2.21763492 -17.65390968 4.73238087
v 1.81815195 -17.14176941 6.07166815
v 1.32610703 -17.24197006 9.18119431
v 2.65037704 -17.59346008 11.59755039
v 2.61490202 -21.47481918 2.19710302
v 4.43989801 -22.23287010 2.00000000
v 3.64582705 -20.96010017 2.19056702
v 1.17910004 -18.15966988 4.90141487
v 0.93313038 -17.59174919 6.30932617
v 0.83748257 -17.37089920 7.82831621
v 1.41269398 -17.38075066 6.18533421
v 0.89844072 -17.51165009 9.35858631
v 1.26867902 -17.14991951 7.67287397
v 1.46413195 -18.81777954 12.05667019
v 1.58132994 -17.65105057 10.61448002
v 0.95409697 -23.49772072 2.00000000
v 0.78303403 -22.10975075 2.16525507
v 1.88902104 -23.32525063 2.00000000
v 0.62158090 -20.79820061 2.65191507
v 0.47843340 -19.63536072 3.43317294
v 0.36147690 -18.68527985 4.46599293
v 0.22293390 -17.55985069 8.45501041
v 0.45621371 -17.51321030 8.40898132
v 0.51802272 -17.76392937 9.78665066
v 0.65465230 -18.31815910 11.06682014
v -5.08917904 -3.58261204 5.18856382
v -9.43398094 -0.00001211 2.00000000
v -8.94214535 -2.46801496 2.14022899
v -2.05869508 -23.28146935 2.00000000
v -1.35491395 -20.66942024 2.64444804
v -1.84236395 -20.24204063 2.78058600
v -0.56752652 -17.74707985 9.77395344
v -0.71507138 -18.29467964 11.05395031
v -6.19719219 -16.06176949 2.74468303
v -4.33034277 -17.10923958 3.43778992
v -3.57393003 -16.52231026 4.47366381
v -3.47420406 -14.59265041 7.63890791
v -2.90106106 -16.00019073 9.85498524
v -4.13871813 -13.15880013 8.58151627
v -4.14149284 -14.33891964 10.37709045
v -9.73609257 -15.23995972 2.00000000
v -10.54716015 -12.41755962 2.00000000
v -9.07559299 -12.10939026 2.19142795
v -7.69792414 -11.82087994 2.75349689
v -6.50206280 -11.57044029 3.65034008
v -4.51230001 -13.29769993 5.77747583
v -4.68222380 -11.18933010 7.69348192
v -4.42549706 -13.26541996 9.97453403
v -9.67529869 -7.68148613 2.14750791
v -8.07881546 -6.07618380 2.70621395
v -8.41821194 -7.70085382 2.58278108
v -7.28794289 -7.71826887 3.28441501
v -6.88506699 -6.19726276 3.54946899
v -6.34006500 -7.73287296 4.21791315
v -5.27215099 -6.36085701 5.96739006
v -5.93050194 -6.29408216 4.65861702
v -4.94933987 -6.39358807 7.39761114
v -6.88581514 -1.08043003 2.67651105
v -6.69343805 -3.11852694 3.22303700
v 0.00000006 -20.83241081 2.65396190
v 0.00000005 -19.65966034 3.43756509
v 0.00000004 -18.70224953 4.47328997
v -0.27468780 -17.55215073 8.44712353
v 0.00000001 -17.57485008 8.47075558
v -0.31482601 -17.81780052 9.82832241
v -0.40191850 -18.39421082 11.10896969
v -0.53117532 -19.24968910 12.21862984
v 0.00000000 -18.44050980 11.13498974
v -0.95981938 -22.08662033 2.16499090
v -1.69695699 -21.93889999 2.16333508
v -0.76253468 -20.78091049 2.65089011
v -1.05118799 -19.54216003 3.41714692
v -0.58758152 -19.62299919 3.43097401
v -0.80231649 -18.61849022 4.43936014
v -0.44458181 -18.67657089 4.46234083
v -0.62184882 -17.94869041 5.65543318
v -0.34140021 -17.99367905 5.68826818
v -0.51961082 -17.56924057 6.99915695
v -0.28371131 -17.61186981 7.04133415
v -0.50116861 -17.50079918 8.39737320
v -3.68596506 -20.93623924 2.19027591
v -2.35991907 -21.57410049 2.19842601
v -2.28459501 -18.71803093 3.64083695
v -1.39569998 -19.09243965 3.70797396
v -1.77274299 -17.90781975 4.80912018
v -1.04946899 -18.20132065 4.91925097
v -1.43301797 -17.37008095 6.17978477
v -0.82657278 -17.62764931 6.33429909
v -0.74175447 -17.40933990 7.85952091
v -0.80062401 -17.56085968 9.39403439
v -1.60006905 -17.63450050 10.60608959
v -0.99928749 -18.07217026 10.83633995
v -4.48659992 -22.20355034 2.00000000
v -3.55896091 -19.35920906 2.72688603
v -2.93611002 -19.74930000 2.74903393
v -2.81383610 -18.40616989 3.59361410
v -1.82285798 -17.13867950 6.07031679
v -1.63797200 -16.90220070 7.52792406
v -1.28696704 -17.13890076 7.66589785
v -1.34385300 -17.22893906 9.17320156
v -4.41255617 -20.45099068 2.18456006
v -4.15622807 -18.90401077 2.70326996
v -2.22301888 -17.65049934 4.73142385
v -2.67885709 -17.33118057 4.64822006
v -2.00019693 -16.60866928 7.37890720
v -1.67973304 -16.95561028 9.01457310
v -2.01878905 -16.62845993 8.84209919
v -1.94557405 -17.29562950 10.43881035
v -7.40913677 -19.49822998 2.00000000
v -6.30244493 -18.63949966 2.16580701
v -5.09152222 -19.89974022 2.17847109
v -5.25691795 -17.82822037 2.65406609
v -3.33573508 -18.03050995 3.54317498
v -3.02948594 -16.09984970 5.70443487
v -2.22467089 -16.84765053 5.95266485
v -2.72710204 -15.86520958 7.06208086
v -2.68349004 -15.83137035 8.47156429
v -2.27934098 -16.90584946 10.25518990
v -8.40875816 -14.74643993 2.16950893
v -7.42968082 -16.72673035 2.18915296
v -7.15642214 -14.28081036 2.66845894
v -6.04984522 -13.86937046 3.46865606
v -5.12535000 -15.48348999 3.63156199
v -5.15155220 -13.53538036 4.52488899
v -4.28173494 -15.02832985 4.79387283
v -3.71953702 -14.72500992 6.15833187
v -4.16820812 -13.16975975 7.15564203
v -3.56120300 -14.63959026 9.14225197
v -9.55624390 -9.43822289 2.16404891
v -5.56431580 -11.37405968 4.82473087
v -5.43088102 -9.14883423 5.66958714
v -4.94452000 -11.24425983 6.20173407
v -5.04179096 -9.12154007 7.01734400
v -4.97557592 -9.11689568 8.41883564
v -5.16665316 -7.75095320 6.58775616
v -5.62118578 -7.74394894 5.33737516
v -6.12156820 -9.19728565 4.44926405
v -7.07608318 -9.26424313 3.42310500
v -8.24223137 -9.34604645 2.64722395
v -10.88856030 -5.79119921 2.00000000
v -6.85552788 -4.65656805 3.38214493
v -9.44042873 -5.93807888 2.17922997
v -4.82641697 -5.04481602 6.89181280
v -5.22907400 -4.96777582 5.57205677
v -5.91762018 -4.83602905 4.38110924
v -5.78865385 -3.38026595 4.11500216
v -7.99304295 -4.43891478 2.62815905
v -7.76124001 -2.80962992 2.55435991
v -9.26981926 -4.19461393 2.15914989
v 5.09737778 3.64266801 5.20500803
v 0.93313032 17.59174919 6.30932617
v 0.56628221 17.95969009 5.66308689
v 0.83748251 17.37089920 7.82831621
v 3.64582705 20.96010017 2.19056702
v 6.13983202 20.90755081 2.00000000
v 5.11120701 19.88223076 2.17828393
v 2.76796103 16.21544075 9.94734287
v 2.65037608 17.59346962 11.59755039
v 6.04871798 18.93687057 2.16866112
v 7.14971924 19.82213974 2.00000000
v 8.01617718 18.65278053 2.00000000
v 6.87349701 17.89352036 2.15895510
v 5.79136086 17.17448997 2.62739801
v 5.18380117 15.39568043 3.62197709
v 4.03182602 16.00535965 4.37838507
v 3.44765711 15.61721039 5.56815100
v 3.10555100 15.38988972 6.88676977
v 3.59799600 14.55766010 9.11016464
v 3.51756406 14.51515961 7.61096191
v 3.02363396 15.33545971 8.26437283
v 3.20624900 15.45680046 9.62796783
v 4.11125803 14.43889046 10.41456985
v 9.46757603 15.92026997 2.00000000
v 4.30236006 12.64177990 8.39384270
v 4.46996784 13.06943035 9.90102386
v 7.42473793 13.65534973 2.64399695
v 8.67485619 14.06116009 2.16321993
v 7.53716516 12.33899975 2.77750301
v 4.80986977 11.67957973 6.31926012
v 4.37049103 12.66388988 6.99617004
v 4.91253996 10.10682964 8.79005909
v 6.97402000 9.78779316 3.47232294
v 6.02031612 9.69235706 4.53096724
v 5.34255981 9.62453365 5.78613091
v 5.85987902 7.46600103 4.89097881
v 5.23929405 7.48567009 6.29470396
v 4.99430799 8.53969765 8.20238209
v 7.77450323 2.88029099 2.55748510
v 8.12239456 0.55611700 2.17158008
v 5.79498005 1.54293799 3.48590899
v 4.91227102 1.91720498 4.55348587
v 0.78303403 22.10975075 2.16525507
v 0.62158090 20.79820061 2.65191507
v 0.36147690 18.68527985 4.46599293
v 0.27715370 18.00029945 5.69348288
v -0.00000023 18.70224953 4.47328901
v -0.00000017 18.01306915 5.70389986
v 0.95409709 23.49772072 2.00000000
v 1.55581903 21.97364998 2.16372108
v 1.24080098 20.69581032 2.64595008
v 0.96115851 19.56147003 3.42036891
v 0.47843340 19.63536072 3.43317294
v 0.73215312 18.63253021 4.44471502
v 0.47259820 17.57966995 7.00899315
v 0.45621371 17.51321030 8.40898132
v 0.23010890 17.61812973 7.04802799
v 0.51802272 17.76392937 9.78665066
v 0.22293399 17.55985069 8.45501041
v 0.65465230 18.31815910 11.06682014
v 0.25602400 17.82864952 9.83692932
v 0.32755631 18.40973091 11.11765957
v 3.22108293 22.87443924 2.00000000
v 2.61490202 21.47481918 2.19710302
v 2.04854798 20.16715050 2.77546501
v 2.25624490 18.73283005 3.64323807
v 1.55923104 19.03735924 3.69708705
v 1.17910004 18.15966988 4.90141487
v 1.41269398 17.38075066 6.18533421
v 1.32610703 17.24197006 9.18119431
v 0.89844060 17.51165009 9.35858631
v 1.11199999 18.00473976 10.79959011
v 1.46413195 18.81777954 12.05667019
v 4.40421104 20.45716095 2.18462992
v 2.90219688 19.76819038 2.75016093
v 2.80758500 18.41024971 3.59419608
v 1.74900401 17.91980934 4.81306505
v 2.21762609 17.65391922 4.73238277
v 1.81814396 17.14176941 6.07167006
v 1.26867902 17.14991951 7.67287397
v 1.63372505 16.90534019 7.52963400
v 1.67571700 16.95918083 9.01654530
v 1.94153702 17.29995918 10.44089985
v 1.58132994 17.65105057 10.61448002
v 2.01813507 18.35117912 11.88169003
v 4.17375994 18.88937950 2.70254302
v 3.55171204 19.36424065 2.72715902
v 3.35125494 18.01825905 3.54162097
v 2.69257212 17.32064056 4.64565420
v 2.28917599 16.89340019 10.24946022
v 3.37781692 16.72131920 4.51317120
v 2.23685598 16.83798027 5.94902897
v 2.56629300 16.04814911 7.13428307
v 2.01118803 16.59897995 7.37429094
v 2.53787303 16.02457047 8.55645466
v 2.02898097 16.61782074 8.83673763
v 5.02260113 18.08568954 2.66516209
v 4.82710695 16.53379059 3.38051009
v 4.11529684 17.33307076 3.46159101
v 2.85162091 16.28483009 5.76078176
v 3.18988204 16.71219063 11.26706982
v 8.81123447 17.31259918 2.00000000
v 7.49373579 16.61636925 2.18799305
v 6.88811588 14.84132957 2.69131303
v 5.78802490 14.38117981 3.51759410
v 6.25879622 15.96376038 2.74018598
v 4.33611298 14.94771957 4.77811098
v 3.96981096 13.62065029 7.30265713
v 3.76885200 14.64795017 6.13613796
v 3.97610307 13.62327957 8.75338840
v 8.13900948 15.36456013 2.17539501
v 6.31456089 13.29496956 3.41617298
v 5.40472603 12.99962997 4.43773794
v 4.90305185 14.01101017 4.60592985
v 4.74473286 12.78538036 5.65311098
v 4.28493500 13.75245953 5.89269400
v 10.89146996 10.17980957 2.00000000
v 9.48059654 10.03862953 2.16995001
v 8.92385197 12.67428970 2.19763088
v 8.14964676 9.90543842 2.67017007
v 6.33962202 12.04944992 3.70141792
v 5.41011190 11.82470989 4.90851021
v 4.97914886 9.58816719 7.16670990
v 4.57843685 11.62362003 7.84073210
v 10.98896980 7.30344200 2.00000000
v 9.33183479 4.67072010 2.16453099
v 9.46742821 7.35166502 2.19633007
v 8.03073883 4.88686991 2.64910293
v 8.04546165 7.39673185 2.77247095
v 6.87649918 5.07862377 3.42713809
v 5.93241596 5.23546410 4.45596600
v 6.81612778 7.43569422 3.69071794
v 10.20366001 2.18870592 2.00000000
v 8.95982170 2.54274297 2.14102697
v 6.70337582 3.18532109 3.22979498
v 5.79679489 3.44349194 4.12635088
v 5.25026798 5.34878922 5.67916298
v -0.00000000 19.31370926 12.24263954
v -7.91777802 3.78172803 2.59795594
v -7.24452782 2.54224706 2.76750994
v -5.88007593 4.24937391 4.27264595
v -5.18475199 4.40894794 5.41626310
v -4.56567621 3.38789511 6.27046490
v -4.75578499 4.50738621 6.69028091
v -9.66868687 7.89970207 2.14950800
v -8.07716656 6.55723476 2.72998500
v -8.40396690 7.90583897 2.59058309
v -6.86944199 6.64887381 3.60022712
v -5.26708698 6.77045679 6.08568478
v -4.97145891 6.79288816 7.54733276
v -10.95221996 9.44836235 2.00000000
v -9.78638744 15.10305977 2.00000000
v -9.04664230 12.22270966 2.19265890
v -7.66701889 11.92498016 2.75826406
v -6.47067499 11.66681004 3.66049099
v -5.19939089 13.43842030 4.50881290
v -6.10002613 13.76525974 3.45896602
v -4.55615616 13.20497990 5.75457001
v -5.53443623 11.46477032 4.84140015
v -4.91842985 11.33183002 6.22515297
v -4.66221619 11.27653980 7.72288704
v -4.20641708 13.07806015 7.12632799
v -7.83796597 18.91480064 2.00000000
v -7.36074686 16.84309006 2.19038510
v -6.13106012 16.16490936 2.74945688
v -5.06273603 15.57573032 3.64173698
v -4.22357416 15.11293030 4.81059980
v -3.88389897 16.18073082 4.40966177
v -3.94261909 14.95798016 10.60923958
v -3.52174592 14.72587013 9.17620087
v -6.83967876 20.18351936 2.00000000
v -6.69211102 18.14283943 2.16120195
v -2.61137009 16.45321083 10.05121994
v -5.74645805 19.26679993 2.17192197
v -5.74645185 21.26486969 2.00000000
v -3.68596506 20.93623924 2.19027591
v -2.80992293 17.35810089 11.50928974
v -2.03936410 18.32984924 11.87370014
v -2.35991907 21.57410049 2.19842601
v -2.05869699 23.28146935 2.00000000
v -1.35491502 20.66942024 2.64444804
v -1.39569998 19.09243965 3.70797396
v -1.04946899 18.20132065 4.91925097
v -0.74175471 17.40933990 7.85952091
v -0.50116903 17.50079918 8.39737225
v -0.80062419 17.56085968 9.39403439
v -0.99928772 18.07217026 10.83633995
v -0.56752688 17.74707985 9.77395153
v -4.91226912 1.91720200 4.55348587
v -5.79497814 1.54293394 3.48590994
v -5.16089678 3.20000196 4.87368393
v -6.07362700 2.91187310 3.68016791
v -8.12239075 0.55611271 2.17158103
v -8.59747028 2.11515307 2.19504690
v -5.25994015 5.58874321 5.74699879
v -6.80667210 4.03672314 3.31713700
v -8.04892540 5.16892815 2.66244411
v -9.15731907 3.49725699 2.15139794
v -9.36490154 4.97083902 2.16796207
v -4.89041901 5.64436102 7.11664009
v -5.93733311 5.48677778 4.50349998
v -6.88467503 5.34417820 3.45576191
v -5.91305208 6.72144318 4.74231577
v -9.46160221 6.45218706 2.18535900
v -4.99988222 7.92235899 7.97088385
v -4.97828102 9.05335522 8.39500618
v -5.15584612 7.92160177 6.64055490
v -5.60304689 7.91943216 5.37797594
v -5.44196081 9.08401394 5.65387678
v -6.31919909 7.91595602 4.24606800
v -7.26861000 7.91134882 3.30124092
v -6.13427401 9.12979031 4.43827200
v -7.08877611 9.19290447 3.41649389
v -9.56512833 9.35664463 2.16325808
v -5.04951096 9.05806446 6.99715519
v -5.21321678 10.22424030 5.93639803
v -5.87209892 10.31579971 4.63674116
v -8.25352192 9.26991940 2.64414501
v -9.35819530 10.80021000 2.17763495
v -4.88475609 10.17860031 7.35824490
v -6.82238817 10.44785023 3.53622699
v -8.00781727 10.61256981 2.70002103
v -10.52095032 12.54086018 2.00000000
v -8.45973206 14.62160969 2.16834688
v -7.20752192 14.16718006 2.66393900
v -3.66682696 14.80587959 6.18186712
v -3.42782903 14.67407036 7.66851616
v -4.16979885 13.06476974 8.54711437
v -5.62054110 17.39413071 2.63614011
v -4.66739893 16.72816086 3.39929605
v -3.15008903 16.93667984 4.55815411
v -3.31214190 15.78124046 5.61294794
v -2.38059306 16.24608994 7.21613216
v -2.36879206 16.23550034 8.65236759
v -2.98284888 15.55115986 6.94449806
v -2.91371489 15.50286007 8.33276367
v -3.10845494 15.63891983 9.70314884
v -3.62041306 15.80321026 10.92619991
v -3.08648610 18.21859932 3.56770611
v -4.74599695 18.36893082 2.67782903
v -2.45981789 17.49210930 4.68871307
v -3.86368704 17.57710075 3.48872900
v -1.82536697 16.75658035 7.45158911
v -2.64609694 16.48436928 5.82481718
v -1.85595298 16.79203987 8.92636776
v -2.12070704 17.09897041 10.34512043
v -4.77150583 20.17205048 2.18143106
v -3.87290192 19.13030052 2.71475101
v -2.93611002 19.74930000 2.74903393
v -1.77274299 17.90781975 4.80912018
v -1.43301797 17.37008095 6.17978477
v -2.03079605 16.99473953 6.00997496
v -1.34385300 17.22893906 9.17320156
v -1.60006905 17.63450050 10.60608959
v -2.91413093 23.00049973 2.00000000
v -4.48659992 22.20355034 2.00000000
v -1.84236395 20.24204063 2.78058600
v -2.28459501 18.71803093 3.64083695
v -0.82657307 17.62764931 6.33429909
v -1.28696704 17.13890076 7.66589785
v -0.95981938 22.08662033 2.16499090
v -1.69695795 21.93889999 2.16333508
v -0.76253468 20.78091049 2.65089011
v -0.58758152 19.62299919 3.43097401
v -0.44458181 18.67657089 4.46234083
v -1.05118895 19.54216003 3.41714692
v -0.80231720 18.61849022 4.43936014
v -0.62184942 17.94869041 5.65543318
v -0.28371131 17.61186981 7.04133415
v -0.51961118 17.56924057 6.99915695
v -0.27468780 17.55215073 8.44712353
v -0.40191850 18.39421082 11.10896969
v -0.71507198 18.29467964 11.05395031
v -0.00000049 22.15567970 2.16578102
v -0.00000039 20.83241081 2.65396094
v -0.00000030 19.65966034 3.43756509
v -0.00000014 17.63022041 7.06139421
v -0.34140021 17.99367905 5.68826818
v -0.00000013 17.57485008 8.47075462
v -0.00000015 17.85000992 9.85410213
v -0.31482601 17.81780052 9.82832241
v -0.00000019 18.44050980 11.13498974
v 3.81133604 -2.74610209 7.32293797
v 3.46397901 -3.05951095 8.15869713
v 3.05025101 -3.36171007 8.96456146
v 4.28817320 -2.18181801 5.81818199
v 4.13476181 -90.65792847 94.63378906
v 4.77973986 -4.67903519 6.75464916
v 4.59803104 -3.55551004 6.33332109
v 4.90622091 -5.81908321 7.18216085
v 4.91819286 -92.00891876 93.28279114
v 4.99958086 -8.14645767 8.05492020
v 4.97923088 -6.96986818 7.61370087
v 4.99518585 -92.80095673 92.49075317
v 4.96565723 -9.32375240 8.49640369
v 4.91257095 -93.30413055 91.98758698
v 4.72290897 -93.80648804 91.48522949
v 4.46996784 -13.06943035 9.90102482
v 4.05364609 -94.71563721 90.57608032
v 4.11125898 -14.43889046 10.41456985
v 3.64371705 -15.74748039 10.90530014
v 3.18988204 -16.71219063 11.26706982
v 3.27749610 -95.31587982 89.97583771
v 2.30620193 -95.78283691 89.50887299
v 2.01813507 -18.35117912 11.88169003
v 0.85864598 -19.14562988 12.17961025
v 2.01677299 -3.88220191 10.35254002
v 1.19595802 -4.11948681 10.98530006
v 0.76907831 -89.15239716 96.13931274
v 3.19053006 -89.92368317 95.36802673
v 2.39583898 -89.54263306 95.74907684
v 0.00000000 -19.31370926 12.24263954
v -2.03936410 -18.32984924 11.87370014
v -2.25029111 -95.80309296 89.48861694
v -1.32462001 -18.90946007 12.09103966
v -2.76635504 -17.42432976 11.53411961
v -3.36778998 -16.36235046 11.13588047
v -3.79123402 -15.37617016 10.76605988
v -3.84825301 -94.90318298 90.38854218
v -4.23889208 -94.52092743 90.77078247
v -4.77809286 -93.68744659 91.60426331
v -4.79416180 -11.21278000 9.20478535
v -4.99881315 -7.75353384 7.90758085
v -4.99382019 -92.82158661 92.47012329
v -4.62770700 -3.71610808 6.39353991
v -3.79799891 -2.75938201 7.35833788
v -3.95342803 -90.48132324 94.81038666
v -3.51341391 -90.13031006 95.16139984
v -2.94826698 -3.42661500 9.13760757
v -3.03408289 -89.83566284 95.45604706
v -2.27312493 -89.49681854 95.79489899
v -1.49496496 -4.04856014 10.79615974
v 0.00000000 -89.11032104 96.18138885
v -0.00000000 -4.24264002 11.31371021
v 2.01677299 3.88220191 10.35254002
v 2.66566896 89.65469360 95.63701630
v 2.12335205 89.44496918 95.84674835
v 4.63801813 3.77360201 6.41511106
v 4.91819286 92.00891876 93.28279114
v 4.86746693 5.41238403 7.02964401
v 4.97927904 6.97105694 7.61414623
v 4.72290897 93.80648804 91.48522949
v 4.73106003 11.66051960 9.37269497
v 4.05364609 94.71563721 90.57608032
v 3.27749610 95.31587982 89.97583771
v 3.64371705 15.74748039 10.90530014
v 0.59509170 4.21248913 11.23330021
v -0.00000000 4.24264002 11.31371021
v 0.85864598 19.14562988 12.17961025
v -3.38172197 95.25007629 90.04163361
v -3.95342708 90.48132324 94.81038666
v -1.60597396 95.99405670 89.29766083
v -3.84825611 94.90316772 90.38854218
v -4.30000305 13.77330017 10.16497993
v -4.57769680 12.55068016 9.70650291
v -4.78224802 11.30243969 9.23841667
v -4.77809381 93.68744659 91.60427094
v -4.54942894 94.11260223 91.17910767
v -4.90616512 10.18157005 8.81808853
v -4.98755884 92.39659882 92.89511108
v -3.79799891 2.75938201 7.35833788
v -0.53117532 19.24968910 12.21862984
v -1.32462001 18.90946007 12.09103966
v -0.22610420 96.17777252 89.11393738
vn 0.57130206 0.82064730 -0.01233026
vn 0.66469824 0.74099916 -0.09537613
vn 0.66305530 0.74430496 -0.07979877
vn 0.78150529 0.48702505 0.38994366
vn 0.73709148 0.64784032 -0.19235164
vn 0.73753279 0.65541571 -0.16271341
vn 0.87730825 0.38806921 0.28236943
vn 0.77716827 0.56190372 -0.28332612
vn 0.77886915 0.56802374 -0.26591694
vn 0.95494515 0.26357016 0.13642073
vn 0.80178684 0.48171225 -0.35368240
vn 0.79850817 0.47396362 -0.37113762
vn 0.99239618 0.12086166 -0.02328527
vn 0.81262738 0.37198856 -0.44862139
vn 0.80667734 0.36899498 -0.46164307
vn 0.98897046 -0.01462641 -0.14738922
vn 0.77393079 0.25588381 -0.57927072
vn 0.79288179 0.25803846 -0.55204588
vn 0.96208417 -0.12042239 -0.24472935
vn 0.69573331 0.15309165 -0.70179635
vn 0.75602007 0.14278710 -0.63878435
vn 0.91554463 -0.22277774 -0.33488524
vn 0.65646553 0.10133360 -0.74751890
vn 0.84970367 -0.32155147 -0.41786158
vn 0.61202937 0.02370046 -0.79047984
vn 0.56880200 0.02065867 -0.82221502
vn 0.73541725 -0.41624287 -0.53469932
vn 0.48741162 -0.04805467 -0.87184894
vn 0.46140131 -0.04491517 -0.88605386
vn 0.55966866 -0.50924802 -0.65378708
vn 0.37289205 -0.09085007 -0.92341638
vn 0.27325594 -0.08338797 -0.95832020
vn 0.34807396 -0.12148464 -0.92956227
vn 0.34928980 -0.57998353 -0.73594546
vn 0.19264892 -0.12465519 -0.97331774
vn 0.20814484 -0.13152711 -0.96921432
vn 0.10786722 -0.14907491 -0.98292488
vn 0.11997341 -0.63541472 -0.76279390
vn 0.57004941 0.82158196 -0.00683512
vn 0.63203025 0.76113856 0.14562216
vn 0.63203025 0.76113856 0.14562216
vn 0.67672384 0.67350900 0.29737270
vn 0.67672384 0.67350900 0.29737270
vn 0.69963002 0.56003636 0.44370833
vn 0.68572897 0.57561189 0.44547355
vn 0.08568028 -0.62009281 -0.77983570
vn 0.08294480 -0.49063960 -0.86740583
vn 0.08294480 -0.49063960 -0.86740583
vn 0.07749946 -0.32707402 -0.94181550
vn 0.07749946 -0.32707402 -0.94181550
vn 0.06897557 -0.13912021 -0.98787040
vn 0.03090639 -0.15224259 -0.98785979
vn 0.81178331 0.47817373 0.33519819
vn 0.78619945 0.58311075 0.20462726
vn 0.78619945 0.58311075 0.20462726
vn 0.73402339 0.67656559 0.05889425
vn 0.73402339 0.67656559 0.05889425
vn 0.89831823 0.37955046 0.22128230
vn 0.87157345 0.47915214 0.10379260
vn 0.87157345 0.47915214 0.10379260
vn 0.81417990 0.57956201 -0.03491337
vn 0.81417990 0.57956201 -0.03491337
vn 0.95942396 0.25835639 0.11294977
vn 0.92957854 0.36851603 -0.00892599
vn 0.92957854 0.36851603 -0.00892599
vn 0.86899340 0.47439206 -0.14072180
vn 0.86899340 0.47439206 -0.14072180
vn 0.99178171 0.12793656 0.00109347
vn 0.95942622 0.25193095 -0.12661815
vn 0.95942622 0.25193095 -0.12661815
vn 0.89690608 0.36496836 -0.24971519
vn 0.89690608 0.36496836 -0.24971519
vn 0.99323130 -0.00108550 -0.11614835
vn 0.96064484 0.13200697 -0.24440895
vn 0.96064484 0.13200697 -0.24440895
vn 0.89653033 0.25551853 -0.36186150
vn 0.89653033 0.25551853 -0.36186150
vn 0.96288037 -0.12019849 -0.24168943
vn 0.93212831 0.01406504 -0.36185503
vn 0.93212831 0.01406504 -0.36185503
vn 0.86982858 0.14376132 -0.47194374
vn 0.86982858 0.14376132 -0.47194374
vn 0.90404081 -0.22929630 -0.36074004
vn 0.87409592 -0.09743557 -0.47588098
vn 0.87409592 -0.09743557 -0.47588098
vn 0.81757277 0.04052925 -0.57439727
vn 0.81757277 0.04052925 -0.57439727
vn 0.81601524 -0.33115959 -0.47376418
vn 0.79042506 -0.20105958 -0.57862186
vn 0.79042506 -0.20105958 -0.57862186
vn 0.73819894 -0.05590244 -0.67226273
vn 0.73819894 -0.05590244 -0.67226273
vn 0.70439672 -0.41600844 -0.57511926
vn 0.68229377 -0.29378766 -0.66945058
vn 0.68229377 -0.29378766 -0.66945058
vn 0.63733470 -0.14246306 -0.75730360
vn 0.63733470 -0.14246306 -0.75730360
vn 0.57147282 -0.51078546 -0.64227480
vn 0.55336410 -0.37054175 -0.74598056
vn 0.55336410 -0.37054175 -0.74598056
vn 0.51587540 -0.21456765 -0.82935721
vn 0.51587540 -0.21456765 -0.82935721
vn 0.42359796 -0.57974780 -0.69602960
vn 0.40868166 -0.42791376 -0.80614460
vn 0.40868166 -0.42791376 -0.80614460
vn 0.38168395 -0.26792717 -0.88460863
vn 0.38168395 -0.26792717 -0.88460863
vn 0.25750589 -0.62401736 -0.73776227
vn 0.24955338 -0.47001770 -0.84664428
vn 0.24955338 -0.47001770 -0.84664428
vn 0.23313826 -0.30751365 -0.92254096
vn 0.23313826 -0.30751365 -0.92254096
vn -0.02144573 -0.32673201 -0.94487369
vn -0.01924078 -0.15279444 -0.98807067
vn -0.01924078 -0.15279444 -0.98807067
vn -0.02144573 -0.32673201 -0.94487369
vn -0.02301700 -0.49148068 -0.87058425
vn -0.02301700 -0.49148068 -0.87058425
vn -0.02374962 -0.64123970 -0.76697296
vn -0.02374962 -0.64123970 -0.76697296
vn -0.08199593 -0.15092005 -0.98513949
vn -0.18422821 -0.14611202 -0.97196257
vn -0.29233035 -0.08704948 -0.95234734
vn -0.24552247 -0.15527637 -0.95687407
vn -0.25413582 -0.62981486 -0.73399472
vn -0.41596761 -0.04681307 -0.90817368
vn -0.37951127 -0.12928405 -0.91610956
vn -0.38705644 -0.60776097 -0.69340748
vn -0.50807828 -0.53826112 -0.67240721
vn -0.52080935 0.01217476 -0.85358620
vn -0.49399808 -0.05673368 -0.86761010
vn -0.62114966 -0.48648304 -0.61441630
vn -0.60429639 0.05545308 -0.79482752
vn -0.59387362 0.02076481 -0.80429035
vn -0.72307104 -0.42523855 -0.54437155
vn -0.69051373 0.13031387 -0.71148378
vn -0.68694007 0.08313287 -0.72194338
vn -0.80847883 -0.36198163 -0.46403813
vn -0.75118667 0.25354519 -0.60945332
vn -0.76871139 0.15193708 -0.62128729
vn -0.87929934 -0.29511768 -0.37381575
vn -0.93035203 -0.18327235 -0.31757882
vn -0.77988499 0.29066995 -0.55433780
vn -0.96886456 -0.10511864 -0.22416866
vn -0.80858970 0.33836856 -0.48134121
vn -0.79962361 0.38774505 -0.45853668
vn -0.99127388 -0.02800209 -0.12880960
vn -0.99542409 0.07385760 -0.06062937
vn -0.81165975 0.44808722 -0.37473488
vn -0.79764390 0.48308009 -0.36110640
vn -0.98508918 0.16824256 0.03596910
vn -0.78809148 0.55213594 -0.27213538
vn -0.77281260 0.57764202 -0.26285073
vn -0.95368916 0.26660851 0.13927311
vn -0.74009889 0.64816117 -0.17927861
vn -0.72197419 0.67007750 -0.17248009
vn -0.90205532 0.35935536 0.23908132
vn -0.67675745 0.72960621 -0.09835737
vn -0.64959484 0.75469786 -0.09196512
vn -0.82908076 0.44521794 0.33823979
vn -0.59649014 0.80227226 -0.02363714
vn -0.55935991 0.82873225 -0.01786653
vn -0.74718082 0.51071042 0.42531830
vn -0.65242475 0.59875482 0.46458009
vn -0.48751560 0.87145138 0.05386150
vn -0.45587599 0.88861799 0.05035048
vn -0.53001541 0.66462255 0.52665025
vn -0.34185100 0.93367213 0.10674399
vn -0.33775297 0.93521243 0.10630472
vn -0.37587127 0.72055668 0.58268249
vn -0.19729318 0.97119153 0.13365021
vn -0.20658094 0.96874917 0.13729292
vn -0.22296251 0.75308317 0.61899382
vn -0.07355005 0.76578587 0.63887596
vn -0.10437065 -0.13796121 -0.98492306
vn -0.11725760 -0.32212144 -0.93940860
vn -0.11725760 -0.32212144 -0.93940860
vn -0.12558167 -0.48644850 -0.86463696
vn -0.12558167 -0.48644850 -0.86463696
vn -0.12959248 -0.63902497 -0.75819045
vn -0.11365651 -0.63618124 -0.76312226
vn -0.08592416 0.76166672 0.64224666
vn -0.08294480 0.86740583 0.49063960
vn -0.08294480 0.86740583 0.49063960
vn -0.07749946 0.94181550 0.32707402
vn -0.07749946 0.94181550 0.32707402
vn -0.06952353 0.98629135 0.14965233
vn -0.06465726 0.98631716 0.15165067
vn -0.29653415 -0.60108268 -0.74213678
vn -0.28713590 -0.46096954 -0.83967853
vn -0.28713590 -0.46096954 -0.83967853
vn -0.26835984 -0.30027288 -0.91532463
vn -0.26835984 -0.30027288 -0.91532463
vn -0.45393011 -0.54704398 -0.70334226
vn -0.44017431 -0.41760126 -0.79489350
vn -0.44017431 -0.41760126 -0.79489350
vn -0.41202632 -0.25808242 -0.87385803
vn -0.41202632 -0.25808242 -0.87385803
vn -0.60086113 -0.50324225 -0.62105811
vn -0.58209527 -0.35382259 -0.73210299
vn -0.58209527 -0.35382259 -0.73210299
vn -0.54389203 -0.19957943 -0.81507635
vn -0.54389203 -0.19957943 -0.81507635
vn -0.72822362 -0.41777909 -0.54327798
vn -0.70463920 -0.27642307 -0.65350890
vn -0.70463920 -0.27642307 -0.65350890
vn -0.65834463 -0.12689182 -0.74194396
vn -0.65834463 -0.12689182 -0.74194396
vn -0.83146459 -0.31786686 -0.45566139
vn -0.80580151 -0.18361956 -0.56299883
vn -0.80580151 -0.18361956 -0.56299883
vn -0.75308090 -0.04112871 -0.65664119
vn -0.75308090 -0.04112871 -0.65664119
vn -0.91223300 -0.19968565 -0.35771024
vn -0.88489646 -0.08221873 -0.45847392
vn -0.88489646 -0.08221873 -0.45847392
vn -0.82708961 0.05495144 -0.55937749
vn -0.82708961 0.05495144 -0.55937749
vn -0.96886456 -0.10511864 -0.22416866
vn -0.93723267 0.02948885 -0.34745562
vn -0.93723267 0.02948885 -0.34745562
vn -0.87567008 0.15881537 -0.45604780
vn -0.87567008 0.15881537 -0.45604780
vn -0.99326289 0.02315041 -0.11354725
vn -0.96189439 0.14526568 -0.23163988
vn -0.96189439 0.14526568 -0.23163988
vn -0.89846098 0.26791012 -0.34783909
vn -0.89846098 0.26791012 -0.34783909
vn -0.99064475 0.13513869 0.01898643
vn -0.95835561 0.26208091 -0.11343801
vn -0.95835561 0.26208091 -0.11343801
vn -0.89556175 0.37622446 -0.23753780
vn -0.89556175 0.37622446 -0.23753780
vn -0.95758498 0.25421444 0.13566884
vn -0.92572862 0.37818626 0.00127335
vn -0.92572862 0.37818626 0.00127335
vn -0.86520684 0.48388028 -0.13144210
vn -0.86520684 0.48388028 -0.13144210
vn -0.89528120 0.37315676 0.24336310
vn -0.86656028 0.48681560 0.10992610
vn -0.86656028 0.48681560 0.10992610
vn -0.80941278 0.58651084 -0.02925588
vn -0.80941278 0.58651084 -0.02925588
vn -0.80784631 0.47960895 0.34257784
vn -0.78140783 0.58721179 0.21114965
vn -0.78140783 0.58721179 0.21114965
vn -0.72966409 0.68073201 0.06476308
vn -0.72966409 0.68073201 0.06476308
vn -0.69638324 0.57671833 0.42713723
vn -0.67497551 0.67497551 0.29802021
vn -0.67497551 0.67497551 0.29802021
vn -0.62994272 0.76224571 0.14884089
vn -0.62994272 0.76224571 0.14884089
vn -0.56516683 0.63939774 0.52130318
vn -0.54546446 0.75062424 0.37286973
vn -0.54546446 0.75062424 0.37286973
vn -0.50975531 0.83234674 0.21759705
vn -0.50975531 0.83234674 0.21759705
vn -0.41634712 0.69833517 0.58222246
vn -0.40172240 0.80824625 0.43053117
vn -0.40172240 0.80824625 0.43053117
vn -0.37524974 0.88654619 0.27059841
vn -0.37524974 0.88654619 0.27059841
vn -0.25395870 0.73979270 0.62306637
vn -0.24603964 0.84814906 0.46915635
vn -0.24603964 0.84814906 0.46915635
vn -0.22982302 0.92357451 0.30690652
vn -0.22982302 0.92357451 0.30690652
vn 0.06715374 0.98609966 0.15197952
vn 0.20606862 0.96890646 0.13695243
vn 0.20614022 0.96924311 0.13443927
vn 0.23354720 0.74452960 0.62540489
vn 0.34032345 0.93488067 0.10088640
vn 0.34022990 0.93462366 0.10354824
vn 0.39812419 0.70539016 0.58644849
vn 0.55811369 0.64579314 0.52101851
vn 0.06949882 0.98594093 0.15195505
vn 0.07749946 0.94181550 0.32707402
vn 0.07749946 0.94181550 0.32707402
vn 0.08294480 0.86740583 0.49063960
vn 0.08294480 0.86740583 0.49063960
vn 0.08573381 0.76288563 0.64082390
vn 0.07672856 0.76583791 0.63843954
vn 0.56795931 0.64548492 0.51065779
vn 0.54974794 0.74876654 0.37030500
vn 0.54974794 0.74876654 0.37030500
vn 0.51363653 0.83065850 0.21490431
vn 0.51363653 0.83065850 0.21490431
vn 0.45913532 0.88693500 0.05040951
vn 0.46239606 0.88523608 0.05046801
vn 0.25425494 0.74697256 0.61431783
vn 0.24603964 0.84814906 0.46915635
vn 0.24603964 0.84814906 0.46915635
vn 0.22982302 0.92357451 0.30690652
vn 0.22982302 0.92357451 0.30690652
vn 0.41856050 0.70642424 0.57076430
vn 0.40544719 0.80608666 0.43108809
vn 0.40544719 0.80608666 0.43108809
vn 0.37881595 0.88490212 0.27101064
vn 0.37881595 0.88490212 0.27101064
vn -0.17844549 -0.10460598 -0.97837359
vn -0.27677244 -0.02091170 -0.96070790
vn -0.33461607 -0.10347565 -0.93665624
vn -0.39605615 0.01688108 -0.91807115
vn -0.52318138 -0.01766586 -0.85203826
vn -0.53637439 -0.02332062 -0.84365791
vn -0.57305259 0.10936118 -0.81218898
vn -0.66903448 0.09851716 -0.73667312
vn -0.67801958 0.14647639 -0.72030139
vn -0.71415138 0.29689440 -0.63390964
vn -0.76117945 0.26003024 -0.59412974
vn -0.78629875 0.33790028 -0.51725966
vn -0.83590078 0.34345642 -0.42814431
vn -0.70504785 0.43630022 -0.55906147
vn -0.79951596 0.42951864 -0.41986653
vn -0.77879387 0.47638121 -0.40809450
vn -0.78994852 0.55123645 -0.26855108
vn -0.79706585 0.55061495 -0.24801069
vn -0.71380514 0.66715121 -0.21305294
vn -0.68719590 0.72206420 -0.07990650
vn -0.62797093 0.68699694 -0.36563322
vn -0.70874679 0.70299631 -0.05894243
vn -0.58843499 0.80751818 -0.04072700
vn -0.58645034 0.80865449 -0.04640974
vn -0.44951963 0.89228976 -0.04184717
vn -0.35163215 0.92425054 0.14871399
vn -0.35730767 0.93112516 -0.07305547
vn -0.38286024 0.91468793 0.12947637
vn -0.20108193 0.96649057 0.15956824
vn -0.18429604 0.97232056 0.14362381
vn 0.20826374 0.96629202 0.15134694
vn 0.21179424 0.96541792 0.15202409
vn 0.45503601 0.88993770 0.03087265
vn 0.34719908 0.92906636 0.12762654
vn 0.49428377 0.76507950 -0.41271880
vn 0.37032163 0.91811812 0.14114144
vn 0.40102550 0.89165747 0.21006098
vn 0.34946650 0.88198686 0.31618398
vn 0.38114798 0.84228998 0.38114798
vn 0.31850919 0.80974227 0.49281770
vn 0.34778035 0.76511675 0.54189032
vn 0.27575088 0.70930141 0.64873183
vn 0.30449551 0.66215694 0.68471217
vn 0.22128615 0.58339077 0.78146505
vn 0.25367290 0.53691506 0.80459446
vn 0.15721221 0.43413645 0.88702303
vn 0.19261792 0.39247712 0.89936644
vn 0.08599509 0.27082035 0.95878106
vn 0.12830779 0.23717500 0.96295643
vn -0.19886848 -0.29065394 -0.93593353
vn -0.19886848 -0.29065394 -0.93593353
vn -0.29505575 -0.43408722 -0.85118175
vn -0.29505575 -0.43408722 -0.85118175
vn -0.38123077 -0.56121099 -0.73464644
vn -0.38123077 -0.56121099 -0.73464644
vn -0.45250523 -0.66623461 -0.59276515
vn -0.45250523 -0.66623461 -0.59276515
vn -0.50756299 -0.74738240 -0.42871824
vn -0.50756299 -0.74738240 -0.42871824
vn -0.54570848 -0.80068338 -0.24720128
vn -0.54570848 -0.80068338 -0.24720128
vn -0.56180978 -0.82502544 -0.06085093
vn -0.56180978 -0.82502544 -0.06085093
vn -0.55770826 -0.81963986 0.13096578
vn -0.55770826 -0.81963986 0.13096578
vn -0.53444117 -0.78331530 0.31747404
vn -0.53444117 -0.78331530 0.31747404
vn -0.49061909 -0.72012901 0.49061909
vn -0.49061909 -0.72012901 0.49061909
vn -0.42863169 -0.62877101 0.64878494
vn -0.42863169 -0.62877101 0.64878494
vn -0.35238940 -0.51651597 0.78040570
vn -0.35238940 -0.51651597 0.78040570
vn -0.26136205 -0.38382885 0.88564396
vn -0.26136205 -0.38382885 0.88564396
vn -0.15994506 -0.23661295 0.95834851
vn -0.15994506 -0.23661295 0.95834851
vn -0.25042167 -0.24762367 -0.93593353
vn -0.25042167 -0.24762367 -0.93593353
vn -0.37480107 -0.36858031 -0.85068959
vn -0.37480107 -0.36858031 -0.85068959
vn -0.48415339 -0.47423899 -0.73531830
vn -0.48415339 -0.47423899 -0.73531830
vn -0.57382590 -0.56366968 -0.59413832
vn -0.57382590 -0.56366968 -0.59413832
vn -0.64412475 -0.63413829 -0.42775208
vn -0.64412475 -0.63413829 -0.42775208
vn -0.69125235 -0.67859787 -0.24834466
vn -0.69125235 -0.67859787 -0.24834466
vn -0.71160436 -0.70010364 -0.05894097
vn -0.71160436 -0.70010364 -0.05894097
vn -0.70705539 -0.69509673 0.13005036
vn -0.70705539 -0.69509673 0.13005036
vn -0.67747664 -0.66454154 0.31529343
vn -0.67747664 -0.66454154 0.31529343
vn -0.62141031 -0.61130607 0.49005529
vn -0.62141031 -0.61130607 0.49005529
vn -0.54361165 -0.53351361 0.64795816
vn -0.54361165 -0.53351361 0.64795816
vn -0.44649273 -0.43675107 0.78095633
vn -0.44649273 -0.43675107 0.78095633
vn -0.32974038 -0.32371771 0.88683599
vn -0.32974038 -0.32371771 0.88683599
vn -0.20335913 -0.20070083 0.95831329
vn -0.20335913 -0.20070083 0.95831329
vn -0.23920652 -0.15726838 0.95814764
vn -0.23920652 -0.15726838 0.95814764
vn -0.38696781 -0.25548840 0.88599193
vn -0.38696781 -0.25548840 0.88599193
vn -0.52164650 -0.34187910 0.78166723
vn -0.52164650 -0.34187910 0.78166723
vn -0.63743889 -0.41774714 0.64742488
vn -0.63743889 -0.41774714 0.64742488
vn -0.72718507 -0.47871637 0.49196804
vn -0.72718507 -0.47871637 0.49196804
vn -0.79343307 -0.51994509 0.31641918
vn -0.79343307 -0.51994509 0.31641918
vn -0.82874608 -0.54418546 0.13054584
vn -0.82874608 -0.54418546 0.13054584
vn -0.83461624 -0.54749703 -0.06052024
vn -0.83461624 -0.54749703 -0.06052024
vn -0.81007439 -0.53020221 -0.25033009
vn -0.81007439 -0.53020221 -0.25033009
vn -0.75660950 -0.49401185 -0.42836243
vn -0.75660950 -0.49401185 -0.42836243
vn -0.67474234 -0.44149807 -0.59144080
vn -0.67474234 -0.44149807 -0.59144080
vn -0.56775570 -0.37141368 -0.73464644
vn -0.56775570 -0.37141368 -0.73464644
vn -0.43871966 -0.28786168 -0.85127008
vn -0.43871966 -0.28786168 -0.85127008
vn -0.29605642 -0.19320114 -0.93542707
vn -0.29605642 -0.19320114 -0.93542707
vn -0.16247723 -0.10628210 -0.98097157
vn -0.26334360 -0.10767251 0.95867449
vn -0.26334360 -0.10767251 0.95867449
vn -0.42935860 -0.17319889 0.88637084
vn -0.42935860 -0.17319889 0.88637084
vn -0.57838774 -0.23540848 0.78105730
vn -0.57838774 -0.23540848 0.78105730
vn -0.70567042 -0.28642860 0.64806467
vn -0.70567042 -0.28642860 0.64806467
vn -0.80825531 -0.32552522 0.49066970
vn -0.80825531 -0.32552522 0.49066970
vn -0.87942827 -0.35570678 0.31635201
vn -0.87942827 -0.35570678 0.31635201
vn -0.91985178 -0.37043804 0.12902898
vn -0.91985178 -0.37043804 0.12902898
vn -0.92580551 -0.37324440 -0.05977223
vn -0.92580551 -0.37324440 -0.05977223
vn -0.89844215 -0.36144224 -0.24932139
vn -0.89844215 -0.36144224 -0.24932139
vn -0.83862501 -0.33701751 -0.42793387
vn -0.83862501 -0.33701751 -0.42793387
vn -0.74782628 -0.30265346 -0.59089488
vn -0.74782628 -0.30265346 -0.59089488
vn -0.62790442 -0.25464132 -0.73545480
vn -0.62790442 -0.25464132 -0.73545480
vn -0.48759297 -0.19653748 -0.85066217
vn -0.48759297 -0.19653748 -0.85066217
vn -0.32569078 -0.13218412 -0.93619066
vn -0.32569078 -0.13218412 -0.93619066
vn -0.18254577 -0.07374366 -0.98042792
vn -0.28147703 -0.05427584 0.95803171
vn -0.28147703 -0.05427584 0.95803171
vn -0.45616189 -0.08509442 0.88581896
vn -0.45616189 -0.08509442 0.88581896
vn -0.61301321 -0.11669409 0.78140724
vn -0.61301321 -0.11669409 0.78140724
vn -0.74905425 -0.14260551 0.64697868
vn -0.74905425 -0.14260551 0.64697868
vn -0.85592079 -0.16352358 0.49057075
vn -0.85592079 -0.16352358 0.49057075
vn -0.93203062 -0.17693256 0.31624955
vn -0.93203062 -0.17693256 0.31624955
vn -0.97408408 -0.18523979 0.12979387
vn -0.97408408 -0.18523979 0.12979387
vn -0.98072439 -0.18560718 -0.06107075
vn -0.98072439 -0.18560718 -0.06107075
vn -0.95154005 -0.17951040 -0.24969491
vn -0.95154005 -0.17951040 -0.24969491
vn -0.88804871 -0.16949706 -0.42736438
vn -0.88804871 -0.16949706 -0.42736438
vn -0.79205555 -0.15122421 -0.59142143
vn -0.79205555 -0.15122421 -0.59142143
vn -0.66628683 -0.12669884 -0.73485321
vn -0.66628683 -0.12669884 -0.73485321
vn -0.51618487 -0.09866137 -0.85077560
vn -0.51618487 -0.09866137 -0.85077560
vn -0.37253055 -0.07076745 -0.92531782
vn -0.28611705 0.00365256 0.95818770
vn -0.28611705 0.00365256 0.95818770
vn -0.46350983 0.00396162 0.88608289
vn -0.46350983 0.00396162 0.88608289
vn -0.62417603 0.00688936 0.78125340
vn -0.62417603 0.00688936 0.78125340
vn -0.76147765 0.00690996 0.64815432
vn -0.76147765 0.00690996 0.64815432
vn -0.87109107 0.00669041 0.49107590
vn -0.87109107 0.00669041 0.49107590
vn -0.94839847 0.00870090 0.31696147
vn -0.94839847 0.00870090 0.31696147
vn -0.99126554 0.00994581 0.13150568
vn -0.99126554 0.00994581 0.13150568
vn -0.99818695 0.00938734 -0.05945314
vn -0.99818695 0.00938734 -0.05945314
vn -0.96875530 0.00838231 -0.24787681
vn -0.96875530 0.00838231 -0.24787681
vn -0.90385967 0.00915632 -0.42773098
vn -0.90385967 0.00915632 -0.42773098
vn -0.80603659 0.00686573 -0.59182584
vn -0.80603659 0.00686573 -0.59182584
vn -0.67740029 0.00692638 -0.73558193
vn -0.67740029 0.00692638 -0.73558193
vn -0.53424305 0.00405754 -0.84532124
vn -0.27978832 0.05697047 0.95836991
vn -0.27978832 0.05697047 0.95836991
vn -0.45250922 0.09386414 0.88680601
vn -0.45250922 0.09386414 0.88680601
vn -0.61006159 0.12616846 0.78224444
vn -0.61006159 0.12616846 0.78224444
vn -0.74517649 0.15568596 0.64843959
vn -0.74517649 0.15568596 0.64843959
vn -0.85304904 0.17654407 0.49105954
vn -0.85304904 0.17654407 0.49105954
vn -0.92894727 0.19253521 0.31620747
vn -0.92894727 0.19253521 0.31620747
vn -0.97053134 0.20224702 0.13101538
vn -0.97053134 0.20224702 0.13101538
vn -0.97752565 0.20228846 -0.05935410
vn -0.97752565 0.20228846 -0.05935410
vn -0.94821334 0.19726102 -0.24895702
vn -0.94821334 0.19726102 -0.24895702
vn -0.88436401 0.18564336 -0.42829531
vn -0.88436401 0.18564336 -0.42829531
vn -0.78857851 0.16435002 -0.59256470
vn -0.78857851 0.16435002 -0.59256470
vn -0.65879166 0.13656045 -0.73982751
vn -0.26150358 0.11058609 0.95884651
vn -0.26150358 0.11058609 0.95884651
vn -0.42741945 0.18234618 0.88547307
vn -0.42741945 0.18234618 0.88547307
vn -0.57292092 0.24509150 0.78210729
vn -0.57292092 0.24509150 0.78210729
vn -0.70028520 0.29782245 0.64876997
vn -0.70028520 0.29782245 0.64876997
vn -0.80274558 0.33993003 0.48994610
vn -0.80274558 0.33993003 0.48994610
vn -0.87358624 0.37047374 0.31558874
vn -0.87358624 0.37047374 0.31558874
vn -0.91278517 0.38719982 0.12999849
vn -0.91278517 0.38719982 0.12999849
vn -0.91913033 0.38932595 -0.06020504
vn -0.91913033 0.38932595 -0.06020504
vn -0.89184946 0.37840533 -0.24781840
vn -0.89184946 0.37840533 -0.24781840
vn -0.83665836 0.35632542 -0.41597462
vn -0.23661295 0.15994506 0.95834851
vn -0.23661295 0.15994506 0.95834851
vn -0.38382885 0.26136205 0.88564396
vn -0.38382885 0.26136205 0.88564396
vn -0.51651597 0.35238940 0.78040570
vn -0.51651597 0.35238940 0.78040570
vn -0.62877101 0.42863169 0.64878494
vn -0.62877101 0.42863169 0.64878494
vn -0.72012901 0.49061909 0.49061909
vn -0.72012901 0.49061909 0.49061909
vn -0.78331530 0.53444117 0.31747404
vn -0.78331530 0.53444117 0.31747404
vn -0.81963986 0.55770826 0.13096578
vn -0.81963986 0.55770826 0.13096578
vn -0.82502544 0.56180978 -0.06085093
vn -0.82502544 0.56180978 -0.06085093
vn -0.79854375 0.54538506 -0.25472137
vn -0.20070083 0.20335913 0.95831329
vn -0.20070083 0.20335913 0.95831329
vn -0.32371771 0.32974038 0.88683599
vn -0.32371771 0.32974038 0.88683599
vn -0.43675107 0.44649273 0.78095633
vn -0.43675107 0.44649273 0.78095633
vn -0.53351361 0.54361165 0.64795816
vn -0.53351361 0.54361165 0.64795816
vn -0.61130607 0.62141031 0.49005529
vn -0.61130607 0.62141031 0.49005529
vn -0.66454154 0.67747664 0.31529343
vn -0.66454154 0.67747664 0.31529343
vn -0.69509673 0.70705539 0.13005036
vn -0.69509673 0.70705539 0.13005036
vn -0.69916987 0.71340960 -0.04699105
vn -0.15726838 0.23920652 0.95814764
vn -0.15726838 0.23920652 0.95814764
vn -0.25548840 0.38696781 0.88599193
vn -0.25548840 0.38696781 0.88599193
vn -0.34187910 0.52164650 0.78166723
vn -0.34187910 0.52164650 0.78166723
vn -0.41774714 0.63743889 0.64742488
vn -0.41774714 0.63743889 0.64742488
vn -0.47871637 0.72718507 0.49196804
vn -0.47871637 0.72718507 0.49196804
vn -0.51994509 0.79343307 0.31641918
vn -0.51994509 0.79343307 0.31641918
vn -0.54418546 0.82874608 0.13054584
vn -0.54418546 0.82874608 0.13054584
vn -0.54739195 0.83678615 0.01228560
vn -0.10767251 0.26334360 0.95867449
vn -0.10767251 0.26334360 0.95867449
vn -0.17319889 0.42935860 0.88637084
vn -0.17319889 0.42935860 0.88637084
vn -0.23540848 0.57838774 0.78105730
vn -0.23540848 0.57838774 0.78105730
vn -0.28642860 0.70567042 0.64806467
vn -0.28642860 0.70567042 0.64806467
vn -0.32552522 0.80825531 0.49066970
vn -0.32552522 0.80825531 0.49066970
vn -0.35570678 0.87942827 0.31635201
vn -0.35570678 0.87942827 0.31635201
vn -0.37112552 0.91731024 0.14424878
vn -0.05427584 0.28147703 0.95803171
vn -0.05427584 0.28147703 0.95803171
vn -0.08509442 0.45616189 0.88581896
vn -0.08509442 0.45616189 0.88581896
vn -0.11669409 0.61301321 0.78140724
vn -0.11669409 0.61301321 0.78140724
vn -0.14260551 0.74905425 0.64697868
vn -0.14260551 0.74905425 0.64697868
vn -0.16352358 0.85592079 0.49057075
vn -0.16352358 0.85592079 0.49057075
vn -0.17693256 0.93203062 0.31624955
vn -0.17693256 0.93203062 0.31624955
vn -0.18429604 0.97232056 0.14362381
vn 0.00870090 0.94839847 0.31696147
vn 0.00870090 0.94839847 0.31696147
vn 0.00669041 0.87109107 0.49107590
vn 0.00669041 0.87109107 0.49107590
vn 0.00690996 0.76147765 0.64815432
vn 0.00690996 0.76147765 0.64815432
vn 0.00688936 0.62417603 0.78125340
vn 0.00688936 0.62417603 0.78125340
vn 0.00396162 0.46350983 0.88608289
vn 0.00396162 0.46350983 0.88608289
vn 0.00365256 0.28611705 0.95818770
vn 0.00365256 0.28611705 0.95818770
vn 0.05697047 0.27978832 0.95836991
vn 0.05697047 0.27978832 0.95836991
vn 0.09386414 0.45250922 0.88680601
vn 0.09386414 0.45250922 0.88680601
vn 0.12616846 0.61006159 0.78224444
vn 0.12616846 0.61006159 0.78224444
vn 0.15568596 0.74517649 0.64843959
vn 0.15568596 0.74517649 0.64843959
vn 0.17654407 0.85304904 0.49105954
vn 0.17654407 0.85304904 0.49105954
vn 0.19253521 0.92894727 0.31620747
vn 0.19253521 0.92894727 0.31620747
vn 0.20151487 0.96906835 0.14247230
vn -0.09397393 -0.13679749 -0.98613149
vn -0.11778613 -0.11540662 -0.98631012
vn -0.08333170 -0.17028651 -0.98186475
vn -0.06377015 0.98901695 0.13333757
vn 0.00797168 0.98507160 0.17196047
vn 0.06636261 0.98845363 0.13621800
vn 0.01186180 0.09597279 0.99531329
vn 0.02057826 0.09422678 0.99533808
vn 0.00106675 0.09707414 0.99527657
vn -0.01841291 0.09423076 0.99538010
vn -0.03613673 0.08869925 0.99540269
vn -0.05180980 0.08047055 0.99540961
vn -0.06738415 0.06959346 0.99529696
vn -0.08046116 0.05400817 0.99529350
vn -0.08869202 0.03832371 0.99532157
vn -0.09422678 0.02057826 0.99533808
vn -0.09707414 0.00106675 0.99527657
vn -0.09423076 -0.01841291 0.99538010
vn -0.08869925 -0.03613673 0.99540269
vn -0.08047055 -0.05180980 0.99540961
vn -0.06959346 -0.06738415 0.99529696
vn -0.05400817 -0.08046116 0.99529350
vn -0.07678587 -0.14530249 -0.98640311
vn -0.01934996 -0.16049080 -0.98684764
vn 0.58824110 0.77968967 -0.21460764
vn 0.57692772 0.80710864 0.12541908
vn 0.53287786 0.81992954 0.20918128
vn 0.55523270 0.76964533 0.31521857
vn 0.50116730 0.77689040 0.38114664
vn 0.51235956 0.70595467 0.48899463
vn 0.45368934 0.70629293 0.54343009
vn 0.44940129 0.61646497 0.64653641
vn 0.39093637 0.61527115 0.68455106
vn 0.37308031 0.50228560 0.78007704
vn 0.31497318 0.50174123 0.80563492
vn 0.28331438 0.36725938 0.88591957
vn 0.22734727 0.37402293 0.89912182
vn 0.18166454 0.21879306 0.95871139
vn 0.12838632 0.23472649 0.96354580
vn 0.70830822 0.61015928 -0.35497200
vn 0.74965829 0.61819422 -0.23632234
vn 0.71728295 0.66102546 -0.22034182
vn 0.70824653 0.69327301 -0.13326414
vn 0.71846026 0.69254386 -0.06479101
vn 0.67187840 0.49092364 -0.55459291
vn 0.80055255 0.41396782 -0.43329704
vn 0.78509694 0.49491739 -0.37239712
vn 0.79734570 0.51835394 -0.30911016
vn 0.81787843 0.51679987 -0.25296810
vn 0.65021533 0.21673845 -0.72817880
vn 0.76935214 0.25959733 -0.58370072
vn 0.75322568 0.27433273 -0.59782332
vn 0.78893399 0.32035503 -0.52436221
vn 0.83724362 0.33333251 -0.43348876
vn 0.51483083 -0.12326935 -0.84838313
vn 0.55900747 0.12177853 -0.82017106
vn 0.66560465 0.08593146 -0.74134088
vn 0.36198160 -0.05396817 -0.93062174
vn 0.52391785 0.08377006 -0.84763944
vn 0.18695121 -0.08431133 -0.97874451
vn 0.26232421 -0.03571551 -0.96431863
vn 0.32641393 -0.10880465 -0.93894380
vn 0.10674295 -0.13792628 -0.98467368
vn -0.12288021 -0.32272935 -0.93848079
vn -0.14385734 -0.32196644 -0.93575782
vn -0.19610360 -0.48052868 -0.85477221
vn -0.20947732 -0.48074290 -0.85147256
vn -0.25801381 -0.62208235 -0.73921746
vn -0.26862273 -0.62148809 -0.73593092
vn -0.31081724 -0.73919749 -0.59747773
vn -0.31783330 -0.74053544 -0.59210569
vn -0.34847686 -0.83098322 -0.43362504
vn -0.35496071 -0.83139682 -0.42753044
vn -0.37529862 -0.89151967 -0.25366035
vn -0.38195235 -0.89023131 -0.24819471
vn -0.38692176 -0.91977596 -0.06560265
vn -0.39255583 -0.91775000 -0.06029015
vn -0.38635224 -0.91357660 0.12692438
vn -0.38957247 -0.91179508 0.12985750
vn -0.36984161 -0.87513959 0.31200629
vn -0.37309998 -0.87259710 0.31523141
vn -0.33906066 -0.80387622 0.48869306
vn -0.34362635 -0.80072927 0.49066645
vn -0.29776996 -0.70338094 0.64543653
vn -0.29782245 -0.70028520 0.64876997
vn -0.24230970 -0.57685339 0.78008091
vn -0.24569099 -0.57432222 0.78089046
vn -0.17952341 -0.42764521 0.88594073
vn -0.18257321 -0.42503044 0.88657552
vn -0.11051055 -0.26392519 0.95819145
vn -0.11315518 -0.26142749 0.95856744
vn 0.20335913 0.20070083 0.95831329
vn 0.20335913 0.20070083 0.95831329
vn 0.33298126 0.32695445 0.88443440
vn 0.33298126 0.32695445 0.88443440
vn 0.44762692 0.43786052 0.77968472
vn 0.44762692 0.43786052 0.77968472
vn 0.54479802 0.53467798 0.64599890
vn 0.54479802 0.53467798 0.64599890
vn 0.62347126 0.61002713 0.48903003
vn 0.62347126 0.61002713 0.48903003
vn 0.67816490 0.66521668 0.31237668
vn 0.67816490 0.66521668 0.31237668
vn 0.70732737 0.69536412 0.12710957
vn 0.70732737 0.69536412 0.12710957
vn 0.71170795 0.70025188 -0.05584831
vn 0.23920652 0.15726838 0.95814764
vn 0.23920652 0.15726838 0.95814764
vn 0.38950408 0.25519234 0.88496524
vn 0.38950408 0.25519234 0.88496524
vn 0.52295768 0.34273842 0.78041375
vn 0.52295768 0.34273842 0.78041375
vn 0.63743889 0.41774714 0.64742488
vn 0.63743889 0.41774714 0.64742488
vn 0.72992140 0.47833854 0.48826942
vn 0.72992140 0.47833854 0.48826942
vn 0.79422861 0.52046645 0.31355318
vn 0.79422861 0.52046645 0.31355318
vn 0.82997429 0.54306960 0.12735055
vn 0.82997429 0.54306960 0.12735055
vn 0.83490318 0.54671323 -0.06357130
vn 0.83490318 0.54671323 -0.06357130
vn 0.81360978 0.53262877 -0.23312159
vn 0.26641738 0.10786656 0.95780301
vn 0.26641738 0.10786656 0.95780301
vn 0.43172845 0.17298211 0.88526136
vn 0.43172845 0.17298211 0.88526136
vn 0.58045709 0.23498397 0.77964878
vn 0.58045709 0.23498397 0.77964878
vn 0.70873284 0.28637287 0.64473891
vn 0.70873284 0.28637287 0.64473891
vn 0.81060576 0.32519409 0.48699799
vn 0.81060576 0.32519409 0.48699799
vn 0.88094711 0.35509875 0.31278911
vn 0.88094711 0.35509875 0.31278911
vn 0.91965729 0.37201175 0.12584783
vn 0.91965729 0.37201175 0.12584783
vn 0.92511624 0.37403980 -0.06522402
vn 0.92511624 0.37403980 -0.06522402
vn 0.89720380 0.36213332 -0.25275430
vn 0.89720380 0.36213332 -0.25275430
vn 0.83655947 0.33744895 -0.43162075
vn 0.28147703 0.05427584 0.95803171
vn 0.28147703 0.05427584 0.95803171
vn 0.45616189 0.08509442 0.88581896
vn 0.45616189 0.08509442 0.88581896
vn 0.61485237 0.11648282 0.77999252
vn 0.61485237 0.11648282 0.77999252
vn 0.74905425 0.14260551 0.64697868
vn 0.74905425 0.14260551 0.64697868
vn 0.85793662 0.16334642 0.48709610
vn 0.85793662 0.16334642 0.48709610
vn 0.93320996 0.17662841 0.31292436
vn 0.93320996 0.17662841 0.31292436
vn 0.97465277 0.18439378 0.12669232
vn 0.97465277 0.18439378 0.12669232
vn 0.98039269 0.18645506 -0.06375559
vn 0.98039269 0.18645506 -0.06375559
vn 0.95063645 0.17985013 -0.25287199
vn 0.95063645 0.17985013 -0.25287199
vn 0.88564962 0.16669346 -0.43340299
vn 0.88564962 0.16669346 -0.43340299
vn 0.78733832 0.14846951 -0.59837711
vn 0.78733832 0.14846951 -0.59837711
vn 0.68294281 0.13001318 -0.71880853
vn 0.28611705 -0.00365256 0.95818770
vn 0.28611705 -0.00365256 0.95818770
vn 0.46459675 -0.00397091 0.88551342
vn 0.46459675 -0.00397091 0.88551342
vn 0.62552178 -0.00690421 0.78017616
vn 0.62552178 -0.00690421 0.78017616
vn 0.76284260 -0.00692235 0.64654720
vn 0.76284260 -0.00692235 0.64654720
vn 0.87287378 -0.00668357 0.48790035
vn 0.87287378 -0.00668357 0.48790035
vn 0.94938946 -0.00868722 0.31398109
vn 0.94938946 -0.00868722 0.31398109
vn 0.99190402 -0.00990803 0.12660262
vn 0.99190402 -0.00990803 0.12660262
vn 0.99791342 -0.00942416 -0.06387483
vn 0.99791342 -0.00942416 -0.06387483
vn 0.96728891 -0.00841121 -0.25353783
vn 0.96728891 -0.00841121 -0.25353783
vn 0.90084976 -0.00917896 -0.43403387
vn 0.90084976 -0.00917896 -0.43403387
vn 0.80146331 -0.00687361 -0.59800434
vn 0.80146331 -0.00687361 -0.59800434
vn 0.67300189 -0.00693816 -0.73960823
vn 0.67300189 -0.00693816 -0.73960823
vn 0.50145388 -0.00401163 -0.86517507
vn 0.27974704 -0.05949372 0.95822859
vn 0.27974704 -0.05949372 0.95822859
vn 0.45586261 -0.09397783 0.88507479
vn 0.45586261 -0.09397783 0.88507479
vn 0.61333847 -0.12623188 0.77966750
vn 0.61333847 -0.12623188 0.77966750
vn 0.74663812 -0.15599133 0.64668250
vn 0.74663812 -0.15599133 0.64668250
vn 0.85429090 -0.17680109 0.48880297
vn 0.85429090 -0.17680109 0.48880297
vn 0.92964524 -0.19490300 0.31268609
vn 0.92964524 -0.19490300 0.31268609
vn 0.97131056 -0.20188023 0.12569901
vn 0.97131056 -0.20188023 0.12569901
vn 0.97701359 -0.20318963 -0.06448533
vn 0.97701359 -0.20318963 -0.06448533
vn 0.94700855 -0.19814754 -0.25280893
vn 0.94700855 -0.19814754 -0.25280893
vn 0.88308740 -0.18306124 -0.43202454
vn 0.88308740 -0.18306124 -0.43202454
vn 0.78602052 -0.16444574 -0.59592724
vn 0.78602052 -0.16444574 -0.59592724
vn 0.65879166 -0.13656045 -0.73982751
vn 0.65879166 -0.13656045 -0.73982751
vn 0.50955123 -0.10478096 -0.85403657
vn 0.50955123 -0.10478096 -0.85403657
vn 0.35812244 -0.07588468 -0.93058580
vn 0.26458436 -0.11078655 0.95797783
vn 0.26458436 -0.11078655 0.95797783
vn 0.42741945 -0.18234618 0.88547307
vn 0.42741945 -0.18234618 0.88547307
vn 0.57641405 -0.24524935 0.77948678
vn 0.57641405 -0.24524935 0.77948678
vn 0.70338094 -0.29776996 0.64543653
vn 0.70338094 -0.29776996 0.64543653
vn 0.80187190 -0.34274843 0.48941287
vn 0.80187190 -0.34274843 0.48941287
vn 0.87415200 -0.37246478 0.31165418
vn 0.87415200 -0.37246478 0.31165418
vn 0.91259003 -0.38872156 0.12678732
vn 0.91259003 -0.38872156 0.12678732
vn 0.91840303 -0.39015368 -0.06569598
vn 0.91840303 -0.39015368 -0.06569598
vn 0.88990897 -0.37884271 -0.25404748
vn 0.88990897 -0.37884271 -0.25404748
vn 0.82908392 -0.35216329 -0.43428206
vn 0.82908392 -0.35216329 -0.43428206
vn 0.73845482 -0.31372261 -0.59687740
vn 0.73845482 -0.31372261 -0.59687740
vn 0.61910892 -0.26442760 -0.73944724
vn 0.61910892 -0.26442760 -0.73944724
vn 0.47887588 -0.20265907 -0.85417050
vn 0.47887588 -0.20265907 -0.85417050
vn 0.31661260 -0.13452639 -0.93896699
vn 0.31661260 -0.13452639 -0.93896699
vn 0.18893182 -0.07922947 -0.97878879
vn 0.23721388 -0.16035129 0.95813209
vn 0.23721388 -0.16035129 0.95813209
vn 0.38382885 -0.26136205 0.88564396
vn 0.38382885 -0.26136205 0.88564396
vn 0.51651597 -0.35238940 0.78040570
vn 0.51651597 -0.35238940 0.78040570
vn 0.63214183 -0.42865553 0.64548516
vn 0.63214183 -0.42865553 0.64548516
vn 0.72172463 -0.48944542 0.48944542
vn 0.72172463 -0.48944542 0.48944542
vn 0.78533161 -0.53364319 0.31381404
vn 0.78533161 -0.53364319 0.31381404
vn 0.81860530 -0.55994368 0.12786116
vn 0.81860530 -0.55994368 0.12786116
vn 0.82397258 -0.56302428 -0.06381887
vn 0.82397258 -0.56302428 -0.06381887
vn 0.79967195 -0.54402632 -0.25408679
vn 0.79967195 -0.54402632 -0.25408679
vn 0.74486935 -0.50808972 -0.43245175
vn 0.74486935 -0.50808972 -0.43245175
vn 0.66305035 -0.45261121 -0.59624428
vn 0.66305035 -0.45261121 -0.59624428
vn 0.55696130 -0.37729636 -0.73989290
vn 0.55696130 -0.37729636 -0.73989290
vn 0.42969531 -0.29108390 -0.85477024
vn 0.42969531 -0.29108390 -0.85477024
vn 0.28676549 -0.19533302 -0.93787557
vn 0.28676549 -0.19533302 -0.93787557
vn 0.16278070 -0.11137627 -0.98035598
vn 0.20070083 -0.20335913 0.95831329
vn 0.20070083 -0.20335913 0.95831329
vn 0.32695445 -0.33298126 0.88443440
vn 0.32695445 -0.33298126 0.88443440
vn 0.43786052 -0.44762692 0.77968472
vn 0.43786052 -0.44762692 0.77968472
vn 0.53467798 -0.54479802 0.64599890
vn 0.53467798 -0.54479802 0.64599890
vn 0.61002713 -0.62347126 0.48903003
vn 0.61002713 -0.62347126 0.48903003
vn 0.66521668 -0.67816490 0.31237668
vn 0.66521668 -0.67816490 0.31237668
vn 0.69536412 -0.70732737 0.12710957
vn 0.69536412 -0.70732737 0.12710957
vn 0.69838417 -0.71278381 -0.06479853
vn 0.69838417 -0.71278381 -0.06479853
vn 0.67899889 -0.68849540 -0.25482243
vn 0.67899889 -0.68849540 -0.25482243
vn 0.63259250 -0.64260715 -0.43229935
vn 0.63259250 -0.64260715 -0.43229935
vn 0.56253612 -0.57267189 -0.59632206
vn 0.56253612 -0.57267189 -0.59632206
vn 0.47127396 -0.48119554 -0.73915601
vn 0.47127396 -0.48119554 -0.73915601
vn 0.36437526 -0.37057739 -0.85434371
vn 0.36437526 -0.37057739 -0.85434371
vn 0.24126013 -0.24683839 -0.93854374
vn 0.24126013 -0.24683839 -0.93854374
vn 0.11855386 -0.12094889 -0.98555380
vn 0.15726838 -0.23920652 0.95814764
vn 0.15726838 -0.23920652 0.95814764
vn 0.25519234 -0.38950408 0.88496524
vn 0.25519234 -0.38950408 0.88496524
vn 0.34273842 -0.52295768 0.78041375
vn 0.34273842 -0.52295768 0.78041375
vn 0.41774714 -0.63743889 0.64742488
vn 0.41774714 -0.63743889 0.64742488
vn 0.47833854 -0.72992140 0.48826942
vn 0.47833854 -0.72992140 0.48826942
vn 0.52046645 -0.79422861 0.31355318
vn 0.52046645 -0.79422861 0.31355318
vn 0.54306960 -0.82997429 0.12735055
vn 0.54306960 -0.82997429 0.12735055
vn 0.54671323 -0.83490318 -0.06357130
vn 0.54671323 -0.83490318 -0.06357130
vn 0.52978742 -0.80944055 -0.25324148
vn 0.52978742 -0.80944055 -0.25324148
vn 0.49453965 -0.75413191 -0.43210608
vn 0.49453965 -0.75413191 -0.43210608
vn 0.43805414 -0.67123890 -0.59795225
vn 0.43805414 -0.67123890 -0.59795225
vn 0.36749253 -0.56348854 -0.73988497
vn 0.36749253 -0.56348854 -0.73988497
vn 0.28392306 -0.43432555 -0.85483861
vn 0.28392306 -0.43432555 -0.85483861
vn 0.18935028 -0.28886282 -0.93845868
vn 0.18935028 -0.28886282 -0.93845868
vn 0.09176953 -0.14182565 -0.98562866
vn 0.10786656 -0.26641738 0.95780301
vn 0.10786656 -0.26641738 0.95780301
vn 0.17298211 -0.43172845 0.88526136
vn 0.17298211 -0.43172845 0.88526136
vn 0.23498397 -0.58045709 0.77964878
vn 0.23498397 -0.58045709 0.77964878
vn 0.28637287 -0.70873284 0.64473891
vn 0.28637287 -0.70873284 0.64473891
vn 0.32519409 -0.81060576 0.48699799
vn 0.32519409 -0.81060576 0.48699799
vn 0.35509875 -0.88094711 0.31278911
vn 0.35509875 -0.88094711 0.31278911
vn 0.37201175 -0.91965729 0.12584783
vn 0.37201175 -0.91965729 0.12584783
vn 0.37403980 -0.92511624 -0.06522402
vn 0.37403980 -0.92511624 -0.06522402
vn 0.36213332 -0.89720380 -0.25275430
vn 0.36213332 -0.89720380 -0.25275430
vn 0.33699101 -0.83542424 -0.43416983
vn 0.33699101 -0.83542424 -0.43416983
vn 0.29931572 -0.74428773 -0.59703082
vn 0.29931572 -0.74428773 -0.59703082
vn 0.25100386 -0.62356305 -0.74038243
vn 0.25100386 -0.62356305 -0.74038243
vn 0.19294371 -0.48310709 -0.85403764
vn 0.19294371 -0.48310709 -0.85403764
vn 0.12863196 -0.32090291 -0.93833637
vn 0.12863196 -0.32090291 -0.93833637
vn 0.06214894 -0.15361342 -0.98617470
vn 0.05427584 -0.28147703 0.95803171
vn 0.05427584 -0.28147703 0.95803171
vn 0.08509442 -0.45616189 0.88581896
vn 0.08509442 -0.45616189 0.88581896
vn 0.11648282 -0.61485237 0.77999252
vn 0.11648282 -0.61485237 0.77999252
vn 0.14260551 -0.74905425 0.64697868
vn 0.14260551 -0.74905425 0.64697868
vn 0.16334642 -0.85793662 0.48709610
vn 0.16334642 -0.85793662 0.48709610
vn 0.17662841 -0.93320996 0.31292436
vn 0.17662841 -0.93320996 0.31292436
vn 0.18439378 -0.97465277 0.12669232
vn 0.18439378 -0.97465277 0.12669232
vn 0.18645506 -0.98039269 -0.06375559
vn 0.18645506 -0.98039269 -0.06375559
vn 0.17985013 -0.95063645 -0.25287199
vn 0.17985013 -0.95063645 -0.25287199
vn 0.16669346 -0.88564962 -0.43340299
vn 0.16669346 -0.88564962 -0.43340299
vn 0.14846951 -0.78733832 -0.59837711
vn 0.14846951 -0.78733832 -0.59837711
vn 0.12664257 -0.66003132 -0.74048656
vn 0.12664257 -0.66003132 -0.74048656
vn 0.09564219 -0.50961584 -0.85506976
vn 0.09564219 -0.50961584 -0.85506976
vn 0.06430098 -0.33987659 -0.93826932
vn 0.06430098 -0.33987659 -0.93826932
vn 0.02860893 -0.15448824 -0.98758030
vn -0.00376876 -0.34547001 -0.93842220
vn -0.00376876 -0.34547001 -0.93842220
vn -0.00403984 -0.51844668 -0.85510039
vn -0.00403984 -0.51844668 -0.85510039
vn -0.00693816 -0.67300189 -0.73960823
vn -0.00693816 -0.67300189 -0.73960823
vn -0.00687361 -0.80146331 -0.59800434
vn -0.00687361 -0.80146331 -0.59800434
vn -0.00917896 -0.90084976 -0.43403387
vn -0.00917896 -0.90084976 -0.43403387
vn -0.00841121 -0.96728891 -0.25353783
vn -0.00841121 -0.96728891 -0.25353783
vn -0.00942416 -0.99791342 -0.06387483
vn -0.00942416 -0.99791342 -0.06387483
vn -0.00990803 -0.99190402 0.12660262
vn -0.00990803 -0.99190402 0.12660262
vn -0.00868722 -0.94938946 0.31398109
vn -0.00868722 -0.94938946 0.31398109
vn -0.00935679 -0.87285507 0.48788989
vn -0.00935679 -0.87285507 0.48788989
vn -0.00692235 -0.76284260 0.64654720
vn -0.00692235 -0.76284260 0.64654720
vn -0.00690421 -0.62552178 0.78017616
vn -0.00690421 -0.62552178 0.78017616
vn -0.00397091 -0.46459675 0.88551342
vn -0.00397091 -0.46459675 0.88551342
vn -0.00365256 -0.28611705 0.95818770
vn -0.00365256 -0.28611705 0.95818770
vn -0.06975937 -0.33826712 -0.93846095
vn -0.06975937 -0.33826712 -0.93846095
vn -0.10478096 -0.50955123 -0.85403657
vn -0.10478096 -0.50955123 -0.85403657
vn -0.13656045 -0.65879166 -0.73982751
vn -0.13656045 -0.65879166 -0.73982751
vn -0.16444574 -0.78602052 -0.59592724
vn -0.16444574 -0.78602052 -0.59592724
vn -0.18306124 -0.88308740 -0.43202454
vn -0.18306124 -0.88308740 -0.43202454
vn -0.19814754 -0.94700855 -0.25280893
vn -0.19814754 -0.94700855 -0.25280893
vn -0.20318963 -0.97701359 -0.06448533
vn -0.20318963 -0.97701359 -0.06448533
vn -0.20188023 -0.97131056 0.12569901
vn -0.20188023 -0.97131056 0.12569901
vn -0.19490300 -0.92964524 0.31268609
vn -0.19490300 -0.92964524 0.31268609
vn -0.17680109 -0.85429090 0.48880297
vn -0.17680109 -0.85429090 0.48880297
vn -0.15599133 -0.74663812 0.64668250
vn -0.15599133 -0.74663812 0.64668250
vn -0.12915306 -0.61310595 0.77937192
vn -0.12915306 -0.61310595 0.77937192
vn -0.09397783 -0.45586261 0.88507479
vn -0.09397783 -0.45586261 0.88507479
vn -0.05949372 -0.27974704 0.95822859
vn -0.05949372 -0.27974704 0.95822859
vn 0.54515022 0.83773720 0.03174292
vn 0.57741469 0.81459242 -0.05505911
vn 0.64105403 0.75016963 0.16215788
vn 0.03096552 -0.15482761 -0.98745608
vn -0.00112081 -0.15803412 -0.98743302
vn -0.03325681 -0.15481621 -0.98738337
vn -0.03613673 -0.08869925 0.99540269
vn -0.02057826 -0.09422678 0.99533808
vn -0.00106675 -0.09707414 0.99527657
vn 0.01841291 -0.09423076 0.99538010
vn 0.03613673 -0.08869925 0.99540269
vn 0.05180980 -0.08047055 0.99540961
vn 0.06738415 -0.06959346 0.99529696
vn 0.08046116 -0.05400817 0.99529350
vn 0.08869202 -0.03832371 0.99532157
vn 0.09422678 -0.02057826 0.99533808
vn 0.09707414 -0.00106675 0.99527657
vn 0.09423076 0.01841291 0.99538010
vn 0.08869925 0.03613673 0.99540269
vn 0.08047055 0.05180980 0.99540961
vn 0.06959346 0.06738415 0.99529696
vn 0.07638489 0.06088651 0.99521762
vn 0.11977597 0.62253934 -0.77336830
vn 0.03090639 0.15224259 -0.98785979
vn 0.10612556 0.12758917 -0.98613310
vn 0.06993491 0.15764989 -0.98501551
vn 0.19436365 0.13338682 -0.97181827
vn 0.20732024 0.12337463 -0.97046226
vn 0.28188342 0.12307586 -0.95152199
vn 0.36700642 0.07073215 -0.92752534
vn 0.34423426 0.10664512 -0.93280739
vn 0.35129079 0.60944867 -0.71075112
vn 0.48304951 0.03401757 -0.87493193
vn 0.46766362 0.06483832 -0.88152522
vn 0.56018788 0.51644951 -0.64766467
vn 0.59858418 -0.04952824 -0.79952729
vn 0.58637983 0.01517689 -0.80989403
vn 0.73379034 0.39890614 -0.54993236
vn 0.65646553 -0.10133360 -0.74751890
vn 0.84674209 0.30185506 -0.43807682
vn 0.71496439 -0.12388736 -0.68809724
vn 0.72629178 -0.18579558 -0.66180074
vn 0.91459292 0.21393146 -0.34315181
vn 0.78210729 -0.24509150 -0.57292092
vn 0.78032333 -0.27271906 -0.56277865
vn 0.96269125 0.12049837 -0.24229242
vn 0.80829591 -0.37613770 -0.45296583
vn 0.81304002 -0.36117432 -0.45663890
vn 0.99032527 0.02591295 -0.13632464
vn 0.79382092 -0.49874404 -0.34799826
vn 0.81370771 -0.46019870 -0.35510141
vn 0.99347955 -0.11282072 -0.01643020
vn 0.76230443 -0.59569770 -0.25305364
vn 0.78841770 -0.55957282 -0.25549123
vn 0.95392156 -0.27122596 0.12833619
vn 0.70974690 -0.68543011 -0.16261867
vn 0.73891515 -0.65394747 -0.16234891
vn 0.87496525 -0.40811631 0.26053181
vn 0.63956112 -0.76428282 -0.08266436
vn 0.66142452 -0.74573797 -0.07995241
vn 0.77974355 -0.50529963 0.36969206
vn 0.68572897 -0.57561189 0.44547355
vn 0.69963002 -0.56003636 0.44370833
vn 0.67672384 -0.67350900 0.29737270
vn 0.67672384 -0.67350900 0.29737270
vn 0.63203025 -0.76113856 0.14562216
vn 0.63203025 -0.76113856 0.14562216
vn 0.56442255 -0.82534784 -0.01510620
vn 0.56065410 -0.82802200 -0.00682061
vn 0.08589356 0.63910633 -0.76430708
vn 0.08294480 0.49063960 -0.86740583
vn 0.08294480 0.49063960 -0.86740583
vn 0.07749946 0.32707402 -0.94181550
vn 0.07749946 0.32707402 -0.94181550
vn 0.25750589 0.62401736 -0.73776227
vn 0.24955338 0.47001770 -0.84664428
vn 0.24955338 0.47001770 -0.84664428
vn 0.23313826 0.30751365 -0.92254096
vn 0.23313826 0.30751365 -0.92254096
vn 0.42049965 0.54252696 -0.72721702
vn 0.40868166 0.42791376 -0.80614460
vn 0.40868166 0.42791376 -0.80614460
vn 0.38168395 0.26792717 -0.88460863
vn 0.38168395 0.26792717 -0.88460863
vn 0.57094091 0.50357324 -0.64841372
vn 0.55336410 0.37054175 -0.74598056
vn 0.55336410 0.37054175 -0.74598056
vn 0.51587540 0.21456765 -0.82935721
vn 0.51587540 0.21456765 -0.82935721
vn 0.70504785 0.43630022 -0.55906147
vn 0.68229377 0.29378766 -0.66945058
vn 0.68229377 0.29378766 -0.66945058
vn 0.63733470 0.14246306 -0.75730360
vn 0.63733470 0.14246306 -0.75730360
vn 0.81765914 0.34770361 -0.45884174
vn 0.79042506 0.20105958 -0.57862186
vn 0.79042506 0.20105958 -0.57862186
vn 0.73819894 0.05590244 -0.67226273
vn 0.73819894 0.05590244 -0.67226273
vn 0.90407938 0.23806937 -0.35491323
vn 0.87409592 0.09743557 -0.47588098
vn 0.87409592 0.09743557 -0.47588098
vn 0.81757277 -0.04052925 -0.57439727
vn 0.81757277 -0.04052925 -0.57439727
vn 0.96317643 0.11764974 -0.24176376
vn 0.93212831 -0.01406504 -0.36185503
vn 0.93212831 -0.01406504 -0.36185503
vn 0.86982858 -0.14376132 -0.47194374
vn 0.86982858 -0.14376132 -0.47194374
vn 0.99195862 -0.00768960 -0.12632917
vn 0.96064484 -0.13200697 -0.24440895
vn 0.96064484 -0.13200697 -0.24440895
vn 0.89653033 -0.25551853 -0.36186150
vn 0.89653033 -0.25551853 -0.36186150
vn 0.99025249 -0.13892432 -0.01000255
vn 0.95942622 -0.25193095 -0.12661815
vn 0.95942622 -0.25193095 -0.12661815
vn 0.89690608 -0.36496836 -0.24971519
vn 0.89690608 -0.36496836 -0.24971519
vn 0.96077228 -0.24831867 0.12350929
vn 0.92957854 -0.36851603 -0.00892599
vn 0.92957854 -0.36851603 -0.00892599
vn 0.86899340 -0.47439206 -0.14072180
vn 0.86899340 -0.47439206 -0.14072180
vn 0.90086776 -0.36005318 0.24248481
vn 0.87157345 -0.47915214 0.10379260
vn 0.87157345 -0.47915214 0.10379260
vn 0.81417990 -0.57956201 -0.03491337
vn 0.81417990 -0.57956201 -0.03491337
vn 0.81342721 -0.46322373 0.35179535
vn 0.78619945 -0.58311075 0.20462726
vn 0.78619945 -0.58311075 0.20462726
vn 0.73402339 -0.67656559 0.05889425
vn 0.73402339 -0.67656559 0.05889425
vn 0.06966063 -0.98587495 0.15230882
vn 0.07739659 -0.98472273 0.15598390
vn 0.46018204 -0.88622594 0.05325549
vn 0.34269893 -0.93402255 0.10079380
vn 0.33956000 -0.93546772 0.09797581
vn 0.47840142 -0.66304761 0.57576030
vn 0.21807142 -0.96648222 0.13548817
vn 0.20525916 -0.97020012 0.12876506
vn 0.31799892 -0.72155082 0.61501312
vn 0.10446928 -0.76365572 0.63711548
vn 0.46018204 -0.88622594 0.05325549
vn 0.51363653 -0.83065850 0.21490431
vn 0.51363653 -0.83065850 0.21490431
vn 0.54908210 -0.74785960 0.37311512
vn 0.54974794 -0.74876654 0.37030500
vn 0.56745666 -0.63817829 0.52030897
vn 0.58392441 -0.63440776 0.50651658
vn 0.41836816 -0.70940691 0.56719476
vn 0.40544719 -0.80608666 0.43108809
vn 0.40544719 -0.80608666 0.43108809
vn 0.37881595 -0.88490212 0.27101064
vn 0.37881595 -0.88490212 0.27101064
vn 0.25338942 -0.76646358 0.59019274
vn 0.24603964 -0.84814906 0.46915635
vn 0.24603964 -0.84814906 0.46915635
vn 0.22982302 -0.92357451 0.30690652
vn 0.22982302 -0.92357451 0.30690652
vn 0.08579325 -0.77213925 0.62963521
vn 0.08294480 -0.86740583 0.49063960
vn 0.08294480 -0.86740583 0.49063960
vn 0.07749946 -0.94181550 0.32707402
vn 0.07749946 -0.94181550 0.32707402
vn -0.06715374 -0.98609966 0.15197952
vn -0.20606862 -0.96890646 0.13695243
vn -0.20614022 -0.96924311 0.13443927
vn -0.22278495 -0.74313587 0.63096440
vn -0.34032345 -0.93488067 0.10088640
vn -0.33775297 -0.93521243 0.10630472
vn -0.37574980 -0.70719719 0.59890252
vn -0.47546315 -0.87872130 0.04223312
vn -0.46316203 -0.88346428 0.07051124
vn -0.53090602 -0.65225595 0.54101849
vn -0.59541070 -0.80189520 -0.04949970
vn -0.58077431 -0.81363851 0.02633583
vn -0.65392751 -0.57996136 0.48582274
vn -0.74499828 -0.53541631 0.39787820
vn -0.64959484 -0.75469786 -0.09196512
vn -0.82867885 -0.45758170 0.32235137
vn -0.71202993 -0.69113177 -0.12389620
vn -0.72197419 -0.67007750 -0.17248009
vn -0.90076953 -0.36470181 0.23581120
vn -0.77224404 -0.59127373 -0.23245326
vn -0.77154005 -0.57904947 -0.26349118
vn -0.95467055 -0.26157176 0.14207198
vn -0.80392510 -0.49509051 -0.32952970
vn -0.79880702 -0.48184553 -0.36018354
vn -0.98647130 -0.15685940 0.04763878
vn -0.81228799 -0.38779169 -0.43566722
vn -0.80521858 -0.38259888 -0.45303550
vn -0.99815857 -0.04964387 -0.03485633
vn -0.98946810 0.01229847 -0.14422755
vn -0.78568947 -0.27981296 -0.55172157
vn -0.78826046 -0.27960342 -0.54814905
vn -0.96886456 0.10511864 -0.22416866
vn -0.72638208 -0.17280246 -0.66521305
vn -0.75485122 -0.17231958 -0.63285506
vn -0.93219298 0.20045654 -0.30138570
vn -0.87571234 0.26678327 -0.40243578
vn -0.62822342 -0.08560088 -0.77330965
vn -0.69981927 -0.06493168 -0.71136266
vn -0.80696172 0.34538597 -0.47908378
vn -0.58583868 -0.03775094 -0.80954802
vn -0.72277826 0.42175847 -0.54745901
vn -0.54104120 0.01499107 -0.84086251
vn -0.43779415 0.03614814 -0.89834821
vn -0.49407375 0.05397444 -0.86774296
vn -0.62062222 0.49616140 -0.60716701
vn -0.34848142 0.08678655 -0.93328929
vn -0.36953387 0.09339867 -0.92451149
vn -0.50924802 0.55966866 -0.65378708
vn -0.38591906 0.57969970 -0.71764523
vn -0.26315325 0.12175748 -0.95703995
vn -0.17882940 0.10729764 -0.97801185
vn -0.24290958 0.14049365 -0.95982105
vn -0.25365594 0.61287057 -0.74836379
vn -0.10196253 0.14034842 -0.98483807
vn -0.11365651 0.63618124 -0.76312226
vn -0.06949882 -0.98594093 0.15195505
vn -0.07749946 -0.94181550 0.32707402
vn -0.07749946 -0.94181550 0.32707402
vn -0.08294480 -0.86740583 0.49063960
vn -0.08294480 -0.86740583 0.49063960
vn -0.08592416 -0.76166672 0.64224666
vn -0.07355005 -0.76578587 0.63887596
vn -0.12959248 0.63902497 -0.75819045
vn -0.12558167 0.48644850 -0.86463696
vn -0.12558167 0.48644850 -0.86463696
vn -0.11725760 0.32212144 -0.93940860
vn -0.11725760 0.32212144 -0.93940860
vn -0.10479502 0.14334030 -0.98410952
vn -0.04745514 0.15162495 -0.98729831
vn -0.25365594 -0.74836379 0.61287057
vn -0.24603964 -0.84814906 0.46915635
vn -0.24603964 -0.84814906 0.46915635
vn -0.22982302 -0.92357451 0.30690652
vn -0.22982302 -0.92357451 0.30690652
vn -0.41465744 -0.71202135 0.56664348
vn -0.40172240 -0.80824625 0.43053117
vn -0.40172240 -0.80824625 0.43053117
vn -0.37524974 -0.88654619 0.27059841
vn -0.37524974 -0.88654619 0.27059841
vn -0.56416577 -0.65173775 0.50690717
vn -0.54546446 -0.75062424 0.37286973
vn -0.54546446 -0.75062424 0.37286973
vn -0.50975531 -0.83234674 0.21759705
vn -0.50975531 -0.83234674 0.21759705
vn -0.69572252 -0.57285029 0.43337369
vn -0.67497551 -0.67497551 0.29802021
vn -0.67497551 -0.67497551 0.29802021
vn -0.62994272 -0.76224571 0.14884089
vn -0.62994272 -0.76224571 0.14884089
vn -0.80792022 -0.47009164 0.35535741
vn -0.78140783 -0.58721179 0.21114965
vn -0.78140783 -0.58721179 0.21114965
vn -0.72966409 -0.68073201 0.06476308
vn -0.72966409 -0.68073201 0.06476308
vn -0.89659286 -0.36779511 0.24667382
vn -0.86656028 -0.48681560 0.10992610
vn -0.86656028 -0.48681560 0.10992610
vn -0.80941278 -0.58651084 -0.02925588
vn -0.80941278 -0.58651084 -0.02925588
vn -0.95662951 -0.25922424 0.13290176
vn -0.92572862 -0.37818626 0.00127335
vn -0.92572862 -0.37818626 0.00127335
vn -0.86520684 -0.48388028 -0.13144210
vn -0.86520684 -0.48388028 -0.13144210
vn -0.98955911 -0.14391559 0.00780937
vn -0.95835561 -0.26208091 -0.11343801
vn -0.95835561 -0.26208091 -0.11343801
vn -0.89556175 -0.37622446 -0.23753780
vn -0.89556175 -0.37622446 -0.23753780
vn -0.99241722 -0.03007325 -0.11917917
vn -0.96189439 -0.14526568 -0.23163988
vn -0.96189439 -0.14526568 -0.23163988
vn -0.89846098 -0.26791012 -0.34783909
vn -0.89846098 -0.26791012 -0.34783909
vn -0.96886456 0.10511864 -0.22416866
vn -0.93723267 -0.02948885 -0.34745562
vn -0.93723267 -0.02948885 -0.34745562
vn -0.87567008 -0.15881537 -0.45604780
vn -0.87567008 -0.15881537 -0.45604780
vn -0.91377312 0.21153489 -0.34680209
vn -0.88489646 0.08221873 -0.45847392
vn -0.88489646 0.08221873 -0.45847392
vn -0.82708961 -0.05495144 -0.55937749
vn -0.82708961 -0.05495144 -0.55937749
vn -0.83363402 0.32811585 -0.44429085
vn -0.80580151 0.18361956 -0.56299883
vn -0.80580151 0.18361956 -0.56299883
vn -0.75308090 0.04112871 -0.65664119
vn -0.75308090 0.04112871 -0.65664119
vn -0.72851771 0.42125174 -0.54019338
vn -0.70463920 0.27642307 -0.65350890
vn -0.70463920 0.27642307 -0.65350890
vn -0.65834463 0.12689182 -0.74194396
vn -0.65834463 0.12689182 -0.74194396
vn -0.60035795 0.49609408 -0.62726474
vn -0.58209527 0.35382259 -0.73210299
vn -0.58209527 0.35382259 -0.73210299
vn -0.54389203 0.19957943 -0.81507635
vn -0.54389203 0.19957943 -0.81507635
vn -0.45522070 0.55193424 -0.69867206
vn -0.44017431 0.41760126 -0.79489350
vn -0.44017431 0.41760126 -0.79489350
vn -0.41202632 0.25808242 -0.87385803
vn -0.41202632 0.25808242 -0.87385803
vn -0.29702297 0.61491781 -0.73051596
vn -0.28713590 0.46096954 -0.83967853
vn -0.28713590 0.46096954 -0.83967853
vn -0.26835984 0.30027288 -0.91532463
vn -0.26835984 0.30027288 -0.91532463
vn -0.02144573 0.32673201 -0.94487369
vn -0.01924078 0.15279444 -0.98807067
vn -0.01924078 0.15279444 -0.98807067
vn -0.02144573 0.32673201 -0.94487369
vn -0.02301700 0.49148068 -0.87058425
vn -0.02301700 0.49148068 -0.87058425
vn -0.02374962 0.64123970 -0.76697296
vn -0.02374962 0.64123970 -0.76697296
vn -0.04846556 0.18085927 -0.98231411
vn -0.10609800 0.19596925 -0.97485346
vn -0.18158126 0.12397618 -0.97552967
vn -0.35152242 0.10993558 -0.92970216
vn -0.24440712 0.03283081 -0.96911675
vn -0.53832436 0.02328629 -0.84241593
vn -0.41927770 -0.01175545 -0.90778196
vn -0.35321295 0.10420460 -0.92972147
vn -0.72291386 -0.05892538 -0.68842095
vn -0.59248519 -0.14476338 -0.79246759
vn -0.53617179 0.00405168 -0.84409916
vn -0.84019244 -0.34577751 -0.41774932
vn -0.73606187 -0.32516140 -0.59370267
vn -0.87783158 -0.16450244 -0.44983408
vn -0.84722787 -0.20014443 -0.49208441
vn -0.64541280 -0.27569485 -0.71234453
vn -0.80485815 -0.54122448 -0.24347347
vn -0.77607805 -0.51792318 -0.35980335
vn -0.79951596 -0.42951864 -0.41986653
vn -0.68127394 -0.49714583 -0.53731924
vn -0.70917046 -0.70346290 -0.04708778
vn -0.68431824 -0.70584738 -0.18299747
vn -0.68737191 -0.70861518 -0.15932462
vn -0.75738078 -0.60307038 -0.25036082
vn -0.61170703 -0.78970951 0.04661970
vn -0.56091046 -0.82024050 -0.11218210
vn -0.38365597 -0.91206127 0.14474933
vn -0.36095533 -0.93170780 -0.04039573
vn -0.35329854 -0.92304486 0.15221164
vn -0.44309735 -0.89562231 -0.03905721
vn -0.19759808 -0.96732658 0.15885337
vn -0.20125204 -0.97375989 0.10625108
vn 0.21599622 -0.96616274 0.14097957
vn 0.21666899 -0.96795911 0.12692444
vn 0.12830779 -0.23717500 0.96295643
vn 0.08599509 -0.27082035 0.95878106
vn 0.19261792 -0.39247712 0.89936644
vn 0.15721221 -0.43413645 0.88702303
vn 0.25367290 -0.53691506 0.80459446
vn 0.22128615 -0.58339077 0.78146505
vn 0.30449551 -0.66215694 0.68471217
vn 0.27575088 -0.70930141 0.64873183
vn 0.34778035 -0.76511675 0.54189032
vn 0.31850919 -0.80974227 0.49281770
vn 0.38114798 -0.84228998 0.38114798
vn 0.34946650 -0.88198686 0.31618398
vn 0.40102550 -0.89165747 0.21006098
vn 0.37032163 -0.91811812 0.14114144
vn 0.45290342 -0.89102364 0.03091032
vn 0.38919795 -0.91632217 0.09422687
vn 0.31325245 -0.94966257 -0.00371446
vn -0.15994506 0.23661295 0.95834851
vn -0.15994506 0.23661295 0.95834851
vn -0.26136205 0.38382885 0.88564396
vn -0.26136205 0.38382885 0.88564396
vn -0.35238940 0.51651597 0.78040570
vn -0.35238940 0.51651597 0.78040570
vn -0.42863169 0.62877101 0.64878494
vn -0.42863169 0.62877101 0.64878494
vn -0.49061909 0.72012901 0.49061909
vn -0.49061909 0.72012901 0.49061909
vn -0.53444117 0.78331530 0.31747404
vn -0.53444117 0.78331530 0.31747404
vn -0.55770826 0.81963986 0.13096578
vn -0.55770826 0.81963986 0.13096578
vn -0.56180978 0.82502544 -0.06085093
vn -0.56180978 0.82502544 -0.06085093
vn -0.54570848 0.80068338 -0.24720128
vn -0.54570848 0.80068338 -0.24720128
vn -0.50756299 0.74738240 -0.42871824
vn -0.50756299 0.74738240 -0.42871824
vn -0.45250523 0.66623461 -0.59276515
vn -0.45250523 0.66623461 -0.59276515
vn -0.38123077 0.56121099 -0.73464644
vn -0.38123077 0.56121099 -0.73464644
vn -0.29505575 0.43408722 -0.85118175
vn -0.29505575 0.43408722 -0.85118175
vn -0.19886848 0.29065394 -0.93593353
vn -0.19886848 0.29065394 -0.93593353
vn -0.09397393 0.13679749 -0.98613149
vn -0.20335913 0.20070083 0.95831329
vn -0.20335913 0.20070083 0.95831329
vn -0.32974038 0.32371771 0.88683599
vn -0.32974038 0.32371771 0.88683599
vn -0.44649273 0.43675107 0.78095633
vn -0.44649273 0.43675107 0.78095633
vn -0.54361165 0.53351361 0.64795816
vn -0.54361165 0.53351361 0.64795816
vn -0.62141031 0.61130607 0.49005529
vn -0.62141031 0.61130607 0.49005529
vn -0.67747664 0.66454154 0.31529343
vn -0.67747664 0.66454154 0.31529343
vn -0.70705539 0.69509673 0.13005036
vn -0.70705539 0.69509673 0.13005036
vn -0.71160436 0.70010364 -0.05894097
vn -0.71160436 0.70010364 -0.05894097
vn -0.69125235 0.67859787 -0.24834466
vn -0.69125235 0.67859787 -0.24834466
vn -0.64412475 0.63413829 -0.42775208
vn -0.64412475 0.63413829 -0.42775208
vn -0.57382590 0.56366968 -0.59413832
vn -0.57382590 0.56366968 -0.59413832
vn -0.48415339 0.47423899 -0.73531830
vn -0.48415339 0.47423899 -0.73531830
vn -0.37480107 0.36858031 -0.85068959
vn -0.37480107 0.36858031 -0.85068959
vn -0.25042167 0.24762367 -0.93593353
vn -0.25042167 0.24762367 -0.93593353
vn -0.12356384 0.12116454 -0.98491174
vn -0.23920652 0.15726838 0.95814764
vn -0.23920652 0.15726838 0.95814764
vn -0.38696781 0.25548840 0.88599193
vn -0.38696781 0.25548840 0.88599193
vn -0.52164650 0.34187910 0.78166723
vn -0.52164650 0.34187910 0.78166723
vn -0.63743889 0.41774714 0.64742488
vn -0.63743889 0.41774714 0.64742488
vn -0.72718507 0.47871637 0.49196804
vn -0.72718507 0.47871637 0.49196804
vn -0.79343307 0.51994509 0.31641918
vn -0.79343307 0.51994509 0.31641918
vn -0.82874608 0.54418546 0.13054584
vn -0.82874608 0.54418546 0.13054584
vn -0.83461624 0.54749703 -0.06052024
vn -0.83461624 0.54749703 -0.06052024
vn -0.81007439 0.53020221 -0.25033009
vn -0.81007439 0.53020221 -0.25033009
vn -0.75660950 0.49401185 -0.42836243
vn -0.75660950 0.49401185 -0.42836243
vn -0.67474234 0.44149807 -0.59144080
vn -0.67474234 0.44149807 -0.59144080
vn -0.56775570 0.37141368 -0.73464644
vn -0.56775570 0.37141368 -0.73464644
vn -0.43871966 0.28786168 -0.85127008
vn -0.43871966 0.28786168 -0.85127008
vn -0.29605642 0.19320114 -0.93542707
vn -0.29605642 0.19320114 -0.93542707
vn -0.14179422 0.09413230 -0.98541027
vn -0.26334360 0.10767251 0.95867449
vn -0.26334360 0.10767251 0.95867449
vn -0.42935860 0.17319889 0.88637084
vn -0.42935860 0.17319889 0.88637084
vn -0.57838774 0.23540848 0.78105730
vn -0.57838774 0.23540848 0.78105730
vn -0.70567042 0.28642860 0.64806467
vn -0.70567042 0.28642860 0.64806467
vn -0.80825531 0.32552522 0.49066970
vn -0.80825531 0.32552522 0.49066970
vn -0.87942827 0.35570678 0.31635201
vn -0.87942827 0.35570678 0.31635201
vn -0.91985178 0.37043804 0.12902898
vn -0.91985178 0.37043804 0.12902898
vn -0.92580551 0.37324440 -0.05977223
vn -0.92580551 0.37324440 -0.05977223
vn -0.89844215 0.36144224 -0.24932139
vn -0.89844215 0.36144224 -0.24932139
vn -0.83862501 0.33701751 -0.42793387
vn -0.83862501 0.33701751 -0.42793387
vn -0.74782628 0.30265346 -0.59089488
vn -0.74782628 0.30265346 -0.59089488
vn -0.62790442 0.25464132 -0.73545480
vn -0.62790442 0.25464132 -0.73545480
vn -0.48759297 0.19653748 -0.85066217
vn -0.48759297 0.19653748 -0.85066217
vn -0.32569078 0.13218412 -0.93619066
vn -0.32569078 0.13218412 -0.93619066
vn -0.19086216 0.07658800 -0.97862452
vn -0.28147703 0.05427584 0.95803171
vn -0.28147703 0.05427584 0.95803171
vn -0.45616189 0.08509442 0.88581896
vn -0.45616189 0.08509442 0.88581896
vn -0.61301321 0.11669409 0.78140724
vn -0.61301321 0.11669409 0.78140724
vn -0.74905425 0.14260551 0.64697868
vn -0.74905425 0.14260551 0.64697868
vn -0.85592079 0.16352358 0.49057075
vn -0.85592079 0.16352358 0.49057075
vn -0.93203062 0.17693256 0.31624955
vn -0.93203062 0.17693256 0.31624955
vn -0.97408408 0.18523979 0.12979387
vn -0.97408408 0.18523979 0.12979387
vn -0.98072439 0.18560718 -0.06107075
vn -0.98072439 0.18560718 -0.06107075
vn -0.95154005 0.17951040 -0.24969491
vn -0.95154005 0.17951040 -0.24969491
vn -0.88804871 0.16949706 -0.42736438
vn -0.88804871 0.16949706 -0.42736438
vn -0.79205555 0.15122421 -0.59142143
vn -0.79205555 0.15122421 -0.59142143
vn -0.66628683 0.12669884 -0.73485321
vn -0.66628683 0.12669884 -0.73485321
vn -0.51618487 0.09866137 -0.85077560
vn -0.51618487 0.09866137 -0.85077560
vn -0.34620520 0.06450211 -0.93593884
vn -0.28611705 -0.00365256 0.95818770
vn -0.28611705 -0.00365256 0.95818770
vn -0.46350983 -0.00396162 0.88608289
vn -0.46350983 -0.00396162 0.88608289
vn -0.62417603 -0.00688936 0.78125340
vn -0.62417603 -0.00688936 0.78125340
vn -0.76147765 -0.00690996 0.64815432
vn -0.76147765 -0.00690996 0.64815432
vn -0.87109107 -0.00669041 0.49107590
vn -0.87109107 -0.00669041 0.49107590
vn -0.94839847 -0.00870090 0.31696147
vn -0.94839847 -0.00870090 0.31696147
vn -0.99126554 -0.00994581 0.13150568
vn -0.99126554 -0.00994581 0.13150568
vn -0.99818695 -0.00938734 -0.05945314
vn -0.99818695 -0.00938734 -0.05945314
vn -0.96875530 -0.00838231 -0.24787681
vn -0.96875530 -0.00838231 -0.24787681
vn -0.90385967 -0.00915632 -0.42773098
vn -0.90385967 -0.00915632 -0.42773098
vn -0.80603659 -0.00686573 -0.59182584
vn -0.80603659 -0.00686573 -0.59182584
vn -0.67740029 -0.00692638 -0.73558193
vn -0.67740029 -0.00692638 -0.73558193
vn -0.52477038 -0.00404707 -0.85123420
vn -0.27978832 -0.05697047 0.95836991
vn -0.27978832 -0.05697047 0.95836991
vn -0.45250922 -0.09386414 0.88680601
vn -0.45250922 -0.09386414 0.88680601
vn -0.61006159 -0.12616846 0.78224444
vn -0.61006159 -0.12616846 0.78224444
vn -0.74517649 -0.15568596 0.64843959
vn -0.74517649 -0.15568596 0.64843959
vn -0.85304904 -0.17654407 0.49105954
vn -0.85304904 -0.17654407 0.49105954
vn -0.92894727 -0.19253521 0.31620747
vn -0.92894727 -0.19253521 0.31620747
vn -0.97053134 -0.20224702 0.13101538
vn -0.97053134 -0.20224702 0.13101538
vn -0.97752565 -0.20228846 -0.05935410
vn -0.97752565 -0.20228846 -0.05935410
vn -0.94821334 -0.19726102 -0.24895702
vn -0.94821334 -0.19726102 -0.24895702
vn -0.88436401 -0.18564336 -0.42829531
vn -0.88436401 -0.18564336 -0.42829531
vn -0.78857851 -0.16435002 -0.59256470
vn -0.78857851 -0.16435002 -0.59256470
vn -0.66481823 -0.13956681 -0.73385131
vn -0.26150358 -0.11058609 0.95884651
vn -0.26150358 -0.11058609 0.95884651
vn -0.42741945 -0.18234618 0.88547307
vn -0.42741945 -0.18234618 0.88547307
vn -0.57292092 -0.24509150 0.78210729
vn -0.57292092 -0.24509150 0.78210729
vn -0.70028520 -0.29782245 0.64876997
vn -0.70028520 -0.29782245 0.64876997
vn -0.80274558 -0.33993003 0.48994610
vn -0.80274558 -0.33993003 0.48994610
vn -0.87358624 -0.37047374 0.31558874
vn -0.87358624 -0.37047374 0.31558874
vn -0.91278517 -0.38719982 0.12999849
vn -0.91278517 -0.38719982 0.12999849
vn -0.91913033 -0.38932595 -0.06020504
vn -0.91913033 -0.38932595 -0.06020504
vn -0.89184946 -0.37840533 -0.24781840
vn -0.89184946 -0.37840533 -0.24781840
vn -0.83139682 -0.35496071 -0.42753044
vn -0.23661295 -0.15994506 0.95834851
vn -0.23661295 -0.15994506 0.95834851
vn -0.38382885 -0.26136205 0.88564396
vn -0.38382885 -0.26136205 0.88564396
vn -0.51651597 -0.35238940 0.78040570
vn -0.51651597 -0.35238940 0.78040570
vn -0.62877101 -0.42863169 0.64878494
vn -0.62877101 -0.42863169 0.64878494
vn -0.72012901 -0.49061909 0.49061909
vn -0.72012901 -0.49061909 0.49061909
vn -0.78331530 -0.53444117 0.31747404
vn -0.78331530 -0.53444117 0.31747404
vn -0.81963986 -0.55770826 0.13096578
vn -0.81963986 -0.55770826 0.13096578
vn -0.82502544 -0.56180978 -0.06085093
vn -0.82502544 -0.56180978 -0.06085093
vn -0.80068338 -0.54570848 -0.24720128
vn -0.20070083 -0.20335913 0.95831329
vn -0.20070083 -0.20335913 0.95831329
vn -0.32371771 -0.32974038 0.88683599
vn -0.32371771 -0.32974038 0.88683599
vn -0.43675107 -0.44649273 0.78095633
vn -0.43675107 -0.44649273 0.78095633
vn -0.53351361 -0.54361165 0.64795816
vn -0.53351361 -0.54361165 0.64795816
vn -0.61130607 -0.62141031 0.49005529
vn -0.61130607 -0.62141031 0.49005529
vn -0.66454154 -0.67747664 0.31529343
vn -0.66454154 -0.67747664 0.31529343
vn -0.69509673 -0.70705539 0.13005036
vn -0.69509673 -0.70705539 0.13005036
vn -0.70010364 -0.71160436 -0.05894097
vn -0.15726838 -0.23920652 0.95814764
vn -0.15726838 -0.23920652 0.95814764
vn -0.25548840 -0.38696781 0.88599193
vn -0.25548840 -0.38696781 0.88599193
vn -0.34187910 -0.52164650 0.78166723
vn -0.34187910 -0.52164650 0.78166723
vn -0.41774714 -0.63743889 0.64742488
vn -0.41774714 -0.63743889 0.64742488
vn -0.47871637 -0.72718507 0.49196804
vn -0.47871637 -0.72718507 0.49196804
vn -0.51994509 -0.79343307 0.31641918
vn -0.51994509 -0.79343307 0.31641918
vn -0.54418546 -0.82874608 0.13054584
vn -0.54418546 -0.82874608 0.13054584
vn -0.54798394 -0.83522230 -0.04601392
vn -0.10767251 -0.26334360 0.95867449
vn -0.10767251 -0.26334360 0.95867449
vn -0.17319889 -0.42935860 0.88637084
vn -0.17319889 -0.42935860 0.88637084
vn -0.23540848 -0.57838774 0.78105730
vn -0.23540848 -0.57838774 0.78105730
vn -0.28642860 -0.70567042 0.64806467
vn -0.28642860 -0.70567042 0.64806467
vn -0.32552522 -0.80825531 0.49066970
vn -0.32552522 -0.80825531 0.49066970
vn -0.35570678 -0.87942827 0.31635201
vn -0.35570678 -0.87942827 0.31635201
vn -0.37043804 -0.91985178 0.12902898
vn -0.05427584 -0.28147703 0.95803171
vn -0.05427584 -0.28147703 0.95803171
vn -0.08509442 -0.45616189 0.88581896
vn -0.08509442 -0.45616189 0.88581896
vn -0.11669409 -0.61301321 0.78140724
vn -0.11669409 -0.61301321 0.78140724
vn -0.14260551 -0.74905425 0.64697868
vn -0.14260551 -0.74905425 0.64697868
vn -0.16352358 -0.85592079 0.49057075
vn -0.16352358 -0.85592079 0.49057075
vn -0.17693256 -0.93203062 0.31624955
vn -0.17693256 -0.93203062 0.31624955
vn -0.18429604 -0.97232056 0.14362381
vn 0.00365256 -0.28611705 0.95818770
vn 0.00365256 -0.28611705 0.95818770
vn 0.00396162 -0.46350983 0.88608289
vn 0.00396162 -0.46350983 0.88608289
vn 0.00688936 -0.62417603 0.78125340
vn 0.00688936 -0.62417603 0.78125340
vn 0.00690996 -0.76147765 0.64815432
vn 0.00690996 -0.76147765 0.64815432
vn 0.00669041 -0.87109107 0.49107590
vn 0.00669041 -0.87109107 0.49107590
vn 0.00870090 -0.94839847 0.31696147
vn 0.00870090 -0.94839847 0.31696147
vn 0.05697047 -0.27978832 0.95836991
vn 0.05697047 -0.27978832 0.95836991
vn 0.09386414 -0.45250922 0.88680601
vn 0.09386414 -0.45250922 0.88680601
vn 0.12616846 -0.61006159 0.78224444
vn 0.12616846 -0.61006159 0.78224444
vn 0.15568596 -0.74517649 0.64843959
vn 0.15568596 -0.74517649 0.64843959
vn 0.17654407 -0.85304904 0.49105954
vn 0.17654407 -0.85304904 0.49105954
vn 0.19253521 -0.92894727 0.31620747
vn 0.19253521 -0.92894727 0.31620747
vn 0.20066091 -0.96705616 0.15664497
vn 0.07587150 -0.98866397 0.12956516
vn 0.00797168 -0.98507160 0.17196047
vn -0.06609937 -0.98917121 0.13103910
vn -0.05400817 0.08046116 0.99529350
vn -0.06959346 0.06738415 0.99529696
vn -0.08047055 0.05180980 0.99540961
vn -0.08869925 0.03613673 0.99540269
vn -0.09423076 0.01841291 0.99538010
vn -0.09707414 -0.00106675 0.99527657
vn -0.09422678 -0.02057826 0.99533808
vn -0.08869202 -0.03832371 0.99532157
vn -0.08046116 -0.05400817 0.99529350
vn -0.06738415 -0.06959346 0.99529696
vn -0.05180980 -0.08047055 0.99540961
vn -0.03613673 -0.08869925 0.99540269
vn -0.01841291 -0.09423076 0.99538010
vn 0.00106675 -0.09707414 0.99527657
vn 0.02057826 -0.09422678 0.99533808
vn 0.01186180 -0.09597279 0.99531329
vn 0.99518812 -0.09769376 -0.00751490
vn 0.82633662 -0.46883234 -0.31203222
vn 0.12838632 -0.23472649 0.96354580
vn 0.18166454 -0.21879306 0.95871139
vn 0.22734727 -0.37402293 0.89912182
vn 0.28331438 -0.36725938 0.88591957
vn 0.31497318 -0.50174123 0.80563492
vn 0.37308031 -0.50228560 0.78007704
vn 0.39093637 -0.61527115 0.68455106
vn 0.44940129 -0.61646497 0.64653641
vn 0.45368934 -0.70629293 0.54343009
vn 0.51235956 -0.70595467 0.48899463
vn 0.50116730 -0.77689040 0.38114664
vn 0.55523270 -0.76964533 0.31521857
vn 0.53287786 -0.81992954 0.20918128
vn 0.57692772 -0.80710864 0.12541908
vn 0.58919567 -0.79111946 -0.16425148
vn 0.71846026 -0.69254386 -0.06479101
vn 0.70261037 -0.69350529 -0.15933929
vn 0.69988370 -0.67471933 -0.23434307
vn 0.88193911 -0.39380303 0.25904155
vn 0.68329644 -0.64741927 -0.33757126
vn 0.81787843 -0.51679987 -0.25296810
vn 0.74215084 -0.51177144 -0.43278420
vn 0.66394621 -0.49585855 -0.55973184
vn 0.74285483 -0.30002990 -0.59845537
vn 0.83542424 -0.33699101 -0.43416983
vn 0.85834128 -0.17641211 -0.48179775
vn 0.76935214 -0.25959733 -0.58370072
vn 0.65021533 -0.21673845 -0.72817880
vn 0.66560465 -0.08593146 -0.74134088
vn 0.55900747 -0.12177853 -0.82017106
vn 0.51483083 0.12326935 -0.84838313
vn 0.52404040 -0.08094933 -0.84783775
vn 0.36198160 0.05396817 -0.93062174
vn 0.32641393 0.10880465 -0.93894380
vn 0.26232421 0.03571551 -0.96431863
vn 0.18695121 0.08431133 -0.97874451
vn 0.10674295 0.13792628 -0.98467368
vn -0.11315518 0.26142749 0.95856744
vn -0.11051055 0.26392519 0.95819145
vn -0.18257321 0.42503044 0.88657552
vn -0.17952341 0.42764521 0.88594073
vn -0.24569099 0.57432222 0.78089046
vn -0.24230970 0.57685339 0.78008091
vn -0.29782245 0.70028520 0.64876997
vn -0.29776996 0.70338094 0.64543653
vn -0.34362635 0.80072927 0.49066645
vn -0.33906066 0.80387622 0.48869306
vn -0.37309998 0.87259710 0.31523141
vn -0.36984161 0.87513959 0.31200629
vn -0.38957247 0.91179508 0.12985750
vn -0.38635224 0.91357660 0.12692438
vn -0.39255583 0.91775000 -0.06029015
vn -0.38692176 0.91977596 -0.06560265
vn -0.38195235 0.89023131 -0.24819471
vn -0.37529862 0.89151967 -0.25366035
vn -0.35496071 0.83139682 -0.42753044
vn -0.34847686 0.83098322 -0.43362504
vn -0.31783330 0.74053544 -0.59210569
vn -0.31081724 0.73919749 -0.59747773
vn -0.26862273 0.62148809 -0.73593092
vn -0.25801381 0.62208235 -0.73921746
vn -0.20947732 0.48074290 -0.85147256
vn -0.19610360 0.48052868 -0.85477221
vn -0.14385734 0.32196644 -0.93575782
vn -0.12288021 0.32272935 -0.93848079
vn -0.07678587 0.14530249 -0.98640311
vn 0.20335913 -0.20070083 0.95831329
vn 0.20335913 -0.20070083 0.95831329
vn 0.33298126 -0.32695445 0.88443440
vn 0.33298126 -0.32695445 0.88443440
vn 0.44762692 -0.43786052 0.77968472
vn 0.44762692 -0.43786052 0.77968472
vn 0.54479802 -0.53467798 0.64599890
vn 0.54479802 -0.53467798 0.64599890
vn 0.62347126 -0.61002713 0.48903003
vn 0.62347126 -0.61002713 0.48903003
vn 0.67816490 -0.66521668 0.31237668
vn 0.67816490 -0.66521668 0.31237668
vn 0.70732737 -0.69536412 0.12710957
vn 0.70732737 -0.69536412 0.12710957
vn 0.71170795 -0.70025188 -0.05584831
vn 0.23920652 -0.15726838 0.95814764
vn 0.23920652 -0.15726838 0.95814764
vn 0.38950408 -0.25519234 0.88496524
vn 0.38950408 -0.25519234 0.88496524
vn 0.52295768 -0.34273842 0.78041375
vn 0.52295768 -0.34273842 0.78041375
vn 0.63743889 -0.41774714 0.64742488
vn 0.63743889 -0.41774714 0.64742488
vn 0.72992140 -0.47833854 0.48826942
vn 0.72992140 -0.47833854 0.48826942
vn 0.79422861 -0.52046645 0.31355318
vn 0.79422861 -0.52046645 0.31355318
vn 0.82997429 -0.54306960 0.12735055
vn 0.82997429 -0.54306960 0.12735055
vn 0.83490318 -0.54671323 -0.06357130
vn 0.83490318 -0.54671323 -0.06357130
vn 0.81302088 -0.53224325 -0.23603833
vn 0.26641738 -0.10786656 0.95780301
vn 0.26641738 -0.10786656 0.95780301
vn 0.43172845 -0.17298211 0.88526136
vn 0.43172845 -0.17298211 0.88526136
vn 0.58045709 -0.23498397 0.77964878
vn 0.58045709 -0.23498397 0.77964878
vn 0.70873284 -0.28637287 0.64473891
vn 0.70873284 -0.28637287 0.64473891
vn 0.81060576 -0.32519409 0.48699799
vn 0.81060576 -0.32519409 0.48699799
vn 0.88094711 -0.35509875 0.31278911
vn 0.88094711 -0.35509875 0.31278911
vn 0.91965729 -0.37201175 0.12584783
vn 0.91965729 -0.37201175 0.12584783
vn 0.92511624 -0.37403980 -0.06522402
vn 0.92511624 -0.37403980 -0.06522402
vn 0.89720380 -0.36213332 -0.25275430
vn 0.89720380 -0.36213332 -0.25275430
vn 0.83655947 -0.33744895 -0.43162075
vn 0.28147703 -0.05427584 0.95803171
vn 0.28147703 -0.05427584 0.95803171
vn 0.45616189 -0.08509442 0.88581896
vn 0.45616189 -0.08509442 0.88581896
vn 0.61485237 -0.11648282 0.77999252
vn 0.61485237 -0.11648282 0.77999252
vn 0.74905425 -0.14260551 0.64697868
vn 0.74905425 -0.14260551 0.64697868
vn 0.85793662 -0.16334642 0.48709610
vn 0.85793662 -0.16334642 0.48709610
vn 0.93320996 -0.17662841 0.31292436
vn 0.93320996 -0.17662841 0.31292436
vn 0.97465277 -0.18439378 0.12669232
vn 0.97465277 -0.18439378 0.12669232
vn 0.98039269 -0.18645506 -0.06375559
vn 0.98039269 -0.18645506 -0.06375559
vn 0.95063645 -0.17985013 -0.25287199
vn 0.95063645 -0.17985013 -0.25287199
vn 0.88564962 -0.16669346 -0.43340299
vn 0.88564962 -0.16669346 -0.43340299
vn 0.78733832 -0.14846951 -0.59837711
vn 0.78733832 -0.14846951 -0.59837711
vn 0.68294281 -0.13001318 -0.71880853
vn 0.28611705 0.00365256 0.95818770
vn 0.28611705 0.00365256 0.95818770
vn 0.46459675 0.00397091 0.88551342
vn 0.46459675 0.00397091 0.88551342
vn 0.62552178 0.00690421 0.78017616
vn 0.62552178 0.00690421 0.78017616
vn 0.76284260 0.00692235 0.64654720
vn 0.76284260 0.00692235 0.64654720
vn 0.87287378 0.00668357 0.48790035
vn 0.87287378 0.00668357 0.48790035
vn 0.94938946 0.00868722 0.31398109
vn 0.94938946 0.00868722 0.31398109
vn 0.99190402 0.00990803 0.12660262
vn 0.99190402 0.00990803 0.12660262
vn 0.99791342 0.00942416 -0.06387483
vn 0.99791342 0.00942416 -0.06387483
vn 0.96728891 0.00841121 -0.25353783
vn 0.96728891 0.00841121 -0.25353783
vn 0.90084976 0.00917896 -0.43403387
vn 0.90084976 0.00917896 -0.43403387
vn 0.80146331 0.00687361 -0.59800434
vn 0.80146331 0.00687361 -0.59800434
vn 0.67300189 0.00693816 -0.73960823
vn 0.67300189 0.00693816 -0.73960823
vn 0.50145388 0.00401163 -0.86517507
vn 0.27974704 0.05949372 0.95822859
vn 0.27974704 0.05949372 0.95822859
vn 0.45586261 0.09397783 0.88507479
vn 0.45586261 0.09397783 0.88507479
vn 0.61333847 0.12623188 0.77966750
vn 0.61333847 0.12623188 0.77966750
vn 0.74663812 0.15599133 0.64668250
vn 0.74663812 0.15599133 0.64668250
vn 0.85429090 0.17680109 0.48880297
vn 0.85429090 0.17680109 0.48880297
vn 0.92964524 0.19490300 0.31268609
vn 0.92964524 0.19490300 0.31268609
vn 0.97131056 0.20188023 0.12569901
vn 0.97131056 0.20188023 0.12569901
vn 0.97701359 0.20318963 -0.06448533
vn 0.97701359 0.20318963 -0.06448533
vn 0.94700855 0.19814754 -0.25280893
vn 0.94700855 0.19814754 -0.25280893
vn 0.88308740 0.18306124 -0.43202454
vn 0.88308740 0.18306124 -0.43202454
vn 0.78602052 0.16444574 -0.59592724
vn 0.78602052 0.16444574 -0.59592724
vn 0.65879166 0.13656045 -0.73982751
vn 0.65879166 0.13656045 -0.73982751
vn 0.50955123 0.10478096 -0.85403657
vn 0.50955123 0.10478096 -0.85403657
vn 0.35812244 0.07588468 -0.93058580
vn 0.26458436 0.11078655 0.95797783
vn 0.26458436 0.11078655 0.95797783
vn 0.42741945 0.18234618 0.88547307
vn 0.42741945 0.18234618 0.88547307
vn 0.57641405 0.24524935 0.77948678
vn 0.57641405 0.24524935 0.77948678
vn 0.70338094 0.29776996 0.64543653
vn 0.70338094 0.29776996 0.64543653
vn 0.80187190 0.34274843 0.48941287
vn 0.80187190 0.34274843 0.48941287
vn 0.87415200 0.37246478 0.31165418
vn 0.87415200 0.37246478 0.31165418
vn 0.91259003 0.38872156 0.12678732
vn 0.91259003 0.38872156 0.12678732
vn 0.91840303 0.39015368 -0.06569598
vn 0.91840303 0.39015368 -0.06569598
vn 0.88990897 0.37884271 -0.25404748
vn 0.88990897 0.37884271 -0.25404748
vn 0.82908392 0.35216329 -0.43428206
vn 0.82908392 0.35216329 -0.43428206
vn 0.73845482 0.31372261 -0.59687740
vn 0.73845482 0.31372261 -0.59687740
vn 0.61910892 0.26442760 -0.73944724
vn 0.61910892 0.26442760 -0.73944724
vn 0.47887588 0.20265907 -0.85417050
vn 0.47887588 0.20265907 -0.85417050
vn 0.31661260 0.13452639 -0.93896699
vn 0.31661260 0.13452639 -0.93896699
vn 0.18893182 0.07922947 -0.97878879
vn 0.23721388 0.16035129 0.95813209
vn 0.23721388 0.16035129 0.95813209
vn 0.38382885 0.26136205 0.88564396
vn 0.38382885 0.26136205 0.88564396
vn 0.51651597 0.35238940 0.78040570
vn 0.51651597 0.35238940 0.78040570
vn 0.63214183 0.42865553 0.64548516
vn 0.63214183 0.42865553 0.64548516
vn 0.72172463 0.48944542 0.48944542
vn 0.72172463 0.48944542 0.48944542
vn 0.78533161 0.53364319 0.31381404
vn 0.78533161 0.53364319 0.31381404
vn 0.81860530 0.55994368 0.12786116
vn 0.81860530 0.55994368 0.12786116
vn 0.82397258 0.56302428 -0.06381887
vn 0.82397258 0.56302428 -0.06381887
vn 0.79967195 0.54402632 -0.25408679
vn 0.79967195 0.54402632 -0.25408679
vn 0.74486935 0.50808972 -0.43245175
vn 0.74486935 0.50808972 -0.43245175
vn 0.66305035 0.45261121 -0.59624428
vn 0.66305035 0.45261121 -0.59624428
vn 0.55696130 0.37729636 -0.73989290
vn 0.55696130 0.37729636 -0.73989290
vn 0.42969531 0.29108390 -0.85477024
vn 0.42969531 0.29108390 -0.85477024
vn 0.28676549 0.19533302 -0.93787557
vn 0.28676549 0.19533302 -0.93787557
vn 0.16278070 0.11137627 -0.98035598
vn 0.20070083 0.20335913 0.95831329
vn 0.20070083 0.20335913 0.95831329
vn 0.32695445 0.33298126 0.88443440
vn 0.32695445 0.33298126 0.88443440
vn 0.43786052 0.44762692 0.77968472
vn 0.43786052 0.44762692 0.77968472
vn 0.53467798 0.54479802 0.64599890
vn 0.53467798 0.54479802 0.64599890
vn 0.61002713 0.62347126 0.48903003
vn 0.61002713 0.62347126 0.48903003
vn 0.66521668 0.67816490 0.31237668
vn 0.66521668 0.67816490 0.31237668
vn 0.69536412 0.70732737 0.12710957
vn 0.69536412 0.70732737 0.12710957
vn 0.69838417 0.71278381 -0.06479853
vn 0.69838417 0.71278381 -0.06479853
vn 0.67899889 0.68849540 -0.25482243
vn 0.67899889 0.68849540 -0.25482243
vn 0.63259250 0.64260715 -0.43229935
vn 0.63259250 0.64260715 -0.43229935
vn 0.56253612 0.57267189 -0.59632206
vn 0.56253612 0.57267189 -0.59632206
vn 0.47127396 0.48119554 -0.73915601
vn 0.47127396 0.48119554 -0.73915601
vn 0.36437526 0.37057739 -0.85434371
vn 0.36437526 0.37057739 -0.85434371
vn 0.24126013 0.24683839 -0.93854374
vn 0.24126013 0.24683839 -0.93854374
vn 0.11855386 0.12094889 -0.98555380
vn 0.15726838 0.23920652 0.95814764
vn 0.15726838 0.23920652 0.95814764
vn 0.25519234 0.38950408 0.88496524
vn 0.25519234 0.38950408 0.88496524
vn 0.34273842 0.52295768 0.78041375
vn 0.34273842 0.52295768 0.78041375
vn 0.41774714 0.63743889 0.64742488
vn 0.41774714 0.63743889 0.64742488
vn 0.47833854 0.72992140 0.48826942
vn 0.47833854 0.72992140 0.48826942
vn 0.52046645 0.79422861 0.31355318
vn 0.52046645 0.79422861 0.31355318
vn 0.54306960 0.82997429 0.12735055
vn 0.54306960 0.82997429 0.12735055
vn 0.54671323 0.83490318 -0.06357130
vn 0.54671323 0.83490318 -0.06357130
vn 0.52978742 0.80944055 -0.25324148
vn 0.52978742 0.80944055 -0.25324148
vn 0.49453965 0.75413191 -0.43210608
vn 0.49453965 0.75413191 -0.43210608
vn 0.43805414 0.67123890 -0.59795225
vn 0.43805414 0.67123890 -0.59795225
vn 0.36749253 0.56348854 -0.73988497
vn 0.36749253 0.56348854 -0.73988497
vn 0.28392306 0.43432555 -0.85483861
vn 0.28392306 0.43432555 -0.85483861
vn 0.18935028 0.28886282 -0.93845868
vn 0.18935028 0.28886282 -0.93845868
vn 0.09176953 0.14182565 -0.98562866
vn 0.10786656 0.26641738 0.95780301
vn 0.10786656 0.26641738 0.95780301
vn 0.17298211 0.43172845 0.88526136
vn 0.17298211 0.43172845 0.88526136
vn 0.23498397 0.58045709 0.77964878
vn 0.23498397 0.58045709 0.77964878
vn 0.28637287 0.70873284 0.64473891
vn 0.28637287 0.70873284 0.64473891
vn 0.32519409 0.81060576 0.48699799
vn 0.32519409 0.81060576 0.48699799
vn 0.35509875 0.88094711 0.31278911
vn 0.35509875 0.88094711 0.31278911
vn 0.37201175 0.91965729 0.12584783
vn 0.37201175 0.91965729 0.12584783
vn 0.37403980 0.92511624 -0.06522402
vn 0.37403980 0.92511624 -0.06522402
vn 0.36213332 0.89720380 -0.25275430
vn 0.36213332 0.89720380 -0.25275430
vn 0.33699101 0.83542424 -0.43416983
vn 0.33699101 0.83542424 -0.43416983
vn 0.29931572 0.74428773 -0.59703082
vn 0.29931572 0.74428773 -0.59703082
vn 0.25100386 0.62356305 -0.74038243
vn 0.25100386 0.62356305 -0.74038243
vn 0.19294371 0.48310709 -0.85403764
vn 0.19294371 0.48310709 -0.85403764
vn 0.12863196 0.32090291 -0.93833637
vn 0.12863196 0.32090291 -0.93833637
vn 0.06214894 0.15361342 -0.98617470
vn 0.05427584 0.28147703 0.95803171
vn 0.05427584 0.28147703 0.95803171
vn 0.08509442 0.45616189 0.88581896
vn 0.08509442 0.45616189 0.88581896
vn 0.11648282 0.61485237 0.77999252
vn 0.11648282 0.61485237 0.77999252
vn 0.14260551 0.74905425 0.64697868
vn 0.14260551 0.74905425 0.64697868
vn 0.16334642 0.85793662 0.48709610
vn 0.16334642 0.85793662 0.48709610
vn 0.17662841 0.93320996 0.31292436
vn 0.17662841 0.93320996 0.31292436
vn 0.18439378 0.97465277 0.12669232
vn 0.18439378 0.97465277 0.12669232
vn 0.18645506 0.98039269 -0.06375559
vn 0.18645506 0.98039269 -0.06375559
vn 0.17985013 0.95063645 -0.25287199
vn 0.17985013 0.95063645 -0.25287199
vn 0.16669346 0.88564962 -0.43340299
vn 0.16669346 0.88564962 -0.43340299
vn 0.14846951 0.78733832 -0.59837711
vn 0.14846951 0.78733832 -0.59837711
vn 0.12664257 0.66003132 -0.74048656
vn 0.12664257 0.66003132 -0.74048656
vn 0.09564219 0.50961584 -0.85506976
vn 0.09564219 0.50961584 -0.85506976
vn 0.06430098 0.33987659 -0.93826932
vn 0.06430098 0.33987659 -0.93826932
vn 0.02860893 0.15448824 -0.98758030
vn -0.00365256 0.28611705 0.95818770
vn -0.00365256 0.28611705 0.95818770
vn -0.00397091 0.46459675 0.88551342
vn -0.00397091 0.46459675 0.88551342
vn -0.00690421 0.62552178 0.78017616
vn -0.00690421 0.62552178 0.78017616
vn -0.00692235 0.76284260 0.64654720
vn -0.00692235 0.76284260 0.64654720
vn -0.00935679 0.87285507 0.48788989
vn -0.00935679 0.87285507 0.48788989
vn -0.00868722 0.94938946 0.31398109
vn -0.00868722 0.94938946 0.31398109
vn -0.00990803 0.99190402 0.12660262
vn -0.00990803 0.99190402 0.12660262
vn -0.00942416 0.99791342 -0.06387483
vn -0.00942416 0.99791342 -0.06387483
vn -0.00841121 0.96728891 -0.25353783
vn -0.00841121 0.96728891 -0.25353783
vn -0.00917896 0.90084976 -0.43403387
vn -0.00917896 0.90084976 -0.43403387
vn -0.00687361 0.80146331 -0.59800434
vn -0.00687361 0.80146331 -0.59800434
vn -0.00693816 0.67300189 -0.73960823
vn -0.00693816 0.67300189 -0.73960823
vn -0.00403984 0.51844668 -0.85510039
vn -0.00403984 0.51844668 -0.85510039
vn -0.00376876 0.34547001 -0.93842220
vn -0.00376876 0.34547001 -0.93842220
vn -0.05949372 0.27974704 0.95822859
vn -0.05949372 0.27974704 0.95822859
vn -0.09397783 0.45586261 0.88507479
vn -0.09397783 0.45586261 0.88507479
vn -0.12915306 0.61310595 0.77937192
vn -0.12915306 0.61310595 0.77937192
vn -0.15599133 0.74663812 0.64668250
vn -0.15599133 0.74663812 0.64668250
vn -0.17680109 0.85429090 0.48880297
vn -0.17680109 0.85429090 0.48880297
vn -0.19490300 0.92964524 0.31268609
vn -0.19490300 0.92964524 0.31268609
vn -0.20188023 0.97131056 0.12569901
vn -0.20188023 0.97131056 0.12569901
vn -0.20318963 0.97701359 -0.06448533
vn -0.20318963 0.97701359 -0.06448533
vn -0.19814754 0.94700855 -0.25280893
vn -0.19814754 0.94700855 -0.25280893
vn -0.18306124 0.88308740 -0.43202454
vn -0.18306124 0.88308740 -0.43202454
vn -0.16444574 0.78602052 -0.59592724
vn -0.16444574 0.78602052 -0.59592724
vn -0.13656045 0.65879166 -0.73982751
vn -0.13656045 0.65879166 -0.73982751
vn -0.10478096 0.50955123 -0.85403657
vn -0.10478096 0.50955123 -0.85403657
vn -0.06975937 0.33826712 -0.93846095
vn -0.06975937 0.33826712 -0.93846095
vn -0.01934996 0.16049080 -0.98684764
vn -0.03325681 0.15481621 -0.98738337
vn -0.00112081 0.15803412 -0.98743302
vn 0.03096552 0.15482761 -0.98745608
vn 0.66336012 -0.69532925 0.27653325
vn 0.57874507 -0.81363916 -0.05518596
vn 0.54515022 -0.83773720 0.03174292
vn 0.07638489 -0.06088651 0.99521762
vn 0.06959346 -0.06738415 0.99529696
vn 0.08047055 -0.05180980 0.99540961
vn 0.08869925 -0.03613673 0.99540269
vn 0.09423076 -0.01841291 0.99538010
vn 0.09707414 0.00106675 0.99527657
vn 0.09422678 0.02057826 0.99533808
vn 0.08869202 0.03832371 0.99532157
vn 0.08046116 0.05400817 0.99529350
vn 0.06738415 0.06959346 0.99529696
vn 0.05180980 0.08047055 0.99540961
vn 0.03613673 0.08869925 0.99540269
vn 0.01841291 0.09423076 0.99538010
vn -0.00106675 0.09707414 0.99527657
vn -0.02057826 0.09422678 0.99533808
vn -0.03613673 0.08869925 0.99540269
vn 0.00097752 -0.99999905 0.00097752
vn 0.00097752 -0.99999905 0.00097752
vn 0.00097752 0.00097752 -0.99999905
vn 0.00097752 0.00097752 -0.99999905
vn 0.00097752 0.99999905 0.00097752
vn 0.00097752 0.99999905 0.00097752
vn -0.99999905 0.00097752 0.00097752
vn -0.99999905 0.00097752 0.00097752
vn 0.99999905 0.00097752 0.00097752
vn 0.99999905 0.00097752 0.00097752
vn 0.83248651 -0.29098126 0.47148299
vn 0.09684417 -0.07633600 0.99236792
vn 0.09684417 0.07633600 0.99236792
vn 0.83866334 0.27337644 0.47107241
vn 0.84055370 0.29365000 0.45523518
vn 0.71776563 0.20618321 0.66505712
vn 0.70659924 0.39365318 0.58800912
vn 0.68073416 -0.30093920 0.66785973
vn 0.62287384 -0.16215938 0.76533163
vn 0.62287384 0.16215938 0.76533163
vn 0.63531137 0.09201062 0.76675510
vn 0.62837690 0.08271936 0.77349859
vn 0.62896526 -0.09193692 0.77197820
vn 0.63642508 -0.08263378 0.76689947
vn 0.48445520 0.29631725 0.82310349
vn 0.48064539 0.08267661 0.87300897
vn 0.46655545 0.06783744 0.88188672
vn 0.46732548 -0.08230508 0.88024586
vn 0.48092735 -0.06236810 0.87453938
vn 0.48114455 -0.30247849 0.82280421
vn 0.28628445 -0.12916088 0.94939911
vn 0.33361721 0.11210618 0.93601912
vn 0.28853366 0.02105181 0.95723826
vn 0.37996972 0.00639680 0.92497677
vn 0.84410065 -0.27313676 0.46140054
vn 0.87522537 -0.09160974 0.47496125
vn 0.87522537 -0.09160974 0.47496125
vn 0.87522537 0.09160974 0.47496125
vn 0.87522537 0.09160974 0.47496125
vn 0.74837625 -0.22654396 0.62338650
vn 0.76675510 -0.09201062 0.63531137
vn 0.76675510 -0.09201062 0.63531137
vn 0.76675510 0.09201062 0.63531137
vn 0.76675510 0.09201062 0.63531137
vn 0.21600446 -0.61693358 0.75679260
vn 0.14483824 -0.58383250 0.79885006
vn 0.27962601 -0.42631507 0.86027020
vn 0.13762072 -0.36281824 0.92164171
vn 0.32758069 -0.21600299 0.91980082
vn 0.12648556 -0.12407631 0.98417807
vn 0.34768197 0.00125517 0.93761170
vn 0.12648556 0.12407631 0.98417807
vn 0.32758069 0.21600299 0.91980082
vn 0.13762072 0.36281824 0.92164171
vn 0.27962601 0.42631507 0.86027020
vn 0.14483824 0.58383250 0.79885006
vn 0.21600446 0.61693358 0.75679260
vn 0.52068704 -0.55101830 0.65212256
vn 0.48415411 -0.51077425 0.71042544
vn 0.61072403 -0.34037688 0.71495432
vn 0.56591576 -0.24476247 0.78729326
vn 0.64693475 -0.11695159 0.75352353
vn 0.58484274 0.00136327 0.81114554
vn 0.64693475 0.11695159 0.75352353
vn 0.56591576 0.24476247 0.78729326
vn 0.61072403 0.34037688 0.71495432
vn 0.48415411 0.51077425 0.71042544
vn 0.52068704 0.55101830 0.65212256
vn 0.64845049 -0.47083873 0.59818304
vn 0.68709219 -0.48982483 0.53663403
vn 0.67477113 -0.41282067 0.61177039
vn 0.65434498 0.46356410 0.59744543
vn 0.73541725 0.41624287 0.53469932
vn 0.77542728 -0.41453660 0.47631067
vn 0.75562483 -0.34787866 0.55498785
vn 0.83528292 -0.21071565 0.50783986
vn 0.79869264 -0.11914200 0.58982641
vn 0.85463786 0.00134166 0.51922268
vn 0.79869264 0.11914200 0.58982641
vn 0.83528292 0.21071565 0.50783986
vn 0.75562483 0.34787866 0.55498785
vn 0.77542728 0.41453660 0.47631067
vn 0.07349810 -0.61824870 0.78253859
vn 0.05846064 -0.62310487 0.77995044
vn 0.08424876 -0.42953056 0.89911383
vn 0.06974278 -0.43349925 0.89845109
vn 0.08879198 -0.21885347 0.97170943
vn 0.08085759 -0.22266938 0.97153509
vn 0.08786286 0.00105859 0.99613202
vn 0.08786286 0.00105859 0.99613202
vn 0.08070686 0.21977100 0.97220731
vn 0.08874314 0.22123289 0.97117490
vn 0.07245611 0.42790118 0.90091658
vn 0.08414865 0.43177918 0.89804548
vn 0.05853733 0.61821133 0.78382915
vn 0.07353231 0.62142015 0.78001922
vn 0.40359700 -0.55185711 0.72976923
vn 0.32057309 -0.58798587 0.74263418
vn 0.43920344 -0.34475109 0.82960653
vn 0.38994554 -0.36802089 0.84409899
vn 0.45259428 -0.11775964 0.88390672
vn 0.43511707 -0.12614143 0.89149392
vn 0.43566132 0.11702230 0.89247125
vn 0.45115748 0.12381925 0.88381320
vn 0.39675802 0.34385696 0.85108489
vn 0.43201235 0.36554891 0.82446313
vn 0.34395531 0.55065149 0.76057726
vn 0.38255212 0.58614212 0.71420676
vn 0.75993174 -0.21203798 0.61444581
vn 0.72338563 -0.24743254 0.64458543
vn 0.76129287 0.00137666 0.64840674
vn 0.76129287 0.00137666 0.64840674
vn 0.73157549 0.21279372 0.64770061
vn 0.74947864 0.24668373 0.61435246
vn 0.63894254 0.47459513 0.60540229
vn 0.88185173 -0.27492142 0.38308722
vn 0.82236969 -0.35018054 0.44842124
vn 0.89898938 -0.09280784 0.42802423
vn 0.88678002 -0.11776438 0.44693711
vn 0.88852042 0.09374940 0.44915757
vn 0.89521986 0.11701299 0.42998752
vn 0.85158461 0.27465522 0.44650653
vn 0.84825236 0.34708306 0.40000156
vn -0.84900355 0.24540317 0.46794268
vn -0.84188414 0.35901576 0.40291291
vn -0.03246274 -0.37007526 0.92843437
vn -0.18516767 -0.21980335 0.95780975
vn -0.01437762 -0.12497470 0.99205577
vn -0.20188063 -0.00115360 0.97940946
vn -0.01437762 0.12497470 0.99205577
vn -0.18516767 0.21980335 0.95780975
vn -0.03246274 0.37007526 0.92843437
vn -0.14780022 0.42905113 0.89110619
vn -0.05240883 0.59349453 0.80312985
vn -0.10401538 0.61969727 0.77791786
vn -0.89310396 -0.24438168 0.37768078
vn -0.79419684 -0.35137194 0.49577135
vn -0.89435780 -0.12009543 0.43093067
vn -0.87478191 0.00132744 0.48451501
vn -0.89435780 0.12009543 0.43093067
vn -0.80559272 -0.35573700 0.47378424
vn -0.69259256 -0.42020604 0.58629543
vn -0.81472105 -0.22247560 0.53547579
vn -0.78254867 -0.11982314 0.61095011
vn -0.83680212 0.00135186 0.54750383
vn -0.78254867 0.11982314 0.61095011
vn -0.81472105 0.22247560 0.53547579
vn -0.74760175 0.34217781 0.56921518
vn -0.75452310 0.44219327 0.48493314
vn -0.72046435 -0.42896613 0.54490292
vn -0.61898553 -0.47472331 0.62569541
vn -0.67508543 0.49416924 0.54777402
vn -0.61189008 -0.47107151 0.63535982
vn -0.44385546 -0.54692304 0.70983624
vn -0.61688519 -0.33692673 0.71128976
vn -0.55631304 -0.24776967 0.79317462
vn -0.65516269 -0.11387704 0.74685591
vn -0.57245755 0.00135976 0.81993324
vn -0.65516269 0.11387704 0.74685591
vn -0.55631304 0.24776967 0.79317462
vn -0.61688519 0.33692673 0.71128976
vn -0.53838432 0.44230342 0.71729356
vn -0.56176716 0.54489726 0.62249875
vn -0.10401538 -0.61969727 0.77791786
vn -0.05240883 -0.59349453 0.80312985
vn -0.14780022 -0.42905113 0.89110619
vn -0.72781867 -0.24786882 0.63940686
vn -0.70772696 -0.22341050 0.67023152
vn -0.74075025 0.00137942 0.67177910
vn -0.74075025 0.00137942 0.67177910
vn -0.70004296 0.25125694 0.66843832
vn -0.73739105 0.22293217 0.63761723
vn -0.65772933 0.40590349 0.63453484
vn -0.42342976 -0.57619655 0.69907421
vn -0.38030338 -0.54678810 0.74591690
vn -0.47568125 -0.36036459 0.80241179
vn -0.43899897 -0.33829668 0.83236724
vn -0.49441755 -0.12252330 0.86054599
vn -0.47873414 -0.11575363 0.87029582
vn -0.47858512 0.12216137 0.86950153
vn -0.49570447 0.11638279 0.86065793
vn -0.43138191 0.36185515 0.82642025
vn -0.48205706 0.34205371 0.80661035
vn -0.36018765 0.57858193 0.73178393
vn -0.44304809 0.54924691 0.70854509
vn -0.28498742 -0.59704071 0.74988312
vn -0.24171968 -0.57544881 0.78130037
vn -0.32326585 -0.37535608 0.86868119
vn -0.28944579 -0.36143228 0.88633394
vn -0.33733004 -0.12701091 0.93277901
vn -0.32272935 -0.12288021 0.93848079
vn -0.32090291 0.12863196 0.93833637
vn -0.33658755 0.12400594 0.93345129
vn -0.28494537 0.37540421 0.88197374
vn -0.32759663 0.36111814 0.87308311
vn -0.23227243 0.60016704 0.76540780
vn -0.29490808 0.57865751 0.76038462
vn -0.86538619 0.24617442 0.43646878
vn -0.83248651 0.29098126 0.47148299
vn -0.09684417 0.07633600 0.99236792
vn -0.09684417 -0.07633600 0.99236792
vn -0.84900355 -0.24540317 0.46794268
vn -0.85775286 -0.31261009 0.40808707
vn -0.86464930 -0.09198397 0.49388313
vn -0.89625067 0.00130840 0.44354594
vn -0.86464930 0.09198397 0.49388313
vn -0.71776563 -0.20618321 0.66505712
vn -0.70659924 -0.39365318 0.58800912
vn -0.68073416 0.30093920 0.66785973
vn -0.62287384 0.16215938 0.76533163
vn -0.62287384 -0.16215938 0.76533163
vn -0.63531137 -0.09201062 0.76675510
vn -0.62837690 -0.08271936 0.77349859
vn -0.62896526 0.09193692 0.77197820
vn -0.63642508 0.08263378 0.76689947
vn -0.48445520 -0.29631725 0.82310349
vn -0.48064539 -0.08267661 0.87300897
vn -0.46655545 -0.06783744 0.88188672
vn -0.46732548 0.08230508 0.88024586
vn -0.48092735 0.06236810 0.87453938
vn -0.48114455 0.30247849 0.82280421
vn -0.28628445 0.12916088 0.94939911
vn -0.33361721 -0.11210618 0.93601912
vn -0.28853366 -0.02105181 0.95723826
vn -0.37996972 -0.00639680 0.92497677
vn -0.74837625 0.22654396 0.62338650
vn -0.76675510 0.09201062 0.63531137
vn -0.76675510 0.09201062 0.63531137
vn -0.76675510 -0.09201062 0.63531137
vn -0.76675510 -0.09201062 0.63531137
vn 0.00097752 0.00097752 0.99999905
vn 0.00097752 0.00097752 0.99999905
vn 0.00097752 0.00097752 0.99999905
vn 0.00097752 0.00097752 0.99999905
vn 0.00097752 0.00097752 0.99999905
vn 0.00097752 0.00097752 0.99999905
vn 0.00097752 0.00097752 0.99999905
vn 0.00097752 0.00097752 0.99999905
vn 0.00097752 0.00097752 0.99999905
vn 0.00097752 0.00097752 0.99999905
vn 0.00097752 0.00097752 0.99999905
vn 0.00097752 0.00097752 0.99999905
vn 0.00097752 0.00097752 0.99999905
vn 0.00097752 0.00097752 0.99999905
vn 0.00097752 0.00097752 0.99999905
vn 0.00097752 0.00097752 0.99999905
vn 0.00097752 0.00097752 0.99999905
vn 0.00097752 0.00097752 0.99999905
vn 0.00097752 0.00097752 0.99999905
vn 0.00097752 0.00097752 0.99999905
vn 0.00097752 0.00097752 0.99999905
vn 0.00097752 0.00097752 0.99999905
vn 0.00097752 0.00097752 0.99999905
vn 0.00097752 0.00097752 0.99999905
vn 0.00097752 0.00097752 0.99999905
vn 0.00097752 0.00097752 0.99999905
vn 0.00097752 0.00097752 0.99999905
vn 0.00097752 0.00097752 0.99999905
vn 0.00097752 0.00097752 0.99999905
vn 0.00097752 0.00097752 0.99999905
vn 0.00097752 0.00097752 0.99999905
vn 0.00097752 0.00097752 0.99999905
vn 0.00097752 0.00097752 0.99999905
vn 0.00097752 0.00097752 0.99999905
vn 0.00097752 0.00097752 0.99999905
vn 0.00097752 0.00097752 0.99999905
vn 0.00097752 0.00097752 0.99999905
vn 0.00097752 0.00097752 0.99999905
vn 0.00097752 0.00097752 0.99999905
vn 0.00097752 0.00097752 0.99999905
vn 0.00097752 0.00097752 0.99999905
vn 0.00097752 0.00097752 0.99999905
vn 0.00097752 0.00097752 0.99999905
vn 0.00097752 0.00097752 0.99999905
vn 0.00097752 0.00097752 0.99999905
vn 0.00097752 0.00097752 0.99999905
vn 0.00097752 0.00097752 0.99999905
vn 0.00097752 0.00097752 0.99999905
vn 0.00097752 0.00097752 0.99999905
vn 0.00097752 0.00097752 0.99999905
vn 0.00097752 0.00097752 0.99999905
vn 0.00097752 0.00097752 0.99999905
vn 0.00097752 0.00097752 0.99999905
vn 0.00097752 0.00097752 0.99999905
vn 0.00097752 0.00097752 0.99999905
vn 0.00097752 0.00097752 0.99999905
vn 0.00097752 0.00097752 0.99999905
vn 0.00097752 0.00097752 0.99999905
vn 0.00097752 0.00097752 0.99999905
vn 0.00097752 0.00097752 0.99999905
vn 0.00097752 0.00097752 0.99999905
vn 0.00097752 0.00097752 0.99999905
vn 0.00097752 0.00097752 0.99999905
vn 0.00097752 0.00097752 0.99999905
vn 0.11105336 0.04599179 0.99274969
vn 0.11231856 0.03447402 0.99307400
vn 0.11258270 0.01202339 0.99356961
vn 0.31951204 0.09678166 0.94262683
vn 0.37259963 0.06810961 0.92548937
vn 0.51649207 0.15539159 0.84207445
vn 0.59194404 0.11603866 0.79758215
vn 0.68409431 0.20631416 0.69960666
vn 0.77086359 0.15839663 0.61699259
vn 0.81753975 0.24572556 0.52081454
vn 0.89724565 0.18988559 0.39861479
vn 0.91049170 0.26659197 0.31612274
vn 0.11282072 0.01643020 0.99347955
vn 0.12632917 -0.00768960 0.99195862
vn 0.33282635 0.01898249 0.94279706
vn 0.36938193 -0.01150324 0.92920649
vn 0.53476560 0.03454558 0.84429395
vn 0.58820844 -0.01239784 0.80861437
vn 0.71067697 0.04415027 0.70213175
vn 0.77051610 -0.01527149 0.63723761
vn 0.84900749 0.05436994 0.52557606
vn 0.90433735 -0.01443790 0.42657420
vn 0.94498801 0.05817299 0.32189056
vn 0.98209316 -0.01038641 0.18810949
vn 0.99321944 0.05511637 0.10235897
vn 0.11828925 -0.00108522 0.99297857
vn 0.12797804 -0.02114420 0.99155158
vn 0.12097859 -0.04635628 0.99157214
vn 0.33491313 -0.08339734 0.93855107
vn 0.35633883 -0.12520014 0.92593062
vn 0.53740323 -0.13032395 0.83319467
vn 0.56962365 -0.19394693 0.79869485
vn 0.71047866 -0.16959813 0.68297625
vn 0.74325824 -0.25090885 0.62017089
vn 0.84460080 -0.20324618 0.49531847
vn 0.86905968 -0.29070121 0.40028492
vn 0.93383867 -0.22327872 0.27944946
vn 0.93747681 -0.31157723 0.15510231
vn 0.97083133 -0.23442325 0.05032122
vn 0.94478697 -0.31139544 -0.10203169
vn 0.95424354 -0.24224134 -0.17532384
vn 0.11526799 -0.03693052 0.99264765
vn 0.11525819 -0.03916540 0.99256319
vn 0.91481346 -0.32806107 -0.23556808
vn 0.10795434 -0.06477260 0.99204355
vn 0.09357373 -0.06877106 0.99323440
vn 0.29703766 -0.16562930 0.94039118
vn 0.30789933 -0.20386030 0.92932177
vn 0.47942078 -0.26360434 0.83705944
vn 0.49066970 -0.32552522 0.80825531
vn 0.63542837 -0.34466681 0.69096714
vn 0.64367557 -0.42412731 0.63702261
vn 0.75825161 -0.41106081 0.50604701
vn 0.75520307 -0.49964631 0.42428979
vn 0.84096801 -0.45235065 0.29690367
vn 0.81820786 -0.54295123 0.18904987
vn 0.87817538 -0.47307709 0.07075346
vn 0.83246785 -0.55075288 -0.06056873
vn 0.86887056 -0.46875203 -0.15917124
vn 0.81466436 -0.51131529 -0.27363968
vn 0.81741494 -0.43499857 -0.37763613
vn 0.09357373 -0.06877106 0.99323440
vn 0.09849680 -0.06679668 0.99289304
vn 0.74320620 -0.51249915 -0.43010381
vn 0.08737626 -0.08056772 0.99291199
vn 0.09208523 -0.08071669 0.99247426
vn 0.65668857 -0.58279008 -0.47866046
vn 0.08071669 -0.09208523 0.99247426
vn 0.08316255 -0.09227625 0.99225456
vn 0.07177042 -0.10138996 0.99225456
vn 0.07420425 -0.10160274 0.99205369
vn 0.53351361 -0.64795816 -0.54361165
vn 0.04173693 -0.12295476 0.99153423
vn 0.02320122 -0.11379645 0.99323308
vn 0.12319240 -0.32354927 0.93815750
vn 0.09339867 -0.36953387 0.92451149
vn 0.20447341 -0.51648468 0.83152521
vn 0.14493003 -0.58719075 0.79636812
vn 0.27955306 -0.67891461 0.67891461
vn 0.18198803 -0.76618493 0.61631238
vn 0.34644076 -0.79984713 0.49012589
vn 0.19974263 -0.89665484 0.39511132
vn 0.39384350 -0.87671679 0.27614313
vn 0.20870285 -0.96573675 0.15425862
vn 0.41375178 -0.90918273 0.04686509
vn 0.21440308 -0.97170985 -0.09905171
vn 0.39351600 -0.90090662 -0.18306422
vn 0.21781115 -0.91307586 -0.34474745
vn 0.34481996 -0.84722733 -0.40411025
vn 0.21098532 -0.79311997 -0.57135439
vn 0.28177750 -0.74344683 -0.60653800
vn 0.00764774 -0.11690122 0.99311411
vn 0.00764774 -0.11690122 0.99311411
vn 0.02164422 -0.34503427 0.93834049
vn 0.02169605 -0.34586054 0.93803507
vn 0.03466120 -0.55596560 0.83048230
vn 0.03471462 -0.55404538 0.83176237
vn 0.04402685 -0.73425424 0.67744541
vn 0.04705713 -0.73152447 0.68018937
vn 0.05091557 -0.87106913 0.48851427
vn 0.05951028 -0.87051088 0.48853791
vn 0.05403362 -0.96129578 0.27016810
vn 0.06719728 -0.95977998 0.27259272
vn 0.05442202 -0.99773711 0.03948265
vn 0.07033763 -0.99663007 0.04220258
vn 0.05154575 -0.97936922 -0.19539435
vn 0.06897012 -0.97889173 -0.19239034
vn 0.04692705 -0.90770328 -0.41698039
vn 0.06356583 -0.90750360 -0.41520658
vn 0.04085678 -0.78473204 -0.61848718
vn 0.10997742 -0.79037106 -0.60267621
vn 0.80476493 0.35998431 0.47197944
vn 0.87746793 0.26640108 0.39884907
vn 0.68376148 0.29441965 0.66767299
vn 0.74828249 0.23687769 0.61964697
vn 0.51814574 0.21856886 0.82689339
vn 0.57095486 0.18727319 0.79933679
vn 0.32313338 0.13497977 0.93667781
vn 0.35806715 0.11935572 0.92603570
vn 0.13763094 0.05667156 0.98886096
vn 0.92206508 0.22089657 0.31780604
vn 0.95910597 0.12396608 0.25445667
vn 0.83053255 0.19142947 0.52303958
vn 0.87207854 0.12171867 0.47398686
vn 0.69688708 0.15638207 0.69992357
vn 0.73474824 0.10792077 0.66970009
vn 0.52509582 0.11427706 0.84333575
vn 0.55700547 0.08448154 0.82620084
vn 0.32558981 0.07191742 0.94277203
vn 0.34612793 0.05616416 0.93650466
vn 0.13380529 0.02811036 0.99060893
vn 0.95450872 0.15575665 0.25426942
vn 0.98055506 0.05123192 0.18943894
vn 0.86919898 0.13450167 0.47581774
vn 0.90284055 0.05549694 0.42637897
vn 0.73474824 0.10792077 0.66970009
vn 0.76866853 0.05276574 0.63746721
vn 0.55594862 0.07860456 0.82749164
vn 0.58645034 0.04640974 0.80865449
vn 0.34771669 0.04818546 0.93636066
vn 0.36697367 0.02982472 0.92975307
vn 0.12524030 0.01884146 0.99194747
vn 0.99465221 0.00974088 0.10282041
vn 0.99498481 -0.09324554 0.03620121
vn 0.94590670 0.00372894 0.32441741
vn 0.96025836 -0.08055430 0.26723570
vn 0.85002840 -0.00404134 0.52672124
vn 0.87106258 -0.06829131 0.48640135
vn 0.71123683 -0.00693213 0.70291823
vn 0.73415655 -0.05295086 0.67691237
vn 0.53423518 -0.00676247 0.84530884
vn 0.55527157 -0.03757477 0.83081985
vn 0.33118299 -0.00374924 0.94355911
vn 0.34586054 -0.02169605 0.93803507
vn 0.11828925 -0.00108522 0.99297857
vn 0.99738532 -0.06307153 0.03527730
vn 0.98478162 -0.17050989 -0.03363801
vn 0.96129030 -0.06712567 0.26723617
vn 0.96446204 -0.15748975 0.21215561
vn 0.87173259 -0.06812583 0.48522276
vn 0.88527358 -0.13586590 0.44478205
vn 0.73389626 -0.06175644 0.67644840
vn 0.75258732 -0.11089204 0.64908808
vn 0.55564815 -0.04898661 0.82997316
vn 0.57221669 -0.08174524 0.81601822
vn 0.34519792 -0.02951506 0.93806571
vn 0.35943475 -0.04836031 0.93191624
vn 0.11689898 -0.00983262 0.99309510
vn 0.99004012 -0.13690841 -0.03281276
vn 0.96372360 -0.24701017 -0.10110779
vn 0.96686864 -0.14070585 0.21299510
vn 0.96015936 -0.23312511 0.15409966
vn 0.88527358 -0.13586590 0.44478205
vn 0.89165747 -0.21006098 0.40102550
vn 0.75068146 -0.12040633 0.64959961
vn 0.76412886 -0.17539884 0.62075937
vn 0.57044542 -0.09387077 0.81595361
vn 0.58476818 -0.12879705 0.80091035
vn 0.35641021 -0.05918251 0.93245327
vn 0.36860919 -0.07908343 0.92621434
vn 0.12797804 -0.02114420 0.99155158
vn 0.33078313 -0.12659602 0.93517697
vn 0.32641393 -0.10880465 0.93894380
vn 0.53154612 -0.20865850 0.82092655
vn 0.52273923 -0.17524496 0.83428580
vn 0.69697499 -0.27591917 0.66188699
vn 0.69269532 -0.23089844 0.68327087
vn 0.82277530 -0.33005765 0.46271241
vn 0.82561487 -0.26898563 0.49599084
vn 0.89924562 -0.36820662 0.23618034
vn 0.91429538 -0.29216751 0.28053895
vn 0.92150789 -0.38834059 -0.00384496
vn 0.95284063 -0.29895532 0.05215816
vn 0.90331703 -0.37553629 -0.20734243
vn 0.11424733 -0.05316460 0.99202877
vn 0.11128943 -0.04833783 0.99261177
vn 0.33195373 -0.16250454 0.92919266
vn 0.32699281 -0.14092159 0.93446064
vn 0.52578068 -0.26055008 0.80973345
vn 0.52361554 -0.22572283 0.82150829
vn 0.68781763 -0.34472570 0.63880450
vn 0.69009686 -0.29437700 0.66114175
vn 0.80614460 -0.40868166 0.42791376
vn 0.81736255 -0.34440324 0.46184951
vn 0.87238097 -0.45021355 0.19041818
vn 0.89770377 -0.37171695 0.23654714
vn 0.88243896 -0.46668768 -0.05919637
vn 0.92625082 -0.37688828 -0.00383276
vn 0.84430194 -0.45081076 -0.28969628
vn 0.27721065 -0.21034577 0.93750137
vn 0.27765954 -0.19477609 0.94072711
vn 0.44590271 -0.34191126 0.82720464
vn 0.44759738 -0.31347412 0.83749062
vn 0.58577263 -0.45226318 0.67255372
vn 0.59440750 -0.41227707 0.69043994
vn 0.69096112 -0.54038846 0.48015943
vn 0.71048057 -0.48751947 0.50748610
vn 0.75564176 -0.60104281 0.26029414
vn 0.79142666 -0.53449053 0.29658672
vn 0.77827084 -0.62736732 0.02654784
vn 0.82832974 -0.55553502 0.07246109
vn 0.75488454 -0.62157845 -0.20925957
vn 0.82392168 -0.54381812 -0.15942065
vn 0.72261006 -0.57841575 -0.37851003
vn 0.26029941 -0.24904321 0.93285680
vn 0.26106042 -0.23313953 0.93674624
vn 0.41193864 -0.39921466 0.81910574
vn 0.41843989 -0.37106934 0.82898468
vn 0.54079115 -0.52731353 0.65535128
vn 0.55550438 -0.48837397 0.67298269
vn 0.63501728 -0.62496424 0.45406246
vn 0.66198158 -0.57483464 0.48098406
vn 0.68922150 -0.68922150 0.22348906
vn 0.73425585 -0.62641698 0.26166785
vn 0.69996989 -0.71394134 -0.01816289
vn 0.76460302 -0.64395005 0.02665588
vn 0.66856480 -0.69714952 -0.25885051
vn 0.75208807 -0.62493092 -0.20934410
vn 0.62917018 -0.63918346 -0.44225490
vn 0.23594278 -0.27832773 0.93105567
vn 0.24074218 -0.26608345 0.93340385
vn 0.37473488 -0.44808722 0.81165975
vn 0.38636559 -0.42452517 0.81884068
vn 0.48613602 -0.59042817 0.64425641
vn 0.51020586 -0.55735362 0.65501678
vn 0.56978709 -0.69603729 0.43689212
vn 0.60661054 -0.65340137 0.45286900
vn 0.61273384 -0.76398808 0.20218673
vn 0.66850507 -0.70921034 0.22387876
vn 0.61796004 -0.78482342 -0.04666517
vn 0.68999517 -0.72358519 -0.01819460
vn 0.58482587 -0.75692719 -0.29161617
vn 0.67031568 -0.69567043 -0.25830132
vn 0.52767819 -0.68849438 -0.49752513
vn 0.20996936 -0.30579430 0.92865640
vn 0.21551198 -0.29439220 0.93106812
vn 0.33255178 -0.48848513 0.80671650
vn 0.34516919 -0.46923923 0.81281781
vn 0.43229935 -0.64260715 0.63259250
vn 0.45756254 -0.61175942 0.64528048
vn 0.50279319 -0.75500864 0.42090502
vn 0.54464000 -0.71680588 0.43538094
vn 0.53769755 -0.82386714 0.17923252
vn 0.59917742 -0.77477187 0.20177954
vn 0.53584391 -0.84123254 -0.07210565
vn 0.61483687 -0.78727388 -0.04664280
vn 0.50014180 -0.80499011 -0.31913808
vn 0.59237438 -0.75204408 -0.28900206
vn 0.48126397 -0.73264581 -0.48126397
vn 0.06035010 -0.11272943 0.99179125
vn 0.06022933 -0.11023104 0.99207938
vn 0.17237461 -0.33493927 0.92633832
vn 0.18024303 -0.32276076 0.92915976
vn 0.27465150 -0.53517807 0.79884356
vn 0.28759262 -0.51703805 0.80620223
vn 0.35528016 -0.69909966 0.62051237
vn 0.38034442 -0.67342371 0.63390738
vn 0.40877005 -0.81913066 0.40240788
vn 0.45508417 -0.78546554 0.41945481
vn 0.43068597 -0.88873994 0.15700592
vn 0.49904096 -0.84762478 0.18025061
vn 0.42431766 -0.90010995 -0.09877559
vn 0.51068491 -0.85676891 -0.07174912
vn 0.39064786 -0.85133219 -0.35018235
vn 0.48789725 -0.81316209 -0.31737006
vn 0.33455968 -0.74508220 -0.57699424
vn 0.43269187 -0.71783745 -0.54542387
vn 0.02098728 -0.11598232 0.99302953
vn 0.02319533 -0.11597665 0.99298108
vn 0.06148026 -0.34141165 0.93790096
vn 0.06414299 -0.33904153 0.93858212
vn 0.09945513 -0.54628253 0.83167547
vn 0.10574392 -0.54320508 0.83291447
vn 0.12999809 -0.72171354 0.67987508
vn 0.13998231 -0.71797383 0.68184936
vn 0.15065776 -0.85860294 0.49000338
vn 0.17053626 -0.85268134 0.49381369
vn 0.16093268 -0.94801515 0.27453220
vn 0.19462611 -0.94000268 0.28020638
vn 0.16407388 -0.98560691 0.04072756
vn 0.20557830 -0.97739857 0.04929070
vn 0.15571143 -0.96901411 -0.19174382
vn 0.20140456 -0.96226621 -0.18297538
vn 0.14088178 -0.89794344 -0.41695315
vn 0.18740441 -0.89343959 -0.40822199
vn 0.12610291 -0.78480512 -0.60677749
vn -0.86892599 0.32948694 0.36933187
vn -0.84027833 0.26981413 0.47024751
vn -0.11477572 0.03231549 0.99286568
vn -0.10283063 0.03648829 0.99402940
vn -0.03678560 -0.11035679 0.99321109
vn -0.01895571 -0.13045992 0.99127233
vn -0.12596735 -0.32101357 0.93865991
vn -0.07104717 -0.37668407 0.92361325
vn -0.21814933 -0.51104915 0.83140826
vn -0.11010914 -0.59752560 0.79425389
vn -0.30159917 -0.66932440 0.67900139
vn -0.12938824 -0.78079110 0.61124790
vn -0.37636152 -0.78664398 0.48943147
vn -0.13327943 -0.91050887 0.39142060
vn -0.43315992 -0.85866684 0.27397749
vn -0.13436663 -0.98001349 0.14669384
vn -0.44936216 -0.89193642 0.05023082
vn -0.14539038 -0.98408860 -0.10213374
vn -0.41958195 -0.88997835 -0.17857639
vn -0.16699210 -0.92196476 -0.34942043
vn -0.35440251 -0.84463328 -0.40123984
vn -0.18043832 -0.79605144 -0.57770592
vn -0.23553216 -0.76898915 -0.59428978
vn -0.58346194 -0.65071982 -0.48593804
vn -0.09829040 -0.06439716 0.99307197
vn -0.10387892 -0.07191617 0.99198651
vn -0.29498470 -0.18419233 0.93758047
vn -0.30579430 -0.20996936 0.92865640
vn -0.47350049 -0.29535180 0.82979792
vn -0.48796657 -0.33537766 0.80586010
vn -0.62634188 -0.38836503 0.67592043
vn -0.63679707 -0.43957382 0.63345432
vn -0.74430650 -0.45714614 0.48685238
vn -0.74696332 -0.51384509 0.42191115
vn -0.82206011 -0.50193840 0.26884007
vn -0.80928153 -0.55817735 0.18303376
vn -0.85338247 -0.51974988 0.03998076
vn -0.82173800 -0.56627542 -0.06386565
vn -0.83927149 -0.50778186 -0.19437346
vn -0.75158876 -0.55354595 -0.35874972
vn -0.76906288 -0.48495048 -0.41637164
vn -0.88127112 -0.39484552 -0.25972727
vn -0.92152625 -0.32331756 -0.21507026
vn -0.11477572 -0.03231549 0.99286568
vn -0.12047327 -0.03940715 0.99193412
vn -0.33803385 -0.09219106 0.93660766
vn -0.35568917 -0.11038630 0.92806256
vn -0.54423314 -0.14680947 0.82598865
vn -0.56666249 -0.17377649 0.80541629
vn -0.71659410 -0.19263282 0.67036223
vn -0.74214858 -0.22967546 0.62965447
vn -0.84803432 -0.22907546 0.47787264
vn -0.86849785 -0.26827943 0.41681835
vn -0.93389755 -0.24857123 0.25699738
vn -0.93950397 -0.29299319 0.17744657
vn -0.96627915 -0.25645900 0.02309346
vn -0.95218444 -0.29586193 -0.07622644
vn -0.94477743 -0.24891515 -0.21315938
vn -0.11828925 0.00108522 0.99297857
vn -0.12336282 -0.00109171 0.99236107
vn -0.32599229 0.02663750 0.94499707
vn -0.36152524 0.00380553 0.93235457
vn -0.52656621 0.04584877 0.84889692
vn -0.57628047 0.00958186 0.81719583
vn -0.69998217 0.06180541 0.71148086
vn -0.75670278 0.01532915 0.65357935
vn -0.83828270 0.07233912 0.54041576
vn -0.89237958 0.01994887 0.45084453
vn -0.93643171 0.08102459 0.34136587
vn -0.97511953 0.02500306 0.22026509
vn -0.98864901 0.08306991 0.12518987
vn -0.12086166 0.02328527 0.99239618
vn -0.29901317 0.11296053 0.94753951
vn -0.33784840 0.10364274 0.93547666
vn -0.48374075 0.18307726 0.85584903
vn -0.54013658 0.16907322 0.82441896
vn -0.64458543 0.24743254 0.72338563
vn -0.71019280 0.22732440 0.66629565
vn -0.77527034 0.29450721 0.55876774
vn -0.00983262 -0.11689898 0.99309510
vn -0.00983262 -0.11689898 0.99309510
vn -0.02686197 -0.34664738 0.93761081
vn -0.02686197 -0.34664738 0.93761081
vn -0.04041605 -0.55328178 0.83201313
vn -0.04329867 -0.55450225 0.83105505
vn -0.05295911 -0.73140818 0.67988038
vn -0.05877987 -0.73259783 0.67811894
vn -0.06241800 -0.86969078 0.48963451
vn -0.07123774 -0.87021780 0.48748958
vn -0.06736121 -0.95957941 0.27325770
vn -0.08069691 -0.95939660 0.27027062
vn -0.06818362 -0.99677950 0.04220891
vn -0.08651869 -0.99551255 0.03833107
vn -0.06387735 -0.97985452 -0.18922159
vn -0.08459727 -0.97715968 -0.19494152
vn -0.05803254 -0.90827680 -0.41432536
vn -0.07786747 -0.90572160 -0.41665927
vn -0.04965968 -0.78746063 -0.61436117
vn -0.06733697 -0.78368771 -0.61749434
vn -0.02320122 -0.11379645 0.99323308
vn -0.02546538 -0.11404060 0.99314964
vn -0.06958743 -0.33743340 0.93877387
vn -0.07255741 -0.33904099 0.93796945
vn -0.11164311 -0.54081661 0.83369851
vn -0.11812011 -0.54101926 0.83267385
vn -0.14619264 -0.71589178 0.68273467
vn -0.15962775 -0.71604449 0.67955816
vn -0.17053626 -0.85268134 0.49381369
vn -0.19336635 -0.84991258 0.49016121
vn -0.18254031 -0.94289619 0.27861416
vn -0.21905103 -0.93619901 0.27486020
vn -0.18670337 -0.98108459 0.05113532
vn -0.22998437 -0.97226197 0.04258970
vn -0.18031780 -0.96645153 -0.18291230
vn -0.22636612 -0.95502388 -0.19154055
vn -0.16507678 -0.90002733 -0.40336153
vn -0.20788343 -0.88608474 -0.41429251
vn -0.13911140 -0.77633131 -0.61478263
vn -0.05781930 -0.11223747 0.99199778
vn -0.06033446 -0.11497698 0.99153417
vn -0.16563424 -0.33266038 0.92838693
vn -0.17826760 -0.33547997 0.92502642
vn -0.26435083 -0.53026587 0.80556613
vn -0.28570265 -0.53194362 0.79712617
vn -0.34094161 -0.69656491 0.63131297
vn -0.37349117 -0.69268626 0.61700082
vn -0.39651942 -0.81692559 0.41881371
vn -0.44169369 -0.80468565 0.39672124
vn -0.42306030 -0.88828123 0.17881930
vn -0.48085284 -0.86378127 0.15054056
vn -0.42365262 -0.90315658 -0.06947358
vn -0.48808181 -0.86659425 -0.10387747
vn -0.39783725 -0.86172473 -0.31489050
vn -0.45952335 -0.81569374 -0.35140023
vn -0.35061944 -0.76425344 -0.54127884
vn -0.40056765 -0.71047187 -0.57859772
vn -0.07177042 -0.10138996 0.99225456
vn -0.07647430 -0.10158527 0.99188316
vn -0.20654157 -0.29927453 0.93154466
vn -0.21916038 -0.29834089 0.92895722
vn -0.33101335 -0.47989017 0.81248730
vn -0.35294554 -0.47432047 0.80650449
vn -0.43137258 -0.63123631 0.64456058
vn -0.46489403 -0.61929923 0.63272578
vn -0.50123066 -0.74773759 0.43549550
vn -0.54615182 -0.72435242 0.42075139
vn -0.54006344 -0.81694102 0.20233361
vn -0.59808344 -0.78070438 0.18109906
vn -0.54602814 -0.83649832 -0.04608421
vn -0.60924339 -0.78986615 -0.07024218
vn -0.51835066 -0.80509788 -0.28832272
vn -0.58153617 -0.74907011 -0.31734797
vn -0.43909633 -0.71415293 -0.54514223
vn -0.07845718 -0.09210190 0.99265385
vn -0.08335099 -0.09248535 0.99221927
vn -0.23162030 -0.27373308 0.93349999
vn -0.24430276 -0.27254587 0.93060994
vn -0.36740100 -0.44056311 0.81909752
vn -0.39103916 -0.43253720 0.81240380
vn -0.48124364 -0.58185208 0.65563160
vn -0.51314306 -0.56698102 0.64437306
vn -0.56584072 -0.68935758 0.45233876
vn -0.60787165 -0.66449535 0.43466988
vn -0.61416388 -0.75720966 0.22234288
vn -0.66441238 -0.72016722 0.19978833
vn -0.62476248 -0.78060526 -0.01808889
vn -0.68180579 -0.73020118 -0.04412522
vn -0.59759039 -0.75841945 -0.26016468
vn -0.65554047 -0.69721299 -0.29010472
vn -0.50823832 -0.68268317 -0.52501184
vn -0.08719545 -0.07813618 0.99312222
vn -0.09208523 -0.08071669 0.99247426
vn -0.25500947 -0.23550056 0.93782175
vn -0.27166748 -0.23506980 0.93324113
vn -0.40911269 -0.38068014 0.82928252
vn -0.43499857 -0.37763613 0.81741494
vn -0.53886753 -0.50193578 0.67652214
vn -0.57357442 -0.49283665 0.65431213
vn -0.63644826 -0.59950405 0.48531279
vn -0.67880583 -0.57873619 0.45198131
vn -0.69982308 -0.66156399 0.26940799
vn -0.74313587 -0.63096440 0.22278495
vn -0.72201926 -0.69081211 0.03829965
vn -0.76315486 -0.64596105 -0.01813713
vn -0.70604521 -0.68132591 -0.19311959
vn -0.73921746 -0.62208235 -0.25801381
vn -0.65263760 -0.63270974 -0.41682452
vn -0.67156184 -0.56103045 -0.48399344
vn -0.10906818 -0.04834981 0.99285775
vn -0.11624520 -0.04852955 0.99203426
vn -0.31925029 -0.14934884 0.93582809
vn -0.34090441 -0.14491887 0.92886102
vn -0.50955951 -0.23861548 0.82668722
vn -0.54447114 -0.22981925 0.80668104
vn -0.67103720 -0.31530663 0.67103720
vn -0.71188843 -0.30050370 0.63475382
vn -0.79301560 -0.37800947 0.47773963
vn -0.83536524 -0.35082194 0.42318881
vn -0.87344426 -0.41484833 0.25494316
vn -0.90603799 -0.38050723 0.18522805
vn -0.90123290 -0.43275061 0.02249774
vn -0.92113370 -0.38369429 -0.06550878
vn -0.83512062 -0.44654667 -0.32120025
vn -0.11548514 -0.01649788 0.99317223
vn -0.12687664 -0.01213603 0.99184430
vn -0.34224287 -0.05075084 0.93823993
vn -0.37040776 -0.04057470 0.92798269
vn -0.54841411 -0.08448154 0.83192843
vn -0.59015238 -0.06716020 0.80449343
vn -0.72436023 -0.11406081 0.67992091
vn -0.77076453 -0.08887833 0.63089043
vn -0.86021650 -0.13490748 0.49175954
vn -0.90328407 -0.10438567 0.41615090
vn -0.94899839 -0.14899409 0.27785385
vn -0.97780263 -0.11249056 0.17677090
vn -0.98647130 -0.15685940 0.04763878
vn -0.99062914 -0.11417029 -0.07496029
vn -0.99884439 0.00102236 0.04805085
vn -0.99063462 -0.05129869 0.12653676
vn -0.96092808 -0.00120871 0.27679563
vn -0.93909162 -0.04533546 0.34066358
vn -0.87061179 -0.00133325 0.49196896
vn -0.84126341 -0.04019216 0.53912926
vn -0.73156023 -0.00138291 0.68177545
vn -0.70106959 -0.03244386 0.71235436
vn -0.55376196 -0.00135394 0.83267391
vn -0.52677733 -0.02326030 0.84968501
vn -0.34465942 -0.00125331 0.93872696
vn -0.32746720 -0.01380130 0.94476169
vn -0.11854474 0.00108757 0.99294811
vn -0.96036154 0.17040803 0.22060575
vn -0.94855702 0.11276552 0.29584366
vn -0.87923104 0.15498801 0.45047918
vn -0.85605413 0.10467663 0.50617605
vn -0.74590766 0.13004804 0.65322977
vn -0.71731901 0.08911703 0.69102216
vn -0.56755489 0.10015674 0.81722099
vn -0.54124397 0.06924531 0.83800960
vn -0.35492605 0.06201310 0.93283540
vn -0.33676690 0.04257972 0.94062477
vn -0.12086166 0.02328527 0.99239618
vn -0.92212844 0.24809988 0.29685938
vn -0.90896976 0.19385611 0.36904457
vn -0.83286715 0.22464490 0.50583303
vn -0.81026268 0.17351994 0.55979043
vn -0.69738626 0.18935654 0.69122833
vn -0.67343491 0.14613688 0.72465819
vn -0.52814049 0.14270093 0.83708066
vn -0.50372678 0.11050417 0.85676610
vn -0.32768333 0.08888576 0.94059712
vn -0.31313729 0.06886422 0.94720787
vn -0.10458123 0.02972309 0.99407208
vn 0.87065065 -0.32898048 0.36570388
vn 0.84097427 -0.26695147 0.47063699
vn 0.11476716 -0.03454157 0.99279171
vn 0.10283063 -0.03648829 0.99402940
vn 0.03678560 0.11035679 0.99321109
vn 0.02801010 0.12660566 0.99155760
vn 0.12319240 0.32354927 0.93815750
vn 0.09339867 0.36953387 0.92451149
vn 0.20447341 0.51648468 0.83152521
vn 0.14493003 0.58719075 0.79636812
vn 0.27955306 0.67891461 0.67891461
vn 0.18198803 0.76618493 0.61631238
vn 0.34644076 0.79984713 0.49012589
vn 0.19974263 0.89665484 0.39511132
vn 0.39384350 0.87671679 0.27614313
vn 0.20870285 0.96573675 0.15425862
vn 0.41375178 0.90918273 0.04686509
vn 0.21440308 0.97170985 -0.09905171
vn 0.39351600 0.90090662 -0.18306422
vn 0.21781115 0.91307586 -0.34474745
vn 0.34481996 0.84722733 -0.40411025
vn 0.21098532 0.79311997 -0.57135439
vn 0.28177750 0.74344683 -0.60653800
vn 0.07191617 0.10387892 0.99198651
vn 0.07405346 0.09911771 0.99231637
vn 0.55612504 0.65693319 -0.50908124
vn 0.08088203 0.09455223 0.99222881
vn 0.08299211 0.08981339 0.99249476
vn 0.08981339 0.08299211 0.99249476
vn 0.08944237 0.07812056 0.99292356
vn 0.68377501 0.58395386 -0.43754947
vn 0.09622362 0.07131869 0.99280143
vn 0.09358800 0.06652641 0.99338585
vn 0.77306116 0.50727069 -0.38085821
vn 0.10010628 0.05961385 0.99318928
vn 0.10387892 0.07191617 0.99198651
vn 0.29703766 0.16562930 0.94039118
vn 0.30789933 0.20386030 0.92932177
vn 0.47942078 0.26360434 0.83705944
vn 0.49066970 0.32552522 0.80825531
vn 0.63542837 0.34466681 0.69096714
vn 0.64367557 0.42412731 0.63702261
vn 0.75825161 0.41106081 0.50604701
vn 0.75520307 0.49964631 0.42428979
vn 0.84096801 0.45235065 0.29690367
vn 0.81820786 0.54295123 0.18904987
vn 0.87817538 0.47307709 0.07075346
vn 0.83246785 0.55075288 -0.06056873
vn 0.86887056 0.46875203 -0.15917124
vn 0.81466436 0.51131529 -0.27363968
vn 0.81741494 0.43499857 -0.37763613
vn 0.11526799 0.03693052 0.99264765
vn 0.11551478 0.03925259 0.99252987
vn 0.92894727 0.31620747 -0.19253521
vn 0.12097859 0.04635628 0.99157214
vn 0.33491313 0.08339734 0.93855107
vn 0.35633883 0.12520014 0.92593062
vn 0.53740323 0.13032395 0.83319467
vn 0.56962365 0.19394693 0.79869485
vn 0.71047866 0.16959813 0.68297625
vn 0.74325824 0.25090885 0.62017089
vn 0.84460080 0.20324618 0.49531847
vn 0.86905968 0.29070121 0.40028492
vn 0.93383867 0.22327872 0.27944946
vn 0.93747681 0.31157723 0.15510231
vn 0.97083133 0.23442325 0.05032122
vn 0.94478697 0.31139544 -0.10203169
vn 0.95424354 0.24224134 -0.17532384
vn 0.99347478 0.11400530 0.00325729
vn 0.11880076 0.00326975 0.99291277
vn 0.12904988 0.00992691 0.99158841
vn 0.35014653 0.00632033 0.93667358
vn 0.37597433 0.02196414 0.92636973
vn 0.56191027 0.00957025 0.82714283
vn 0.59850961 0.03504154 0.80034894
vn 0.74233478 0.01253473 0.66991186
vn 0.78245848 0.04386295 0.62115604
vn 0.88029027 0.01469377 0.47420797
vn 0.91383117 0.05218070 0.40272793
vn 0.96692675 0.01327864 0.25470853
vn 0.97792786 0.03454313 0.20606762
vn 0.99985188 -0.00299058 -0.01694664
vn 0.99868691 0.04278596 0.02817612
vn 0.94589871 -0.17012566 0.27628407
vn 0.30143052 -0.11287046 0.94678396
vn 0.33784840 -0.10364274 0.93547666
vn 0.48374075 -0.18307726 0.85584903
vn 0.54013658 -0.16907322 0.82441896
vn 0.64508551 -0.24447006 0.72394681
vn 0.71224368 -0.22384802 0.66528255
vn 0.77653587 -0.29378146 0.55739075
vn 0.00764774 0.11690122 0.99311411
vn 0.00764774 0.11690122 0.99311411
vn 0.02164422 0.34503427 0.93834049
vn 0.02169605 0.34586054 0.93803507
vn 0.03189124 0.55601686 0.83055890
vn 0.03471462 0.55404538 0.83176237
vn 0.04411878 0.73294109 0.67886001
vn 0.04704986 0.73426294 0.67723280
vn 0.05103788 0.87040281 0.48968777
vn 0.05951028 0.87051088 0.48853791
vn 0.05412737 0.96044618 0.27315444
vn 0.06724356 0.96044105 0.27024299
vn 0.05453341 0.99764073 0.04170202
vn 0.07019246 0.99673295 0.03995571
vn 0.05144884 0.97992098 -0.19263405
vn 0.06910137 0.97832990 -0.19518106
vn 0.04686509 0.90918273 -0.41375178
vn 0.06365018 0.90599936 -0.41846606
vn 0.02094134 0.11572843 0.99306017
vn 0.02319533 0.11597665 0.99298108
vn 0.06153503 0.33909732 0.93873656
vn 0.06430098 0.33987659 0.93826932
vn 0.09937258 0.54294878 0.83386558
vn 0.10557745 0.54524249 0.83160323
vn 0.12707320 0.71908480 0.68320531
vn 0.14291500 0.72059250 0.67847019
vn 0.15081918 0.85659438 0.49345693
vn 0.17035355 0.85473043 0.49032196
vn 0.16122545 0.94703019 0.27774131
vn 0.19391507 0.94206965 0.27368155
vn 0.16477866 0.98516607 0.04791436
vn 0.20420520 0.97803539 0.04179639
vn 0.15766290 0.97033179 -0.18329914
vn 0.19959250 0.96095198 -0.19166167
vn 0.14622025 0.90145493 -0.40742922
vn 0.18463613 0.89119649 -0.41434094
vn 0.05794965 0.11249049 0.99196160
vn 0.06261870 0.11271365 0.99165237
vn 0.17164263 0.33072606 0.92798662
vn 0.18132237 0.33031595 0.92629027
vn 0.27060235 0.52712715 0.80555040
vn 0.29172301 0.52510142 0.79947871
vn 0.35112956 0.69082701 0.63203323
vn 0.38453922 0.68490893 0.61889362
vn 0.40822476 0.81164688 0.41783005
vn 0.45345530 0.79556394 0.40181625
vn 0.43351290 0.88308185 0.17953564
vn 0.49571958 0.85463822 0.15445270
vn 0.43448186 0.89774644 -0.07264208
vn 0.50062668 0.86005098 -0.09841380
vn 0.40877008 0.85610336 -0.31621838
vn 0.47241098 0.80962014 -0.34834346
vn 0.35802585 0.75979239 -0.54270887
vn 0.41503820 0.70606101 -0.57377791
vn 0.20636727 0.30182967 0.93075848
vn 0.21916038 0.29834089 0.92895722
vn 0.32768798 0.48282528 0.81209630
vn 0.34961239 0.47732466 0.80618382
vn 0.42775208 0.63413829 0.64412475
vn 0.46129319 0.62232643 0.63239104
vn 0.49876359 0.74896842 0.43621236
vn 0.54690874 0.72535634 0.41802996
vn 0.54006344 0.81694102 0.20233361
vn 0.59502876 0.78373355 0.17805208
vn 0.54279077 0.83860475 -0.04604652
vn 0.60743582 0.79124618 -0.07036491
vn 0.51472962 0.80751163 -0.28805971
vn 0.57799643 0.75187838 -0.31717354
vn 0.43538094 0.71680588 -0.54464000
vn 0.23162030 0.27373308 0.93349999
vn 0.24430276 0.27254587 0.93060994
vn 0.36740100 0.44056311 0.81909752
vn 0.39103916 0.43253720 0.81240380
vn 0.48124364 0.58185208 0.65563160
vn 0.51425642 0.56821120 0.64239901
vn 0.56584072 0.68935758 0.45233876
vn 0.60921818 0.66262907 0.43563274
vn 0.61561215 0.75587821 0.22286719
vn 0.66613716 0.71868622 0.19937748
vn 0.62645471 0.77924860 -0.01805745
vn 0.68171746 0.73010659 -0.04696592
vn 0.60153407 0.75625932 -0.25734922
vn 0.65554047 0.69721299 -0.29010472
vn 0.52767819 0.68849438 -0.49752513
vn 0.25272551 0.24155533 0.93689960
vn 0.26869684 0.24056105 0.93270165
vn 0.40390849 0.38806894 0.82840842
vn 0.42876434 0.38413459 0.81768066
vn 0.53163749 0.51486659 0.67251307
vn 0.56617385 0.50233233 0.65353602
vn 0.62931955 0.61253768 0.47828284
vn 0.66940242 0.58927447 0.45238918
vn 0.68774623 0.67821622 0.25889754
vn 0.73305327 0.64239848 0.22351091
vn 0.70965964 0.70403856 0.02670006
vn 0.75409138 0.65651947 -0.01812050
vn 0.69137818 0.69137818 -0.20974393
vn 0.73194009 0.63076478 -0.25768086
vn 0.59419614 0.63796127 -0.48983306
vn 0.27008751 0.20637456 0.94045854
vn 0.28538942 0.20186080 0.93691254
vn 0.43393958 0.33054605 0.83811438
vn 0.45711625 0.32516518 0.82783598
vn 0.57382566 0.44076464 0.69025403
vn 0.60345727 0.42724112 0.67327881
vn 0.68148017 0.52743548 0.50734270
vn 0.71885759 0.50303429 0.47979179
vn 0.75347459 0.58710229 0.29595074
vn 0.79288179 0.55204588 0.25803846
vn 0.78381407 0.61698395 0.07047136
vn 0.82250530 0.56815070 0.02626487
vn 0.77351463 0.61368507 -0.15832171
vn 0.80558342 0.55393451 -0.21021891
vn 0.68686670 0.58042735 -0.43739939
vn 0.10930002 0.05070620 0.99271464
vn 0.11624520 0.04852955 0.99203426
vn 0.32062563 0.15549655 0.93435538
vn 0.33587542 0.14789575 0.93022287
vn 0.51190883 0.25208801 0.82121927
vn 0.53713179 0.23683330 0.80956745
vn 0.67297500 0.33404329 0.65993917
vn 0.70568824 0.30843583 0.63786471
vn 0.79526579 0.39521322 0.45973784
vn 0.82965517 0.36188766 0.42509949
vn 0.86763579 0.43757716 0.23608115
vn 0.90041411 0.39167291 0.18933266
vn 0.89203590 0.45194730 -0.00395289
vn 0.91678286 0.39481887 -0.06022661
vn 0.84430194 0.45081076 -0.28969628
vn 0.32030684 0.12298701 0.93929642
vn 0.33761445 0.11524992 0.93420225
vn 0.51550168 0.20106079 0.83296609
vn 0.53844070 0.18551318 0.82198936
vn 0.68004411 0.26596573 0.68322933
vn 0.71098953 0.24120043 0.66054237
vn 0.80847651 0.31801131 0.49521166
vn 0.84059048 0.28638902 0.45977047
vn 0.89225167 0.35302779 0.28152847
vn 0.92067540 0.31071004 0.23625419
vn 0.92642939 0.37294385 0.05139509
vn 0.94867671 0.31622556 -0.00372030
vn 0.88331860 0.38842022 -0.26244611
vn 0.11816093 0.02098185 0.99277276
vn 0.12770693 0.01665743 0.99167204
vn 0.34535408 0.06434354 0.93626416
vn 0.37380433 0.05415540 0.92592525
vn 0.55410093 0.10271844 0.82608777
vn 0.59433603 0.08531830 0.79967839
vn 0.72983152 0.13637508 0.66988641
vn 0.77626091 0.11341953 0.62012494
vn 0.86508179 0.16302900 0.47439969
vn 0.90683407 0.13075282 0.40069410
vn 0.94998354 0.17972662 0.25540099
vn 0.97821206 0.14045484 0.15288447
vn 0.96911949 0.22422765 -0.10261265
vn 0.11715039 -0.01204350 0.99304116
vn 0.12770189 -0.01887767 0.99163294
vn 0.34436870 -0.02944416 0.93837267
vn 0.37299308 -0.04876588 0.92655170
vn 0.55450225 -0.04329867 0.83105505
vn 0.59585917 -0.07322607 0.79974353
vn 0.72995859 -0.05593003 0.68119907
vn 0.77833945 -0.09491944 0.62062716
vn 0.86801219 -0.06827062 0.49182713
vn 0.90760034 -0.11258136 0.40445897
vn 0.98341042 -0.04593174 0.17548281
vn 0.10654356 -0.02306613 0.99404043
vn 0.11427788 -0.02995634 0.99299705
vn 0.31475970 -0.06606068 0.94686973
vn 0.33567160 -0.08623974 0.93802303
vn 0.50830448 -0.10452458 0.85481060
vn 0.53752142 -0.13695751 0.83205366
vn 0.67756915 -0.13671573 0.72264022
vn 0.71078932 -0.17961632 0.68008572
vn 0.81456733 -0.16351351 0.55654597
vn 0.84465861 -0.21305342 0.49108058
vn 0.91191691 -0.18409590 0.36676469
vn 0.93252450 -0.23488928 0.27427191
vn 0.11003706 0.78786534 -0.60593742
vn 0.12910983 0.79098320 -0.59806049
vn 0.04085678 0.78473204 -0.61848718
vn -0.11501247 -0.03684865 0.99268037
vn -0.11257946 -0.01420906 0.99354112
vn -0.31704557 -0.09949129 0.94317740
vn -0.36784601 -0.07356920 0.92697191
vn -0.51037121 -0.16124772 0.84470135
vn -0.58576047 -0.12246379 0.80117869
vn -0.67671770 -0.21312718 0.70471984
vn -0.76369107 -0.16549170 0.62400997
vn -0.81077248 -0.25365818 0.52754676
vn -0.89069837 -0.20037057 0.40805393
vn -0.90476894 -0.27510861 0.32512835
vn -0.11065711 -0.01643422 0.99372274
vn -0.12632917 0.00768960 0.99195862
vn -0.32827789 -0.02408216 0.94427419
vn -0.36544797 0.00636669 0.93080997
vn -0.53069139 -0.04018290 0.84661210
vn -0.58562702 0.00685746 0.81055164
vn -0.70313323 -0.05584969 0.70886141
vn -0.76650220 0.00690543 0.64220458
vn -0.84320128 -0.06616104 0.53351128
vn -0.90137321 0.00392470 0.43302542
vn -0.94073188 -0.06953806 0.33194584
vn -0.97995508 -0.00115153 0.19921531
vn -0.99093926 -0.06774671 0.11597319
vn -0.11589845 -0.00108316 0.99326050
vn -0.12524521 0.01662547 0.99198645
vn -0.12216637 0.03474456 0.99190128
vn -0.11280791 0.03685803 0.99293292
vn -0.33718979 0.09196085 0.93693447
vn -0.35558090 0.11307745 0.92778003
vn -0.54081076 0.14668566 0.82825541
vn -0.56774211 0.17713554 0.80392283
vn -0.71402764 0.18968770 0.67393106
vn -0.74307060 0.23308952 0.62730801
vn -0.84738708 0.22586882 0.48053971
vn -0.86888123 0.27143061 0.41396958
vn -0.93350750 0.24640092 0.26048097
vn -0.93996710 0.29502618 0.17152685
vn -0.96659964 0.25475323 0.02803504
vn -0.95051932 0.30036929 -0.07931830
vn -0.94415063 0.23844972 -0.22742315
vn -0.93616527 0.28794387 -0.20169981
vn -0.86837143 0.38134828 -0.31702450
vn -0.10818200 0.06718671 0.99185812
vn -0.09378375 0.06892541 0.99320382
vn -0.29578906 0.17197038 0.93964618
vn -0.30641314 0.21321836 0.92771173
vn -0.47592667 0.27439418 0.83558458
vn -0.48796657 0.33537766 0.80586010
vn -0.63070107 0.36203879 0.68639934
vn -0.63679707 0.43957382 0.63345432
vn -0.75273520 0.42802590 0.50018352
vn -0.74672985 0.51696682 0.41849697
vn -0.83418590 0.47068590 0.28738248
vn -0.80972636 0.55848414 0.18010736
vn -0.86983806 0.48971742 0.05965396
vn -0.82182479 0.56544966 -0.06979101
vn -0.85676104 0.48682970 -0.17016843
vn -0.78073686 0.53805387 -0.31772318
vn -0.79995495 0.45228842 -0.39434400
vn -0.09152858 0.07118890 0.99325460
vn -0.09622362 0.07131869 0.99280143
vn -0.72361010 0.53815395 -0.43217903
vn -0.08509140 0.08509140 0.99273300
vn -0.08999923 0.08544230 0.99226999
vn -0.07388639 0.09889410 0.99235111
vn -0.07876123 0.09930763 0.99193484
vn -0.54754865 0.63852596 -0.54080957
vn -0.03948450 0.12296603 0.99162513
vn -0.01206974 0.11740568 0.99301064
vn -0.12596735 0.32101357 0.93865991
vn -0.07104717 0.37668407 0.92361325
vn -0.21814933 0.51104915 0.83140826
vn -0.11010914 0.59752560 0.79425389
vn -0.30159917 0.66932440 0.67900139
vn -0.12938824 0.78079110 0.61124790
vn -0.37636152 0.78664398 0.48943147
vn -0.13327943 0.91050887 0.39142060
vn -0.43315992 0.85866684 0.27397749
vn -0.13436663 0.98001349 0.14669384
vn -0.44936216 0.89193642 0.05023082
vn -0.14539038 0.98408860 -0.10213374
vn -0.41958195 0.88997835 -0.17857639
vn -0.16699210 0.92196476 -0.34942043
vn -0.35440251 0.84463328 -0.40123984
vn -0.18043832 0.79605144 -0.57770592
vn -0.23553216 0.76898915 -0.59428978
vn -0.80383545 -0.36276472 0.47143432
vn -0.87178564 -0.27139068 0.40784407
vn -0.68139094 -0.29800785 0.66850412
vn -0.74202216 -0.24001986 0.62593412
vn -0.51910710 -0.22203696 0.82536495
vn -0.56718445 -0.19007522 0.80135709
vn -0.32383969 -0.13800764 0.93599236
vn -0.35465112 -0.12186854 0.92702246
vn -0.13505144 -0.05656001 0.98922294
vn -0.91636282 -0.23160818 0.32655314
vn -0.95551783 -0.13348174 0.26299867
vn -0.82392073 -0.20180747 0.52955490
vn -0.86520684 -0.13144210 0.48388028
vn -0.68999499 -0.16297895 0.70522666
vn -0.72868001 -0.11427364 0.67525333
vn -0.52053100 -0.12034561 0.84531915
vn -0.55075884 -0.09059480 0.82973331
vn -0.32318690 -0.07458159 0.94339168
vn -0.34377381 -0.05882062 0.93720847
vn -0.13158707 -0.03036625 0.99083942
vn -0.95046711 -0.16582619 0.26289517
vn -0.97785860 -0.06179775 0.19993392
vn -0.86405057 -0.14425127 0.48229468
vn -0.89861912 -0.06702030 0.43358031
vn -0.72842973 -0.11720152 0.67502141
vn -0.76334792 -0.06158341 0.64304543
vn -0.55172151 -0.08454952 0.82973176
vn -0.58257896 -0.05219230 0.81109661
vn -0.34533235 -0.05342878 0.93695831
vn -0.36466485 -0.03503897 0.93047935
vn -0.12305752 -0.01884665 0.99222052
vn -0.99289650 -0.02545889 0.11622535
vn -0.99562246 0.07793736 0.05159234
vn -0.94232666 -0.01639926 0.33429259
vn -0.95729548 0.06500942 0.28170747
vn -0.84451538 -0.00948894 0.53544718
vn -0.86655539 0.05390057 0.49616170
vn -0.70571285 -0.00415941 0.70848578
vn -0.72887331 0.04120336 0.68340755
vn -0.52987725 -0.00134829 0.84807324
vn -0.55032283 0.02896436 0.83444941
vn -0.32962978 -0.00124389 0.94410950
vn -0.34342587 0.01647430 0.93903530
vn -0.11614835 -0.00108550 0.99323130
vn -0.99778259 0.04375304 0.05015592
vn -0.98858911 0.14992286 -0.01465411
vn -0.95848775 0.04912092 0.28087091
vn -0.96428549 0.13627185 0.22711974
vn -0.86668122 0.05114387 0.49623373
vn -0.88214236 0.11790308 0.45598662
vn -0.72877330 0.04706364 0.68313581
vn -0.74780285 0.09512169 0.65707135
vn -0.55078417 0.03745887 0.83380675
vn -0.56870908 0.06984147 0.81956822
vn -0.34276807 0.02421038 0.93910801
vn -0.35464150 0.04286875 0.93401915
vn -0.11664809 0.00763118 0.99314398
vn -0.99323553 0.11523727 -0.01426747
vn -0.97139496 0.22320886 -0.08105350
vn -0.96650761 0.11936947 0.22718705
vn -0.96216846 0.21133578 0.17195643
vn -0.88243437 0.11510014 0.45613757
vn -0.89011180 0.18792869 0.41519129
vn -0.74621868 0.10155639 0.65790880
vn -0.76045847 0.15572011 0.63043970
vn -0.56580096 0.07878241 0.82076949
vn -0.58203202 0.11581997 0.80487549
vn -0.35395756 0.05093854 0.93387330
vn -0.36609992 0.07055744 0.92789686
vn -0.12524521 0.01662547 0.99198645
vn -0.11426078 0.05090827 0.99214554
vn -0.11081766 0.04365544 0.99288148
vn -0.33471867 0.15694278 0.92915684
vn -0.32231000 0.13463582 0.93701088
vn -0.53335315 0.25345939 0.80702710
vn -0.51621020 0.21166141 0.82989544
vn -0.69757384 0.33659157 0.63253200
vn -0.68588573 0.27659261 0.67309529
vn -0.81482416 0.40023655 0.41937137
vn -0.81400675 0.32402208 0.48208165
vn -0.87952489 0.44049415 0.18000260
vn -0.89950782 0.35005477 0.26143330
vn -0.88690835 0.45655781 -0.07034577
vn -0.93497962 0.35367179 0.02700766
vn -0.86270797 0.43363628 -0.26018175
vn -0.27540976 0.22228502 0.93527472
vn -0.27265269 0.20621954 0.93975216
vn -0.43863663 0.35629329 0.82501692
vn -0.44060832 0.32771224 0.83574462
vn -0.57411265 0.47368479 0.66784531
vn -0.58430982 0.43115738 0.68752122
vn -0.67825305 0.56437355 0.47059041
vn -0.69912320 0.50890827 0.50223404
vn -0.73950571 0.62597817 0.24755310
vn -0.77659076 0.56060642 0.28744975
vn -0.75656873 0.65384197 0.00971740
vn -0.81374723 0.57800198 0.06106655
vn -0.73108548 0.64341784 -0.22699657
vn -0.80689228 0.56557870 -0.17042771
vn -0.71021891 0.59540290 -0.37561229
vn -0.25234130 0.26079965 0.93183017
vn -0.25321573 0.24482183 0.93591887
vn -0.40023655 0.41937137 0.81482416
vn -0.40711725 0.39127612 0.82532328
vn -0.52330875 0.55359674 0.64782596
vn -0.53976268 0.51285863 0.66755694
vn -0.61054635 0.65403736 0.44661885
vn -0.64323795 0.60293061 0.47193179
vn -0.66071337 0.71978891 0.21298289
vn -0.70980799 0.65922034 0.24819566
vn -0.66915810 0.74241334 -0.03240134
vn -0.73833013 0.67436934 0.00973317
vn -0.63538659 0.72137874 -0.27549341
vn -0.72222376 0.65329134 -0.22716366
vn -0.57644939 0.65711874 -0.48569643
vn -0.21916038 0.29834089 0.92895722
vn -0.22350979 0.28536156 0.93199366
vn -0.34538597 0.47908378 0.80696172
vn -0.35747492 0.45597911 0.81504279
vn -0.44950166 0.62997073 0.63331276
vn -0.47438702 0.59507912 0.64872009
vn -0.52191061 0.74252898 0.41983345
vn -0.56361538 0.69662195 0.44390947
vn -0.55848414 0.80972636 0.18010736
vn -0.62117267 0.75439173 0.21222107
vn -0.55891848 0.82628918 -0.06968704
vn -0.63915908 0.76839566 -0.03230914
vn -0.52125937 0.79225051 -0.31721902
vn -0.61845922 0.73610955 -0.27504739
vn -0.51195788 0.72403109 -0.46225324
vn -0.05806551 0.11499248 0.99166781
vn -0.06022933 0.11023104 0.99207938
vn -0.16933249 0.34006441 0.92503119
vn -0.17450970 0.32807824 0.92839164
vn -0.26792538 0.54055119 0.79750884
vn -0.28135091 0.52026343 0.80632967
vn -0.34426287 0.70647311 0.61836791
vn -0.37302291 0.67867166 0.63266003
vn -0.39709872 0.82742083 0.39709872
vn -0.44443551 0.79028714 0.42180970
vn -0.41964373 0.89514446 0.15038428
vn -0.48854426 0.85383874 0.17967737
vn -0.41280469 0.90483451 -0.10424361
vn -0.49953821 0.86334759 -0.07136260
vn -0.37716779 0.85522413 -0.35543796
vn -0.47691351 0.82003939 -0.31636837
vn -0.32101324 0.74688005 -0.58234060
vn -0.42150950 0.72565752 -0.54382992
vn -0.02320122 0.11379645 0.99323308
vn -0.02540949 0.11379034 0.99317980
vn -0.06975937 0.33826712 0.93846095
vn -0.07244252 0.33586985 0.93911844
vn -0.11173710 0.54417419 0.83149821
vn -0.11783380 0.53970790 0.83356506
vn -0.14617670 0.71882766 0.67964631
vn -0.15964399 0.71307653 0.68266815
vn -0.17035355 0.85473043 0.49032196
vn -0.19328646 0.84656471 0.49595207
vn -0.18485400 0.94344002 0.27522707
vn -0.21985711 0.93404263 0.28147313
vn -0.18546741 0.98167783 0.04370888
vn -0.23154898 0.97152561 0.05023020
vn -0.17591687 0.96558809 -0.19155392
vn -0.22808132 0.95634097 -0.18273182
vn -0.16235583 0.89511222 -0.41522861
vn -0.21036260 0.88999563 -0.40454346
vn -0.13911140 0.77633131 -0.61478263
vn -0.00983262 0.11689898 0.99309510
vn -0.00983262 0.11689898 0.99309510
vn -0.02686197 0.34664738 0.93761081
vn -0.02688574 0.34439349 0.93844032
vn -0.04035371 0.55521137 0.83072972
vn -0.04329867 0.55450225 0.83105505
vn -0.05295086 0.73415655 0.67691237
vn -0.05890349 0.73126519 0.67954510
vn -0.06250271 0.87087113 0.48752117
vn -0.07131347 0.86834639 0.49080446
vn -0.06724356 0.96044105 0.27024299
vn -0.08083922 0.95852214 0.27331355
vn -0.06789664 0.99689513 0.03987581
vn -0.08669230 0.99531543 0.04279746
vn -0.06412072 0.97874844 -0.19478182
vn -0.08447444 0.97818947 -0.18976142
vn -0.05810964 0.90678078 -0.41757864
vn -0.07776305 0.90723562 -0.41337201
vn -0.04968369 0.78500229 -0.61749727
vn -0.06730437 0.78617239 -0.61433142
vn 0.46033570 0.62773049 0.62773049
vn 0.39953980 0.64821601 0.64821601
vn 0.72721702 0.48536351 0.48536351
vn 0.65109545 0.53669113 0.53669113
vn 0.85179156 0.33978572 0.39874396
vn 0.85069782 0.37169430 0.37169430
vn 0.78446829 0.44014680 0.43689847
vn 0.88066399 0.33498579 0.33498579
vn 0.93888199 0.24341385 0.24341385
vn 0.96948361 0.17335138 0.17335138
vn 0.95882833 0.20080870 0.20080870
vn 0.98970950 0.10118064 0.10118064
vn 0.99922454 0.02784217 0.02784217
vn 0.99768180 0.04811970 0.04811970
vn 0.99790061 -0.04579480 -0.04579480
vn 0.99317342 -0.08248198 -0.08248198
vn 0.98555380 -0.11855386 -0.12094889
vn 0.96185958 -0.19342457 -0.19342457
vn 0.96582246 -0.18328528 -0.18328528
vn 0.92195410 -0.27386194 -0.27386194
vn 0.91917467 -0.27849406 -0.27849406
vn 0.86067235 -0.36002991 -0.36002991
vn 0.85069782 -0.37169430 -0.37169430
vn 0.77729470 -0.44486678 -0.44486678
vn 0.73801070 -0.47714788 -0.47714788
vn 0.68569845 -0.51469296 -0.51469296
vn 0.58632684 -0.57280922 -0.57280922
vn 0.56372786 -0.58404237 -0.58404237
vn 0.46754009 -0.62506253 -0.62506253
vn 0.34856308 -0.66276079 -0.66276079
vn 0.23387378 -0.68906438 -0.68592513
vn 0.35143340 -0.66200244 -0.66200244
vn 0.12071509 -0.70193589 -0.70193589
vn 0.08605495 -0.70448375 -0.70448375
vn 0.32250717 0.66932392 0.66932392
vn 0.17965865 0.69560146 0.69560146
vn 0.23438017 0.68741030 0.68741030
vn 0.05894291 0.70587736 0.70587736
vn 0.07704180 0.70500517 0.70500517
vn 0.68864900 0.51439232 0.51104122
vn 0.56372786 0.58404237 0.58404237
vn 0.55918944 0.58621973 0.58621973
vn -0.11435527 -0.70246810 -0.70246810
vn -0.02389142 -0.70690495 -0.70690495
vn -0.18638715 -0.69471574 -0.69471574
vn -0.05299430 -0.70611316 -0.70611316
vn -0.33694816 -0.66575748 -0.66575748
vn -0.38776821 -0.65178061 -0.65178061
vn -0.25538093 -0.68365949 -0.68365949
vn -0.48189989 -0.61958557 -0.61958557
vn -0.51037955 -0.60807598 -0.60807598
vn -0.61722100 -0.55634445 -0.55634445
vn -0.62370694 -0.55271590 -0.55271590
vn -0.71616918 -0.49350870 -0.49350870
vn -0.72565037 -0.48653448 -0.48653448
vn -0.85794258 -0.36327299 -0.36327299
vn -0.79609483 -0.42792118 -0.42792118
vn -0.81059223 -0.41408950 -0.41408950
vn -0.88066399 -0.33498579 -0.33498579
vn -0.92647195 -0.26612940 -0.26612940
vn -0.93457609 -0.25156260 -0.25156260
vn -0.98133248 -0.13598989 -0.13598989
vn -0.97272289 -0.16402778 -0.16402778
vn -0.99922770 -0.02778491 -0.02778491
vn -0.99397618 -0.07749645 -0.07749645
vn -0.99667609 0.05760505 0.05760505
vn -0.99995184 0.00693723 0.00693723
vn -0.97961050 0.14206205 0.14206205
vn -0.98966169 0.10141410 0.10141410
vn -0.94684631 0.22609210 0.22883262
vn -0.90453404 0.30151135 0.30151135
vn -0.95757866 0.20376848 0.20376848
vn -0.85268700 0.33703658 0.39916313
vn -0.85351098 0.36845556 0.36845556
vn -0.83249152 0.39334038 0.39018103
vn -0.72172463 0.48944542 0.48944542
vn -0.63853323 0.54418534 0.54418534
vn -0.74854666 0.46886989 0.46886989
vn -0.65538108 0.53407663 0.53407663
vn -0.50788182 0.60912067 0.60912067
vn -0.53148001 0.59896952 0.59896952
vn -0.37767032 0.65473849 0.65473849
vn -0.36310446 0.65884566 0.65884566
vn -0.23438017 0.68741030 0.68741030
vn -0.22348906 0.68922150 0.68922150
vn -0.07384800 0.70517600 0.70517600
vn -0.08315835 0.70465761 0.70465761
vn 0.95296258 -0.21431549 0.21431549
vn 0.31959847 -0.67002118 0.67002118
vn 0.32250717 -0.66932392 0.66932392
vn 0.46033570 -0.62773049 0.62773049
vn 0.47931528 -0.62058711 0.62058711
vn 0.56372786 -0.58404237 0.58404237
vn 0.88066399 -0.33498579 0.33498579
vn 0.78446829 -0.44014680 0.43689847
vn 0.85615307 -0.36382633 0.36692274
vn 0.85458201 -0.33655953 0.39549622
vn 0.95882833 -0.20080870 0.20080870
vn 0.98724198 -0.11259062 0.11259062
vn 0.99768180 -0.04811970 0.04811970
vn 0.99977189 -0.01510229 0.01510229
vn 0.99317342 0.08248198 -0.08248198
vn 0.99314260 0.08266751 -0.08266751
vn 0.96582246 0.18328528 -0.18328528
vn 0.96690726 0.18040283 -0.18040283
vn 0.91917467 0.27849406 -0.27849406
vn 0.92195410 0.27386194 -0.27386194
vn 0.85069782 0.37169430 -0.37169430
vn 0.86067235 0.36002991 -0.36002991
vn 0.73801070 0.47714788 -0.47714788
vn 0.77729470 0.44486678 -0.44486678
vn 0.56372786 0.58404237 -0.58404237
vn 0.58632684 0.57280922 -0.57280922
vn 0.68569845 0.51469296 -0.51469296
vn 0.46754009 0.62506253 -0.62506253
vn 0.17965865 -0.69560146 0.69560146
vn 0.10467253 -0.70322245 0.70322245
vn 0.05894291 -0.70587736 0.70587736
vn 0.34856308 0.66276079 -0.66276079
vn 0.23387378 0.68906438 -0.68592513
vn 0.35143340 0.66200244 -0.66200244
vn 0.08605495 0.70448375 -0.70448375
vn 0.12071509 0.70193589 -0.70193589
vn 0.58632684 -0.57280922 0.57280922
vn 0.65109545 -0.53669113 0.53669113
vn 0.72721702 -0.48536351 0.48536351
vn 0.68864900 -0.51439232 0.51104122
vn -0.72565037 0.48653448 -0.48653448
vn -0.64484054 0.54045379 -0.54045379
vn -0.62370694 0.55271590 -0.55271590
vn -0.98730189 -0.11232775 0.11232775
vn -0.93288624 -0.25467935 0.25467935
vn -0.72172463 -0.48944542 0.48944542
vn -0.63853323 -0.54418534 0.54418534
vn -0.65538108 -0.53407663 0.53407663
vn -0.74854666 -0.46886989 0.46886989
vn -0.50788182 -0.60912067 0.60912067
vn -0.53148001 -0.59896952 0.59896952
vn -0.37767032 -0.65473849 0.65473849
vn -0.36310446 -0.65884566 0.65884566
vn -0.23438017 -0.68741030 0.68741030
vn -0.11435527 0.70246810 -0.70246810
vn -0.38776821 0.65178061 -0.65178061
vn -0.33694816 0.66575748 -0.66575748
vn -0.25538093 0.68365949 -0.68365949
vn -0.51037955 0.60807598 -0.60807598
vn -0.48648855 0.61778998 -0.61778998
vn -0.75742608 0.46168488 -0.46168488
vn -0.82641906 0.39814046 -0.39814046
vn -0.81059223 0.41408950 -0.41408950
vn -0.88984591 0.32262540 -0.32262540
vn -0.88066399 0.33498579 -0.33498579
vn -0.93692881 0.24714814 -0.24714814
vn -0.93457609 0.25156260 -0.25156260
vn -0.97049123 0.17050903 -0.17050903
vn -0.97272289 0.16402778 -0.16402778
vn -0.99380070 0.07748277 -0.07972864
vn -0.99909812 0.03002471 -0.03002471
vn -0.98970950 0.10118064 -0.10118064
vn -0.99995184 -0.00693723 0.00693723
vn -0.99830830 -0.04111302 0.04111302
vn -0.98966169 -0.10141410 0.10141410
vn -0.90453404 -0.30151135 0.30151135
vn -0.95757866 -0.20376848 0.20376848
vn -0.96582246 -0.18328528 0.18328528
vn -0.83249152 -0.39334038 0.39018103
vn -0.84609473 -0.37691095 0.37691095
vn -0.84916621 -0.34434080 0.40043250
vn -0.22348906 -0.68922150 0.68922150
vn -0.08315835 -0.70465761 0.70465761
vn -0.07384800 -0.70517600 0.70517600
vn -0.05299430 0.70611316 -0.70611316
vn -0.18638715 0.69471574 -0.69471574
vn -0.02384400 0.70550179 -0.70830697
g Forme 3D02580960 A
f 2//1 23//1 1//1
f 2//2 3//2 22//2
f 34//3 22//3 3//3
f 1836//4 25//4 32//4
f 3//5 4//5 34//5
f 7//6 34//6 4//6
f 5//7 1836//7 6//7
f 4//8 350//8 7//8
f 350//9 8//9 7//9
f 1840//10 5//10 36//10
f 350//11 353//11 8//11
f 9//12 8//12 353//12
f 1843//13 1840//13 10//13
f 353//14 354//14 9//14
f 11//15 9//15 354//15
f 1845//16 1843//16 40//16
f 354//17 12//17 11//17
f 43//18 11//18 12//18
f 1846//19 1845//19 41//19
f 12//20 357//20 43//20
f 13//21 43//21 357//21
f 46//22 1846//22 44//22
f 14//23 13//23 357//23
f 1848//24 46//24 47//24
f 357//25 15//25 14//25
f 16//26 14//26 15//26
f 1852//27 1848//27 48//27
f 15//28 355//28 16//28
f 19//29 16//29 355//29
f 1853//30 1852//30 51//30
f 355//31 17//31 19//31
f 17//32 18//32 19//32
f 56//33 19//33 18//33
f 20//34 1853//34 54//34
f 18//35 464//35 56//35
f 27//36 56//36 464//36
f 464//37 28//37 27//37
f 20//38 61//38 21//38
f 2//39 22//39 23//39
f 23//40 22//40 31//40
f 23//41 31//41 141//41
f 141//42 31//42 30//42
f 141//43 30//43 24//43
f 24//44 30//44 25//44
f 24//45 25//45 1859//45
f 20//46 55//46 61//46
f 61//47 55//47 57//47
f 61//48 57//48 26//48
f 26//49 57//49 27//49
f 26//50 27//50 59//50
f 59//51 27//51 28//51
f 59//52 28//52 29//52
f 25//53 30//53 32//53
f 32//54 30//54 31//54
f 32//55 31//55 33//55
f 33//56 31//56 22//56
f 33//57 22//57 34//57
f 1836//58 32//58 6//58
f 6//59 32//59 33//59
f 6//60 33//60 35//60
f 35//61 33//61 34//61
f 35//62 34//62 7//62
f 5//63 6//63 36//63
f 36//64 6//64 35//64
f 36//65 35//65 37//65
f 37//66 35//66 7//66
f 37//67 7//67 8//67
f 1840//68 36//68 10//68
f 10//69 36//69 37//69
f 10//70 37//70 39//70
f 39//71 37//71 8//71
f 39//72 8//72 9//72
f 1843//73 10//73 40//73
f 40//74 10//74 39//74
f 40//75 39//75 38//75
f 38//76 39//76 9//76
f 38//77 9//77 11//77
f 1845//78 40//78 41//78
f 41//79 40//79 38//79
f 41//80 38//80 42//80
f 42//81 38//81 11//81
f 42//82 11//82 43//82
f 1846//83 41//83 44//83
f 44//84 41//84 42//84
f 44//85 42//85 45//85
f 45//86 42//86 43//86
f 45//87 43//87 13//87
f 46//88 44//88 47//88
f 47//89 44//89 45//89
f 47//90 45//90 49//90
f 49//91 45//91 13//91
f 49//92 13//92 14//92
f 1848//93 47//93 48//93
f 48//94 47//94 49//94
f 48//95 49//95 50//95
f 50//96 49//96 14//96
f 50//97 14//97 16//97
f 1852//98 48//98 51//98
f 51//99 48//99 50//99
f 51//100 50//100 52//100
f 52//101 50//101 16//101
f 52//102 16//102 19//102
f 1853//103 51//103 54//103
f 54//104 51//104 52//104
f 54//105 52//105 53//105
f 53//106 52//106 19//106
f 53//107 19//107 56//107
f 20//108 54//108 55//108
f 55//109 54//109 53//109
f 55//110 53//110 57//110
f 57//111 53//111 56//111
f 57//112 56//112 27//112
f 58//113 59//113 60//113
f 60//114 59//114 29//114
f 60//115 29//115 329//115
f 59//116 58//116 26//116
f 26//117 58//117 90//117
f 26//118 90//118 61//118
f 61//119 90//119 91//119
f 61//120 91//120 21//120
f 330//121 60//121 329//121
f 330//122 63//122 62//122
f 63//123 64//123 62//123
f 67//124 62//124 64//124
f 65//125 66//125 94//125
f 64//126 152//126 67//126
f 69//127 67//127 152//127
f 1863//128 65//128 96//128
f 68//129 1863//129 96//129
f 152//130 153//130 69//130
f 99//131 69//131 153//131
f 100//132 68//132 102//132
f 153//133 155//133 99//133
f 70//134 99//134 155//134
f 1868//135 100//135 101//135
f 155//136 156//136 70//136
f 105//137 70//137 156//137
f 1869//138 1868//138 71//138
f 156//139 73//139 105//139
f 110//140 105//140 73//140
f 72//141 1869//141 106//141
f 1870//142 72//142 106//142
f 75//143 110//143 73//143
f 74//144 1870//144 112//144
f 73//145 159//145 75//145
f 77//146 75//146 159//146
f 1873//147 74//147 111//147
f 76//148 1873//148 111//148
f 159//149 160//149 77//149
f 79//150 77//150 160//150
f 78//151 76//151 115//151
f 160//152 80//152 79//152
f 120//153 79//153 80//153
f 81//154 78//154 116//154
f 80//155 163//155 120//155
f 121//156 120//156 163//156
f 82//157 81//157 117//157
f 163//158 83//158 121//158
f 124//159 121//159 83//159
f 1876//160 82//160 122//160
f 83//161 303//161 124//161
f 84//162 124//162 303//162
f 1877//163 1876//163 125//163
f 1879//164 1877//164 125//164
f 303//165 166//165 84//165
f 85//166 84//166 166//166
f 1880//167 1879//167 126//167
f 166//168 86//168 85//168
f 132//169 85//169 86//169
f 130//170 1880//170 131//170
f 86//171 168//171 132//171
f 134//172 132//172 168//172
f 88//173 130//173 87//173
f 88//174 92//174 1882//174
f 330//175 62//175 60//175
f 60//176 62//176 89//176
f 60//177 89//177 58//177
f 58//178 89//178 95//178
f 58//179 95//179 90//179
f 90//180 95//180 66//180
f 90//181 66//181 91//181
f 88//182 87//182 92//182
f 92//183 87//183 133//183
f 92//184 133//184 93//184
f 93//185 133//185 134//185
f 93//186 134//186 135//186
f 135//187 134//187 168//187
f 135//188 168//188 331//188
f 66//189 95//189 94//189
f 94//190 95//190 89//190
f 94//191 89//191 97//191
f 97//192 89//192 62//192
f 97//193 62//193 67//193
f 65//194 94//194 96//194
f 96//195 94//195 97//195
f 96//196 97//196 98//196
f 98//197 97//197 67//197
f 98//198 67//198 69//198
f 68//199 96//199 102//199
f 102//200 96//200 98//200
f 102//201 98//201 104//201
f 104//202 98//202 69//202
f 104//203 69//203 99//203
f 100//204 102//204 101//204
f 101//205 102//205 104//205
f 101//206 104//206 103//206
f 103//207 104//207 99//207
f 103//208 99//208 70//208
f 1868//209 101//209 71//209
f 71//210 101//210 103//210
f 71//211 103//211 108//211
f 108//212 103//212 70//212
f 108//213 70//213 105//213
f 1869//214 71//214 106//214
f 106//215 71//215 108//215
f 106//216 108//216 107//216
f 107//217 108//217 105//217
f 107//218 105//218 110//218
f 1870//219 106//219 112//219
f 112//220 106//220 107//220
f 112//221 107//221 109//221
f 109//222 107//222 110//222
f 109//223 110//223 75//223
f 74//224 112//224 111//224
f 111//225 112//225 109//225
f 111//226 109//226 113//226
f 113//227 109//227 75//227
f 113//228 75//228 77//228
f 76//229 111//229 115//229
f 115//230 111//230 113//230
f 115//231 113//231 114//231
f 114//232 113//232 77//232
f 114//233 77//233 79//233
f 78//234 115//234 116//234
f 116//235 115//235 114//235
f 116//236 114//236 118//236
f 118//237 114//237 79//237
f 118//238 79//238 120//238
f 81//239 116//239 117//239
f 117//240 116//240 118//240
f 117//241 118//241 119//241
f 119//242 118//242 120//242
f 119//243 120//243 121//243
f 82//244 117//244 122//244
f 122//245 117//245 119//245
f 122//246 119//246 123//246
f 123//247 119//247 121//247
f 123//248 121//248 124//248
f 1876//249 122//249 125//249
f 125//250 122//250 123//250
f 125//251 123//251 127//251
f 127//252 123//252 124//252
f 127//253 124//253 84//253
f 1879//254 125//254 126//254
f 126//255 125//255 127//255
f 126//256 127//256 128//256
f 128//257 127//257 84//257
f 128//258 84//258 85//258
f 1880//259 126//259 131//259
f 131//260 126//260 128//260
f 131//261 128//261 129//261
f 129//262 128//262 85//262
f 129//263 85//263 132//263
f 130//264 131//264 87//264
f 87//265 131//265 129//265
f 87//266 129//266 133//266
f 133//267 129//267 132//267
f 133//268 132//268 134//268
f 139//269 135//269 331//269
f 139//270 136//270 137//270
f 136//271 149//271 137//271
f 138//272 1858//272 146//272
f 136//273 143//273 149//273
f 142//274 149//274 143//274
f 1860//275 138//275 140//275
f 1860//276 24//276 1859//276
f 139//277 137//277 135//277
f 135//278 137//278 145//278
f 135//279 145//279 93//279
f 93//280 145//280 144//280
f 93//281 144//281 92//281
f 92//282 144//282 1858//282
f 92//283 1858//283 1882//283
f 1860//284 140//284 24//284
f 24//285 140//285 148//285
f 24//286 148//286 141//286
f 141//287 148//287 142//287
f 141//288 142//288 23//288
f 23//289 142//289 143//289
f 23//290 143//290 1//290
f 1858//291 144//291 146//291
f 146//292 144//292 145//292
f 146//293 145//293 147//293
f 147//294 145//294 137//294
f 147//295 137//295 149//295
f 138//296 146//296 140//296
f 140//297 146//297 147//297
f 140//298 147//298 148//298
f 148//299 147//299 149//299
f 148//300 149//300 142//300
f 150//301 63//301 330//301
f 63//302 150//302 64//302
f 150//303 233//303 64//303
f 64//304 151//304 152//304
f 247//305 152//305 151//305
f 154//306 153//306 152//306
f 153//307 154//307 155//307
f 268//308 155//308 154//308
f 268//309 156//309 155//309
f 269//310 73//310 156//310
f 269//311 157//311 73//311
f 73//312 157//312 276//312
f 158//313 276//313 157//313
f 276//314 159//314 73//314
f 161//315 159//315 276//315
f 161//316 160//316 159//316
f 160//317 161//317 80//317
f 161//318 162//318 80//318
f 164//319 163//319 80//319
f 164//320 83//320 163//320
f 83//321 164//321 165//321
f 292//322 165//322 164//322
f 165//323 303//323 83//323
f 165//324 301//324 303//324
f 302//325 166//325 303//325
f 302//326 86//326 166//326
f 86//327 302//327 307//327
f 300//328 307//328 302//328
f 86//329 167//329 168//329
f 86//330 307//330 167//330
f 136//331 139//331 327//331
f 136//332 327//332 169//332
f 1//333 143//333 170//333
f 143//334 136//334 170//334
f 136//335 169//335 170//335
f 328//336 170//336 169//336
f 170//337 328//337 341//337
f 325//338 341//338 328//338
f 341//339 325//339 342//339
f 324//340 342//340 325//340
f 342//341 324//341 343//341
f 171//342 343//342 324//342
f 343//343 171//343 172//343
f 321//344 172//344 171//344
f 172//345 321//345 345//345
f 173//346 345//346 321//346
f 345//347 173//347 347//347
f 333//348 347//348 173//348
f 347//349 333//349 332//349
f 188//350 340//350 189//350
f 189//351 340//351 174//351
f 189//352 174//352 175//352
f 175//353 174//353 362//353
f 175//354 362//354 176//354
f 176//355 362//355 364//355
f 176//356 364//356 177//356
f 177//357 364//357 178//357
f 177//358 178//358 179//358
f 179//359 178//359 180//359
f 179//360 180//360 191//360
f 191//361 180//361 366//361
f 191//362 366//362 192//362
f 192//363 366//363 181//363
f 192//364 181//364 182//364
f 182//365 181//365 367//365
f 182//366 367//366 195//366
f 195//367 367//367 369//367
f 195//368 369//368 196//368
f 196//369 369//369 183//369
f 196//370 183//370 197//370
f 197//371 183//371 370//371
f 197//372 370//372 199//372
f 199//373 370//373 371//373
f 199//374 371//374 201//374
f 201//375 371//375 184//375
f 201//376 184//376 185//376
f 185//377 184//377 186//377
f 214//378 188//378 187//378
f 187//379 188//379 189//379
f 187//380 189//380 213//380
f 213//381 189//381 175//381
f 213//382 175//382 211//382
f 211//383 175//383 176//383
f 211//384 176//384 210//384
f 210//385 176//385 177//385
f 210//386 177//386 209//386
f 209//387 177//387 179//387
f 209//388 179//388 190//388
f 190//389 179//389 191//389
f 190//390 191//390 193//390
f 193//391 191//391 192//391
f 193//392 192//392 208//392
f 208//393 192//393 182//393
f 208//394 182//394 194//394
f 194//395 182//395 195//395
f 194//396 195//396 206//396
f 206//397 195//397 196//397
f 206//398 196//398 205//398
f 205//399 196//399 197//399
f 205//400 197//400 203//400
f 203//401 197//401 199//401
f 203//402 199//402 198//402
f 198//403 199//403 201//403
f 198//404 201//404 200//404
f 200//405 201//405 185//405
f 200//406 202//406 198//406
f 198//407 202//407 215//407
f 198//408 215//408 203//408
f 203//409 215//409 204//409
f 203//410 204//410 205//410
f 205//411 204//411 217//411
f 205//412 217//412 206//412
f 206//413 217//413 207//413
f 206//414 207//414 194//414
f 194//415 207//415 219//415
f 194//416 219//416 208//416
f 208//417 219//417 221//417
f 208//418 221//418 193//418
f 193//419 221//419 222//419
f 193//420 222//420 190//420
f 190//421 222//421 225//421
f 190//422 225//422 209//422
f 209//423 225//423 226//423
f 209//424 226//424 210//424
f 210//425 226//425 227//425
f 210//426 227//426 211//426
f 211//427 227//427 212//427
f 211//428 212//428 213//428
f 213//429 212//429 229//429
f 213//430 229//430 187//430
f 187//431 229//431 232//431
f 187//432 232//432 214//432
f 214//433 232//433 234//433
f 214//434 234//434 330//434
f 202//435 216//435 215//435
f 215//436 216//436 236//436
f 215//437 236//437 204//437
f 204//438 236//438 218//438
f 204//439 218//439 217//439
f 217//440 218//440 238//440
f 217//441 238//441 207//441
f 207//442 238//442 240//442
f 207//443 240//443 219//443
f 219//444 240//444 220//444
f 219//445 220//445 221//445
f 221//446 220//446 223//446
f 221//447 223//447 222//447
f 222//448 223//448 224//448
f 222//449 224//449 225//449
f 225//450 224//450 243//450
f 225//451 243//451 226//451
f 226//452 243//452 245//452
f 226//453 245//453 227//453
f 227//454 245//454 228//454
f 227//455 228//455 212//455
f 212//456 228//456 230//456
f 212//457 230//457 229//457
f 229//458 230//458 231//458
f 229//459 231//459 232//459
f 232//460 231//460 233//460
f 232//461 233//461 234//461
f 234//462 233//462 150//462
f 234//463 150//463 330//463
f 216//464 235//464 236//464
f 236//465 235//465 248//465
f 236//466 248//466 218//466
f 218//467 248//467 237//467
f 218//468 237//468 238//468
f 238//469 237//469 239//469
f 238//470 239//470 240//470
f 240//471 239//471 250//471
f 240//472 250//472 220//472
f 220//473 250//473 241//473
f 220//474 241//474 223//474
f 223//475 241//475 242//475
f 223//476 242//476 224//476
f 224//477 242//477 244//477
f 224//478 244//478 243//478
f 243//479 244//479 254//479
f 243//480 254//480 245//480
f 245//481 254//481 246//481
f 245//482 246//482 228//482
f 228//483 246//483 257//483
f 228//484 257//484 230//484
f 230//485 257//485 259//485
f 230//486 259//486 231//486
f 231//487 259//487 247//487
f 231//488 247//488 233//488
f 233//489 247//489 151//489
f 233//490 151//490 64//490
f 235//491 339//491 248//491
f 248//492 339//492 249//492
f 248//493 249//493 237//493
f 237//494 249//494 262//494
f 237//495 262//495 239//495
f 239//496 262//496 263//496
f 239//497 263//497 250//497
f 250//498 263//498 251//498
f 250//499 251//499 241//499
f 241//500 251//500 252//500
f 241//501 252//501 242//501
f 242//502 252//502 253//502
f 242//503 253//503 244//503
f 244//504 253//504 255//504
f 244//505 255//505 254//505
f 254//506 255//506 256//506
f 254//507 256//507 246//507
f 246//508 256//508 267//508
f 246//509 267//509 257//509
f 257//510 267//510 258//510
f 257//511 258//511 259//511
f 259//512 258//512 268//512
f 259//513 268//513 247//513
f 247//514 268//514 154//514
f 247//515 154//515 152//515
f 339//516 338//516 249//516
f 249//517 338//517 260//517
f 249//518 260//518 262//518
f 262//519 260//519 261//519
f 262//520 261//520 263//520
f 263//521 261//521 264//521
f 263//522 264//522 251//522
f 251//523 264//523 271//523
f 251//524 271//524 252//524
f 252//525 271//525 272//525
f 252//526 272//526 253//526
f 253//527 272//527 273//527
f 253//528 273//528 255//528
f 255//529 273//529 265//529
f 255//530 265//530 256//530
f 256//531 265//531 266//531
f 256//532 266//532 267//532
f 267//533 266//533 158//533
f 267//534 158//534 258//534
f 258//535 158//535 157//535
f 258//536 157//536 268//536
f 268//537 157//537 269//537
f 268//538 269//538 156//538
f 338//539 337//539 260//539
f 260//540 337//540 277//540
f 260//541 277//541 261//541
f 261//542 277//542 270//542
f 261//543 270//543 264//543
f 264//544 270//544 279//544
f 264//545 279//545 271//545
f 271//546 279//546 281//546
f 271//547 281//547 272//547
f 272//548 281//548 282//548
f 272//549 282//549 273//549
f 273//550 282//550 274//550
f 273//551 274//551 265//551
f 265//552 274//552 275//552
f 265//553 275//553 266//553
f 266//554 275//554 162//554
f 266//555 162//555 158//555
f 158//556 162//556 161//556
f 158//557 161//557 276//557
f 337//558 278//558 277//558
f 277//559 278//559 284//559
f 277//560 284//560 270//560
f 270//561 284//561 286//561
f 270//562 286//562 279//562
f 279//563 286//563 288//563
f 279//564 288//564 281//564
f 281//565 288//565 280//565
f 281//566 280//566 282//566
f 282//567 280//567 283//567
f 282//568 283//568 274//568
f 274//569 283//569 291//569
f 274//570 291//570 275//570
f 275//571 291//571 292//571
f 275//572 292//572 162//572
f 162//573 292//573 164//573
f 162//574 164//574 80//574
f 278//575 336//575 284//575
f 284//576 336//576 285//576
f 284//577 285//577 286//577
f 286//578 285//578 296//578
f 286//579 296//579 288//579
f 288//580 296//580 287//580
f 288//581 287//581 280//581
f 280//582 287//582 289//582
f 280//583 289//583 283//583
f 283//584 289//584 290//584
f 283//585 290//585 291//585
f 291//586 290//586 293//586
f 291//587 293//587 292//587
f 292//588 293//588 301//588
f 292//589 301//589 165//589
f 336//590 294//590 285//590
f 285//591 294//591 295//591
f 285//592 295//592 296//592
f 296//593 295//593 297//593
f 296//594 297//594 287//594
f 287//595 297//595 298//595
f 287//596 298//596 289//596
f 289//597 298//597 306//597
f 289//598 306//598 290//598
f 290//599 306//599 299//599
f 290//600 299//600 293//600
f 293//601 299//601 300//601
f 293//602 300//602 301//602
f 301//603 300//603 302//603
f 301//604 302//604 303//604
f 294//605 304//605 295//605
f 295//606 304//606 309//606
f 295//607 309//607 297//607
f 297//608 309//608 305//608
f 297//609 305//609 298//609
f 298//610 305//610 312//610
f 298//611 312//611 306//611
f 306//612 312//612 314//612
f 306//613 314//613 299//613
f 299//614 314//614 315//614
f 299//615 315//615 300//615
f 300//616 315//616 317//616
f 300//617 317//617 307//617
f 304//618 308//618 309//618
f 309//619 308//619 310//619
f 309//620 310//620 305//620
f 305//621 310//621 311//621
f 305//622 311//622 312//622
f 312//623 311//623 313//623
f 312//624 313//624 314//624
f 314//625 313//625 318//625
f 314//626 318//626 315//626
f 315//627 318//627 316//627
f 315//628 316//628 317//628
f 317//629 316//629 167//629
f 317//630 167//630 307//630
f 327//631 167//631 326//631
f 326//632 167//632 316//632
f 326//633 316//633 323//633
f 323//634 316//634 318//634
f 323//635 318//635 322//635
f 322//636 318//636 313//636
f 322//637 313//637 320//637
f 320//638 313//638 311//638
f 320//639 311//639 319//639
f 319//640 311//640 310//640
f 319//641 310//641 334//641
f 334//642 310//642 308//642
f 334//643 333//643 319//643
f 319//644 333//644 173//644
f 319//645 173//645 320//645
f 320//646 173//646 321//646
f 320//647 321//647 322//647
f 322//648 321//648 171//648
f 322//649 171//649 323//649
f 323//650 171//650 324//650
f 323//651 324//651 326//651
f 326//652 324//652 325//652
f 326//653 325//653 327//653
f 327//654 325//654 328//654
f 327//655 328//655 169//655
f 329//656 340//656 188//656
f 329//657 188//657 214//657
f 329//658 214//658 330//658
f 331//659 168//659 167//659
f 331//660 167//660 327//660
f 331//661 327//661 139//661
f 335//662 332//662 333//662
f 335//663 333//663 334//663
f 335//664 334//664 308//664
f 335//665 308//665 304//665
f 335//666 304//666 294//666
f 335//667 294//667 336//667
f 335//668 336//668 278//668
f 335//669 278//669 337//669
f 335//670 337//670 338//670
f 335//671 338//671 339//671
f 335//672 339//672 235//672
f 335//673 235//673 216//673
f 335//674 216//674 202//674
f 335//675 202//675 200//675
f 335//676 200//676 185//676
f 335//677 185//677 186//677
f 329//678 555//678 340//678
f 329//679 29//679 555//679
f 2//680 351//680 3//680
f 170//681 382//681 554//681
f 170//682 341//682 382//682
f 341//683 381//683 382//683
f 341//684 342//684 381//684
f 342//685 379//685 381//685
f 342//686 343//686 379//686
f 343//687 344//687 379//687
f 343//688 172//688 344//688
f 172//689 376//689 344//689
f 172//690 345//690 376//690
f 345//691 346//691 376//691
f 345//692 347//692 346//692
f 347//693 348//693 346//693
f 347//694 332//694 348//694
f 4//695 349//695 350//695
f 4//696 389//696 349//696
f 4//697 3//697 389//697
f 3//698 351//698 389//698
f 351//699 388//699 389//699
f 353//700 352//700 354//700
f 352//701 353//701 399//701
f 353//702 350//702 399//702
f 350//703 349//703 399//703
f 349//704 391//704 399//704
f 12//705 413//705 357//705
f 354//706 413//706 12//706
f 413//707 354//707 412//707
f 354//708 352//708 412//708
f 352//709 411//709 412//709
f 15//710 356//710 355//710
f 15//711 357//711 356//711
f 357//712 424//712 356//712
f 17//713 355//713 358//713
f 358//714 355//714 426//714
f 18//715 359//715 464//715
f 18//716 17//716 359//716
f 359//717 17//717 435//717
f 464//718 360//718 28//718
f 541//719 340//719 555//719
f 340//720 541//720 174//720
f 361//721 174//721 541//721
f 174//722 361//722 362//722
f 543//723 362//723 361//723
f 362//724 543//724 364//724
f 363//725 364//725 543//725
f 364//726 363//726 178//726
f 544//727 178//727 363//727
f 178//728 544//728 180//728
f 365//729 180//729 544//729
f 180//730 365//730 366//730
f 545//731 366//731 365//731
f 366//732 545//732 181//732
f 547//733 181//733 545//733
f 181//734 547//734 367//734
f 549//735 367//735 547//735
f 367//736 549//736 369//736
f 368//737 369//737 549//737
f 369//738 368//738 183//738
f 551//739 183//739 368//739
f 183//740 551//740 370//740
f 372//741 370//741 551//741
f 370//742 372//742 371//742
f 373//743 371//743 372//743
f 371//744 373//744 184//744
f 374//745 184//745 373//745
f 184//746 374//746 186//746
f 348//747 375//747 346//747
f 346//748 375//748 383//748
f 346//749 383//749 376//749
f 376//750 383//750 377//750
f 376//751 377//751 344//751
f 344//752 377//752 378//752
f 344//753 378//753 379//753
f 379//754 378//754 385//754
f 379//755 385//755 381//755
f 381//756 385//756 380//756
f 381//757 380//757 382//757
f 382//758 380//758 387//758
f 382//759 387//759 554//759
f 554//760 387//760 388//760
f 554//761 388//761 351//761
f 375//762 562//762 383//762
f 383//763 562//763 384//763
f 383//764 384//764 377//764
f 377//765 384//765 392//765
f 377//766 392//766 378//766
f 378//767 392//767 394//767
f 378//768 394//768 385//768
f 385//769 394//769 396//769
f 385//770 396//770 380//770
f 380//771 396//771 386//771
f 380//772 386//772 387//772
f 387//773 386//773 397//773
f 387//774 397//774 388//774
f 388//775 397//775 390//775
f 388//776 390//776 389//776
f 389//777 390//777 391//777
f 389//778 391//778 349//778
f 562//779 561//779 384//779
f 384//780 561//780 401//780
f 384//781 401//781 392//781
f 392//782 401//782 393//782
f 392//783 393//783 394//783
f 394//784 393//784 395//784
f 394//785 395//785 396//785
f 396//786 395//786 404//786
f 396//787 404//787 386//787
f 386//788 404//788 406//788
f 386//789 406//789 397//789
f 397//790 406//790 408//790
f 397//791 408//791 390//791
f 390//792 408//792 398//792
f 390//793 398//793 391//793
f 391//794 398//794 409//794
f 391//795 409//795 399//795
f 399//796 409//796 411//796
f 399//797 411//797 352//797
f 561//798 414//798 401//798
f 401//799 414//799 400//799
f 401//800 400//800 393//800
f 393//801 400//801 402//801
f 393//802 402//802 395//802
f 395//803 402//803 403//803
f 395//804 403//804 404//804
f 404//805 403//805 405//805
f 404//806 405//806 406//806
f 406//807 405//807 407//807
f 406//808 407//808 408//808
f 408//809 407//809 418//809
f 408//810 418//810 398//810
f 398//811 418//811 410//811
f 398//812 410//812 409//812
f 409//813 410//813 420//813
f 409//814 420//814 411//814
f 411//815 420//815 421//815
f 411//816 421//816 412//816
f 412//817 421//817 423//817
f 412//818 423//818 413//818
f 413//819 423//819 424//819
f 413//820 424//820 357//820
f 414//821 560//821 400//821
f 400//822 560//822 415//822
f 400//823 415//823 402//823
f 402//824 415//824 416//824
f 402//825 416//825 403//825
f 403//826 416//826 427//826
f 403//827 427//827 405//827
f 405//828 427//828 417//828
f 405//829 417//829 407//829
f 407//830 417//830 429//830
f 407//831 429//831 418//831
f 418//832 429//832 430//832
f 418//833 430//833 410//833
f 410//834 430//834 419//834
f 410//835 419//835 420//835
f 420//836 419//836 433//836
f 420//837 433//837 421//837
f 421//838 433//838 422//838
f 421//839 422//839 423//839
f 423//840 422//840 434//840
f 423//841 434//841 424//841
f 424//842 434//842 425//842
f 424//843 425//843 356//843
f 356//844 425//844 426//844
f 356//845 426//845 355//845
f 560//846 559//846 415//846
f 415//847 559//847 436//847
f 415//848 436//848 416//848
f 416//849 436//849 437//849
f 416//850 437//850 427//850
f 427//851 437//851 441//851
f 427//852 441//852 417//852
f 417//853 441//853 442//853
f 417//854 442//854 429//854
f 429//855 442//855 428//855
f 429//856 428//856 430//856
f 430//857 428//857 445//857
f 430//858 445//858 419//858
f 419//859 445//859 431//859
f 419//860 431//860 433//860
f 433//861 431//861 432//861
f 433//862 432//862 422//862
f 422//863 432//863 448//863
f 422//864 448//864 434//864
f 434//865 448//865 449//865
f 434//866 449//866 425//866
f 425//867 449//867 453//867
f 425//868 453//868 426//868
f 426//869 453//869 454//869
f 426//870 454//870 358//870
f 358//871 454//871 435//871
f 358//872 435//872 17//872
f 559//873 558//873 436//873
f 436//874 558//874 438//874
f 436//875 438//875 437//875
f 437//876 438//876 439//876
f 437//877 439//877 441//877
f 441//878 439//878 440//878
f 441//879 440//879 442//879
f 442//880 440//880 443//880
f 442//881 443//881 428//881
f 428//882 443//882 444//882
f 428//883 444//883 445//883
f 445//884 444//884 458//884
f 445//885 458//885 431//885
f 431//886 458//886 446//886
f 431//887 446//887 432//887
f 432//888 446//888 447//888
f 432//889 447//889 448//889
f 448//890 447//890 450//890
f 448//891 450//891 449//891
f 449//892 450//892 451//892
f 449//893 451//893 453//893
f 453//894 451//894 452//894
f 453//895 452//895 454//895
f 454//896 452//896 462//896
f 454//897 462//897 435//897
f 435//898 462//898 463//898
f 435//899 463//899 359//899
f 359//900 463//900 455//900
f 359//901 455//901 464//901
f 558//902 465//902 438//902
f 438//903 465//903 466//903
f 438//904 466//904 439//904
f 439//905 466//905 468//905
f 439//906 468//906 440//906
f 440//907 468//907 456//907
f 440//908 456//908 443//908
f 443//909 456//909 457//909
f 443//910 457//910 444//910
f 444//911 457//911 459//911
f 444//912 459//912 458//912
f 458//913 459//913 460//913
f 458//914 460//914 446//914
f 446//915 460//915 469//915
f 446//916 469//916 447//916
f 447//917 469//917 470//917
f 447//918 470//918 450//918
f 450//919 470//919 472//919
f 450//920 472//920 451//920
f 451//921 472//921 461//921
f 451//922 461//922 452//922
f 452//923 461//923 474//923
f 452//924 474//924 462//924
f 462//925 474//925 475//925
f 462//926 475//926 463//926
f 463//927 475//927 477//927
f 463//928 477//928 455//928
f 455//929 477//929 360//929
f 455//930 360//930 464//930
f 465//931 557//931 466//931
f 466//932 557//932 467//932
f 466//933 467//933 468//933
f 468//934 467//934 478//934
f 468//935 478//935 456//935
f 456//936 478//936 480//936
f 456//937 480//937 457//937
f 457//938 480//938 482//938
f 457//939 482//939 459//939
f 459//940 482//940 483//940
f 459//941 483//941 460//941
f 460//942 483//942 485//942
f 460//943 485//943 469//943
f 469//944 485//944 486//944
f 469//945 486//945 470//945
f 470//946 486//946 471//946
f 470//947 471//947 472//947
f 472//948 471//948 487//948
f 472//949 487//949 461//949
f 461//950 487//950 473//950
f 461//951 473//951 474//951
f 474//952 473//952 489//952
f 474//953 489//953 475//953
f 475//954 489//954 476//954
f 475//955 476//955 477//955
f 477//956 476//956 491//956
f 477//957 491//957 360//957
f 360//958 491//958 492//958
f 360//959 492//959 28//959
f 557//960 493//960 467//960
f 467//961 493//961 494//961
f 467//962 494//962 478//962
f 478//963 494//963 479//963
f 478//964 479//964 480//964
f 480//965 479//965 481//965
f 480//966 481//966 482//966
f 482//967 481//967 495//967
f 482//968 495//968 483//968
f 483//969 495//969 484//969
f 483//970 484//970 485//970
f 485//971 484//971 499//971
f 485//972 499//972 486//972
f 486//973 499//973 500//973
f 486//974 500//974 471//974
f 471//975 500//975 501//975
f 471//976 501//976 487//976
f 487//977 501//977 488//977
f 487//978 488//978 473//978
f 473//979 488//979 502//979
f 473//980 502//980 489//980
f 489//981 502//981 490//981
f 489//982 490//982 476//982
f 476//983 490//983 503//983
f 476//984 503//984 491//984
f 491//985 503//985 505//985
f 491//986 505//986 492//986
f 492//987 505//987 506//987
f 492//988 506//988 28//988
f 493//989 556//989 494//989
f 494//990 556//990 507//990
f 494//991 507//991 479//991
f 479//992 507//992 508//992
f 479//993 508//993 481//993
f 481//994 508//994 496//994
f 481//995 496//995 495//995
f 495//996 496//996 497//996
f 495//997 497//997 484//997
f 484//998 497//998 510//998
f 484//999 510//999 499//999
f 499//1000 510//1000 498//1000
f 499//1001 498//1001 500//1001
f 500//1002 498//1002 514//1002
f 500//1003 514//1003 501//1003
f 501//1004 514//1004 515//1004
f 501//1005 515//1005 488//1005
f 488//1006 515//1006 517//1006
f 488//1007 517//1007 502//1007
f 502//1008 517//1008 518//1008
f 502//1009 518//1009 490//1009
f 490//1010 518//1010 504//1010
f 490//1011 504//1011 503//1011
f 503//1012 504//1012 521//1012
f 503//1013 521//1013 505//1013
f 505//1014 521//1014 522//1014
f 505//1015 522//1015 506//1015
f 506//1016 522//1016 525//1016
f 506//1017 525//1017 28//1017
f 556//1018 540//1018 507//1018
f 507//1019 540//1019 538//1019
f 507//1020 538//1020 508//1020
f 508//1021 538//1021 509//1021
f 508//1022 509//1022 496//1022
f 496//1023 509//1023 536//1023
f 496//1024 536//1024 497//1024
f 497//1025 536//1025 511//1025
f 497//1026 511//1026 510//1026
f 510//1027 511//1027 512//1027
f 510//1028 512//1028 498//1028
f 498//1029 512//1029 513//1029
f 498//1030 513//1030 514//1030
f 514//1031 513//1031 534//1031
f 514//1032 534//1032 515//1032
f 515//1033 534//1033 516//1033
f 515//1034 516//1034 517//1034
f 517//1035 516//1035 532//1035
f 517//1036 532//1036 518//1036
f 518//1037 532//1037 519//1037
f 518//1038 519//1038 504//1038
f 504//1039 519//1039 528//1039
f 504//1040 528//1040 521//1040
f 521//1041 528//1041 520//1041
f 521//1042 520//1042 522//1042
f 522//1043 520//1043 523//1043
f 522//1044 523//1044 525//1044
f 525//1045 523//1045 524//1045
f 525//1046 524//1046 28//1046
f 526//1047 524//1047 542//1047
f 542//1048 524//1048 523//1048
f 542//1049 523//1049 527//1049
f 527//1050 523//1050 520//1050
f 527//1051 520//1051 529//1051
f 529//1052 520//1052 528//1052
f 529//1053 528//1053 530//1053
f 530//1054 528//1054 519//1054
f 530//1055 519//1055 531//1055
f 531//1056 519//1056 532//1056
f 531//1057 532//1057 546//1057
f 546//1058 532//1058 516//1058
f 546//1059 516//1059 533//1059
f 533//1060 516//1060 534//1060
f 533//1061 534//1061 548//1061
f 548//1062 534//1062 513//1062
f 548//1063 513//1063 550//1063
f 550//1064 513//1064 512//1064
f 550//1065 512//1065 535//1065
f 535//1066 512//1066 511//1066
f 535//1067 511//1067 552//1067
f 552//1068 511//1068 536//1068
f 552//1069 536//1069 537//1069
f 537//1070 536//1070 509//1070
f 537//1071 509//1071 553//1071
f 553//1072 509//1072 538//1072
f 553//1073 538//1073 539//1073
f 539//1074 538//1074 540//1074
f 555//1075 526//1075 541//1075
f 541//1076 526//1076 542//1076
f 541//1077 542//1077 361//1077
f 361//1078 542//1078 527//1078
f 361//1079 527//1079 543//1079
f 543//1080 527//1080 529//1080
f 543//1081 529//1081 363//1081
f 363//1082 529//1082 530//1082
f 363//1083 530//1083 544//1083
f 544//1084 530//1084 531//1084
f 544//1085 531//1085 365//1085
f 365//1086 531//1086 546//1086
f 365//1087 546//1087 545//1087
f 545//1088 546//1088 533//1088
f 545//1089 533//1089 547//1089
f 547//1090 533//1090 548//1090
f 547//1091 548//1091 549//1091
f 549//1092 548//1092 550//1092
f 549//1093 550//1093 368//1093
f 368//1094 550//1094 535//1094
f 368//1095 535//1095 551//1095
f 551//1096 535//1096 552//1096
f 551//1097 552//1097 372//1097
f 372//1098 552//1098 537//1098
f 372//1099 537//1099 373//1099
f 373//1100 537//1100 553//1100
f 373//1101 553//1101 374//1101
f 374//1102 553//1102 539//1102
f 1//1103 170//1103 554//1103
f 1//1104 554//1104 351//1104
f 1//1105 351//1105 2//1105
f 29//1106 28//1106 524//1106
f 29//1107 524//1107 526//1107
f 29//1108 526//1108 555//1108
f 335//1109 186//1109 374//1109
f 335//1110 374//1110 539//1110
f 335//1111 539//1111 540//1111
f 335//1112 540//1112 556//1112
f 335//1113 556//1113 493//1113
f 335//1114 493//1114 557//1114
f 335//1115 557//1115 465//1115
f 335//1116 465//1116 558//1116
f 335//1117 558//1117 559//1117
f 335//1118 559//1118 560//1118
f 335//1119 560//1119 414//1119
f 335//1120 414//1120 561//1120
f 335//1121 561//1121 562//1121
f 335//1122 562//1122 375//1122
f 335//1123 375//1123 348//1123
f 335//1124 348//1124 332//1124
f 583//1125 585//1125 582//1125
f 933//1126 716//1126 1121//1126
f 933//1127 932//1127 716//1127
f 584//1128 716//1128 932//1128
f 932//1129 931//1129 584//1129
f 589//1130 584//1130 931//1130
f 931//1131 930//1131 589//1131
f 930//1132 563//1132 589//1132
f 594//1133 589//1133 563//1133
f 566//1134 585//1134 591//1134
f 563//1135 564//1135 594//1135
f 565//1136 594//1136 564//1136
f 1894//1137 566//1137 590//1137
f 564//1138 567//1138 565//1138
f 599//1139 565//1139 567//1139
f 1893//1140 1894//1140 596//1140
f 602//1141 599//1141 567//1141
f 600//1142 1893//1142 595//1142
f 567//1143 928//1143 602//1143
f 606//1144 602//1144 928//1144
f 1891//1145 600//1145 601//1145
f 928//1146 568//1146 606//1146
f 569//1147 606//1147 568//1147
f 570//1148 1891//1148 603//1148
f 568//1149 912//1149 569//1149
f 611//1150 569//1150 912//1150
f 571//1151 570//1151 607//1151
f 912//1152 914//1152 611//1152
f 613//1153 611//1153 914//1153
f 1888//1154 571//1154 608//1154
f 914//1155 573//1155 613//1155
f 614//1156 613//1156 573//1156
f 575//1157 1888//1157 572//1157
f 573//1158 923//1158 614//1158
f 576//1159 614//1159 923//1159
f 574//1160 575//1160 615//1160
f 923//1161 581//1161 576//1161
f 618//1162 576//1162 581//1162
f 578//1163 574//1163 577//1163
f 578//1164 580//1164 579//1164
f 578//1165 577//1165 580//1165
f 580//1166 577//1166 617//1166
f 580//1167 617//1167 628//1167
f 628//1168 617//1168 618//1168
f 628//1169 618//1169 627//1169
f 627//1170 618//1170 581//1170
f 627//1171 581//1171 1123//1171
f 582//1172 718//1172 583//1172
f 583//1173 718//1173 717//1173
f 583//1174 717//1174 587//1174
f 587//1175 717//1175 716//1175
f 587//1176 716//1176 584//1176
f 585//1177 583//1177 586//1177
f 586//1178 583//1178 587//1178
f 586//1179 587//1179 588//1179
f 588//1180 587//1180 584//1180
f 588//1181 584//1181 589//1181
f 585//1182 586//1182 591//1182
f 591//1183 586//1183 588//1183
f 591//1184 588//1184 592//1184
f 592//1185 588//1185 589//1185
f 592//1186 589//1186 594//1186
f 566//1187 591//1187 590//1187
f 590//1188 591//1188 592//1188
f 590//1189 592//1189 593//1189
f 593//1190 592//1190 594//1190
f 593//1191 594//1191 565//1191
f 1894//1192 590//1192 596//1192
f 596//1193 590//1193 593//1193
f 596//1194 593//1194 598//1194
f 598//1195 593//1195 565//1195
f 598//1196 565//1196 599//1196
f 1893//1197 596//1197 595//1197
f 595//1198 596//1198 598//1198
f 595//1199 598//1199 597//1199
f 597//1200 598//1200 599//1200
f 597//1201 599//1201 602//1201
f 600//1202 595//1202 601//1202
f 601//1203 595//1203 597//1203
f 601//1204 597//1204 604//1204
f 604//1205 597//1205 602//1205
f 604//1206 602//1206 606//1206
f 1891//1207 601//1207 603//1207
f 603//1208 601//1208 604//1208
f 603//1209 604//1209 605//1209
f 605//1210 604//1210 606//1210
f 605//1211 606//1211 569//1211
f 570//1212 603//1212 607//1212
f 607//1213 603//1213 605//1213
f 607//1214 605//1214 609//1214
f 609//1215 605//1215 569//1215
f 609//1216 569//1216 611//1216
f 571//1217 607//1217 608//1217
f 608//1218 607//1218 609//1218
f 608//1219 609//1219 610//1219
f 610//1220 609//1220 611//1220
f 610//1221 611//1221 613//1221
f 1888//1222 608//1222 572//1222
f 572//1223 608//1223 610//1223
f 572//1224 610//1224 612//1224
f 612//1225 610//1225 613//1225
f 612//1226 613//1226 614//1226
f 575//1227 572//1227 615//1227
f 615//1228 572//1228 612//1228
f 615//1229 612//1229 616//1229
f 616//1230 612//1230 614//1230
f 616//1231 614//1231 576//1231
f 574//1232 615//1232 577//1232
f 577//1233 615//1233 616//1233
f 577//1234 616//1234 617//1234
f 617//1235 616//1235 576//1235
f 617//1236 576//1236 618//1236
f 619//1237 620//1237 622//1237
f 620//1238 621//1238 622//1238
f 623//1239 627//1239 1123//1239
f 623//1240 740//1240 626//1240
f 624//1241 626//1241 740//1241
f 1886//1242 1885//1242 630//1242
f 740//1243 621//1243 624//1243
f 620//1244 624//1244 621//1244
f 634//1245 1886//1245 633//1245
f 634//1246 666//1246 625//1246
f 623//1247 626//1247 627//1247
f 627//1248 626//1248 632//1248
f 627//1249 632//1249 628//1249
f 628//1250 632//1250 629//1250
f 628//1251 629//1251 580//1251
f 580//1252 629//1252 1885//1252
f 580//1253 1885//1253 579//1253
f 1885//1254 629//1254 630//1254
f 630//1255 629//1255 632//1255
f 630//1256 632//1256 631//1256
f 631//1257 632//1257 626//1257
f 631//1258 626//1258 624//1258
f 1886//1259 630//1259 633//1259
f 633//1260 630//1260 631//1260
f 633//1261 631//1261 636//1261
f 636//1262 631//1262 624//1262
f 636//1263 624//1263 620//1263
f 634//1264 633//1264 666//1264
f 666//1265 633//1265 636//1265
f 666//1266 636//1266 635//1266
f 635//1267 636//1267 620//1267
f 635//1268 620//1268 619//1268
f 903//1269 619//1269 622//1269
f 903//1270 732//1270 675//1270
f 637//1271 675//1271 732//1271
f 638//1272 667//1272 674//1272
f 732//1273 730//1273 637//1273
f 679//1274 637//1274 730//1274
f 639//1275 638//1275 676//1275
f 730//1276 729//1276 679//1276
f 682//1277 679//1277 729//1277
f 640//1278 639//1278 680//1278
f 729//1279 726//1279 682//1279
f 641//1280 682//1280 726//1280
f 642//1281 640//1281 643//1281
f 1900//1282 642//1282 643//1282
f 685//1283 641//1283 726//1283
f 644//1284 1900//1284 645//1284
f 726//1285 646//1285 685//1285
f 691//1286 685//1286 646//1286
f 687//1287 644//1287 686//1287
f 646//1288 647//1288 691//1288
f 693//1289 691//1289 647//1289
f 648//1290 687//1290 689//1290
f 647//1291 649//1291 693//1291
f 650//1292 693//1292 649//1292
f 1909//1293 648//1293 692//1293
f 649//1294 722//1294 650//1294
f 652//1295 650//1295 722//1295
f 651//1296 1909//1296 695//1296
f 653//1297 651//1297 695//1297
f 722//1298 724//1298 652//1298
f 655//1299 652//1299 724//1299
f 1906//1300 653//1300 696//1300
f 724//1301 654//1301 655//1301
f 700//1302 655//1302 654//1302
f 1907//1303 1906//1303 702//1303
f 701//1304 1907//1304 702//1304
f 654//1305 656//1305 700//1305
f 706//1306 700//1306 656//1306
f 1902//1307 701//1307 704//1307
f 707//1308 706//1308 656//1308
f 1899//1309 1902//1309 709//1309
f 656//1310 721//1310 707//1310
f 721//1311 657//1311 707//1311
f 713//1312 707//1312 657//1312
f 710//1313 1899//1313 708//1313
f 657//1314 659//1314 713//1314
f 658//1315 713//1315 659//1315
f 660//1316 710//1316 661//1316
f 1901//1317 660//1317 661//1317
f 659//1318 662//1318 658//1318
f 662//1319 719//1319 658//1319
f 671//1320 658//1320 719//1320
f 663//1321 1901//1321 714//1321
f 719//1322 672//1322 671//1322
f 663//1323 668//1323 1913//1323
f 903//1324 675//1324 619//1324
f 619//1325 675//1325 664//1325
f 619//1326 664//1326 635//1326
f 635//1327 664//1327 665//1327
f 635//1328 665//1328 666//1328
f 666//1329 665//1329 667//1329
f 666//1330 667//1330 625//1330
f 663//1331 714//1331 668//1331
f 668//1332 714//1332 670//1332
f 668//1333 670//1333 669//1333
f 669//1334 670//1334 671//1334
f 669//1335 671//1335 715//1335
f 715//1336 671//1336 672//1336
f 715//1337 672//1337 673//1337
f 667//1338 665//1338 674//1338
f 674//1339 665//1339 664//1339
f 674//1340 664//1340 678//1340
f 678//1341 664//1341 675//1341
f 678//1342 675//1342 637//1342
f 638//1343 674//1343 676//1343
f 676//1344 674//1344 678//1344
f 676//1345 678//1345 677//1345
f 677//1346 678//1346 637//1346
f 677//1347 637//1347 679//1347
f 639//1348 676//1348 680//1348
f 680//1349 676//1349 677//1349
f 680//1350 677//1350 681//1350
f 681//1351 677//1351 679//1351
f 681//1352 679//1352 682//1352
f 640//1353 680//1353 643//1353
f 643//1354 680//1354 681//1354
f 643//1355 681//1355 683//1355
f 683//1356 681//1356 682//1356
f 683//1357 682//1357 641//1357
f 1900//1358 643//1358 645//1358
f 645//1359 643//1359 683//1359
f 645//1360 683//1360 684//1360
f 684//1361 683//1361 641//1361
f 684//1362 641//1362 685//1362
f 644//1363 645//1363 686//1363
f 686//1364 645//1364 684//1364
f 686//1365 684//1365 688//1365
f 688//1366 684//1366 685//1366
f 688//1367 685//1367 691//1367
f 687//1368 686//1368 689//1368
f 689//1369 686//1369 688//1369
f 689//1370 688//1370 690//1370
f 690//1371 688//1371 691//1371
f 690//1372 691//1372 693//1372
f 648//1373 689//1373 692//1373
f 692//1374 689//1374 690//1374
f 692//1375 690//1375 694//1375
f 694//1376 690//1376 693//1376
f 694//1377 693//1377 650//1377
f 1909//1378 692//1378 695//1378
f 695//1379 692//1379 694//1379
f 695//1380 694//1380 697//1380
f 697//1381 694//1381 650//1381
f 697//1382 650//1382 652//1382
f 653//1383 695//1383 696//1383
f 696//1384 695//1384 697//1384
f 696//1385 697//1385 698//1385
f 698//1386 697//1386 652//1386
f 698//1387 652//1387 655//1387
f 1906//1388 696//1388 702//1388
f 702//1389 696//1389 698//1389
f 702//1390 698//1390 699//1390
f 699//1391 698//1391 655//1391
f 699//1392 655//1392 700//1392
f 701//1393 702//1393 704//1393
f 704//1394 702//1394 699//1394
f 704//1395 699//1395 703//1395
f 703//1396 699//1396 700//1396
f 703//1397 700//1397 706//1397
f 1902//1398 704//1398 709//1398
f 709//1399 704//1399 703//1399
f 709//1400 703//1400 705//1400
f 705//1401 703//1401 706//1401
f 705//1402 706//1402 707//1402
f 1899//1403 709//1403 708//1403
f 708//1404 709//1404 705//1404
f 708//1405 705//1405 712//1405
f 712//1406 705//1406 707//1406
f 712//1407 707//1407 713//1407
f 710//1408 708//1408 661//1408
f 661//1409 708//1409 712//1409
f 661//1410 712//1410 711//1410
f 711//1411 712//1411 713//1411
f 711//1412 713//1412 658//1412
f 1901//1413 661//1413 714//1413
f 714//1414 661//1414 711//1414
f 714//1415 711//1415 670//1415
f 670//1416 711//1416 658//1416
f 670//1417 658//1417 671//1417
f 717//1418 715//1418 716//1418
f 716//1419 715//1419 673//1419
f 716//1420 673//1420 1121//1420
f 715//1421 717//1421 669//1421
f 669//1422 717//1422 718//1422
f 669//1423 718//1423 668//1423
f 668//1424 718//1424 582//1424
f 668//1425 582//1425 1913//1425
f 673//1426 672//1426 753//1426
f 672//1427 719//1427 793//1427
f 719//1428 662//1428 720//1428
f 720//1429 659//1429 827//1429
f 659//1430 720//1430 662//1430
f 827//1431 721//1431 843//1431
f 827//1432 657//1432 721//1432
f 827//1433 659//1433 657//1433
f 843//1434 654//1434 842//1434
f 654//1435 843//1435 656//1435
f 656//1436 843//1436 721//1436
f 841//1437 723//1437 852//1437
f 723//1438 841//1438 842//1438
f 722//1439 723//1439 842//1439
f 842//1440 724//1440 722//1440
f 724//1441 842//1441 654//1441
f 852//1442 647//1442 725//1442
f 852//1443 649//1443 647//1443
f 852//1444 723//1444 649//1444
f 649//1445 723//1445 722//1445
f 725//1446 727//1446 868//1446
f 727//1447 725//1447 726//1447
f 725//1448 646//1448 726//1448
f 725//1449 647//1449 646//1449
f 729//1450 728//1450 727//1450
f 727//1451 726//1451 729//1451
f 728//1452 731//1452 883//1452
f 731//1453 728//1453 732//1453
f 728//1454 730//1454 732//1454
f 728//1455 729//1455 730//1455
f 731//1456 903//1456 886//1456
f 731//1457 732//1457 903//1457
f 621//1458 733//1458 901//1458
f 733//1459 621//1459 740//1459
f 894//1460 734//1460 915//1460
f 894//1461 895//1461 734//1461
f 895//1462 916//1462 734//1462
f 895//1463 898//1463 916//1463
f 898//1464 735//1464 916//1464
f 898//1465 736//1465 735//1465
f 736//1466 737//1466 735//1466
f 736//1467 738//1467 737//1467
f 738//1468 919//1468 737//1468
f 738//1469 739//1469 919//1469
f 739//1470 918//1470 919//1470
f 739//1471 901//1471 918//1471
f 901//1472 1124//1472 918//1472
f 901//1473 733//1473 1124//1473
f 1123//1474 1124//1474 623//1474
f 623//1475 1124//1475 733//1475
f 623//1476 733//1476 740//1476
f 755//1477 904//1477 757//1477
f 757//1478 904//1478 741//1478
f 757//1479 741//1479 758//1479
f 758//1480 741//1480 742//1480
f 758//1481 742//1481 759//1481
f 759//1482 742//1482 743//1482
f 759//1483 743//1483 761//1483
f 761//1484 743//1484 744//1484
f 761//1485 744//1485 763//1485
f 763//1486 744//1486 745//1486
f 763//1487 745//1487 764//1487
f 764//1488 745//1488 746//1488
f 764//1489 746//1489 766//1489
f 766//1490 746//1490 936//1490
f 766//1491 936//1491 767//1491
f 767//1492 936//1492 747//1492
f 767//1493 747//1493 769//1493
f 769//1494 747//1494 748//1494
f 769//1495 748//1495 772//1495
f 772//1496 748//1496 749//1496
f 772//1497 749//1497 773//1497
f 773//1498 749//1498 751//1498
f 773//1499 751//1499 750//1499
f 750//1500 751//1500 939//1500
f 750//1501 939//1501 775//1501
f 775//1502 939//1502 752//1502
f 775//1503 752//1503 753//1503
f 753//1504 752//1504 754//1504
f 753//1505 754//1505 673//1505
f 905//1506 755//1506 756//1506
f 756//1507 755//1507 757//1507
f 756//1508 757//1508 779//1508
f 779//1509 757//1509 758//1509
f 779//1510 758//1510 780//1510
f 780//1511 758//1511 759//1511
f 780//1512 759//1512 760//1512
f 760//1513 759//1513 761//1513
f 760//1514 761//1514 762//1514
f 762//1515 761//1515 763//1515
f 762//1516 763//1516 783//1516
f 783//1517 763//1517 764//1517
f 783//1518 764//1518 765//1518
f 765//1519 764//1519 766//1519
f 765//1520 766//1520 788//1520
f 788//1521 766//1521 767//1521
f 788//1522 767//1522 768//1522
f 768//1523 767//1523 769//1523
f 768//1524 769//1524 770//1524
f 770//1525 769//1525 772//1525
f 770//1526 772//1526 771//1526
f 771//1527 772//1527 773//1527
f 771//1528 773//1528 792//1528
f 792//1529 773//1529 750//1529
f 792//1530 750//1530 774//1530
f 774//1531 750//1531 775//1531
f 774//1532 775//1532 794//1532
f 794//1533 775//1533 753//1533
f 794//1534 753//1534 672//1534
f 776//1535 905//1535 777//1535
f 777//1536 905//1536 756//1536
f 777//1537 756//1537 778//1537
f 778//1538 756//1538 779//1538
f 778//1539 779//1539 795//1539
f 795//1540 779//1540 780//1540
f 795//1541 780//1541 781//1541
f 781//1542 780//1542 760//1542
f 781//1543 760//1543 782//1543
f 782//1544 760//1544 762//1544
f 782//1545 762//1545 784//1545
f 784//1546 762//1546 783//1546
f 784//1547 783//1547 785//1547
f 785//1548 783//1548 765//1548
f 785//1549 765//1549 786//1549
f 786//1550 765//1550 788//1550
f 786//1551 788//1551 787//1551
f 787//1552 788//1552 768//1552
f 787//1553 768//1553 789//1553
f 789//1554 768//1554 770//1554
f 789//1555 770//1555 790//1555
f 790//1556 770//1556 771//1556
f 790//1557 771//1557 791//1557
f 791//1558 771//1558 792//1558
f 791//1559 792//1559 803//1559
f 803//1560 792//1560 774//1560
f 803//1561 774//1561 793//1561
f 793//1562 774//1562 794//1562
f 793//1563 794//1563 672//1563
f 906//1564 776//1564 805//1564
f 805//1565 776//1565 777//1565
f 805//1566 777//1566 808//1566
f 808//1567 777//1567 778//1567
f 808//1568 778//1568 809//1568
f 809//1569 778//1569 795//1569
f 809//1570 795//1570 811//1570
f 811//1571 795//1571 781//1571
f 811//1572 781//1572 812//1572
f 812//1573 781//1573 782//1573
f 812//1574 782//1574 796//1574
f 796//1575 782//1575 784//1575
f 796//1576 784//1576 797//1576
f 797//1577 784//1577 785//1577
f 797//1578 785//1578 798//1578
f 798//1579 785//1579 786//1579
f 798//1580 786//1580 799//1580
f 799//1581 786//1581 787//1581
f 799//1582 787//1582 800//1582
f 800//1583 787//1583 789//1583
f 800//1584 789//1584 818//1584
f 818//1585 789//1585 790//1585
f 818//1586 790//1586 801//1586
f 801//1587 790//1587 791//1587
f 801//1588 791//1588 802//1588
f 802//1589 791//1589 803//1589
f 802//1590 803//1590 720//1590
f 720//1591 803//1591 793//1591
f 720//1592 793//1592 719//1592
f 804//1593 906//1593 806//1593
f 806//1594 906//1594 805//1594
f 806//1595 805//1595 807//1595
f 807//1596 805//1596 808//1596
f 807//1597 808//1597 810//1597
f 810//1598 808//1598 809//1598
f 810//1599 809//1599 822//1599
f 822//1600 809//1600 811//1600
f 822//1601 811//1601 823//1601
f 823//1602 811//1602 812//1602
f 823//1603 812//1603 813//1603
f 813//1604 812//1604 796//1604
f 813//1605 796//1605 814//1605
f 814//1606 796//1606 797//1606
f 814//1607 797//1607 824//1607
f 824//1608 797//1608 798//1608
f 824//1609 798//1609 815//1609
f 815//1610 798//1610 799//1610
f 815//1611 799//1611 816//1611
f 816//1612 799//1612 800//1612
f 816//1613 800//1613 817//1613
f 817//1614 800//1614 818//1614
f 817//1615 818//1615 819//1615
f 819//1616 818//1616 801//1616
f 819//1617 801//1617 827//1617
f 827//1618 801//1618 802//1618
f 827//1619 802//1619 720//1619
f 908//1620 804//1620 820//1620
f 820//1621 804//1621 806//1621
f 820//1622 806//1622 830//1622
f 830//1623 806//1623 807//1623
f 830//1624 807//1624 832//1624
f 832//1625 807//1625 810//1625
f 832//1626 810//1626 833//1626
f 833//1627 810//1627 822//1627
f 833//1628 822//1628 821//1628
f 821//1629 822//1629 823//1629
f 821//1630 823//1630 835//1630
f 835//1631 823//1631 813//1631
f 835//1632 813//1632 836//1632
f 836//1633 813//1633 814//1633
f 836//1634 814//1634 839//1634
f 839//1635 814//1635 824//1635
f 839//1636 824//1636 840//1636
f 840//1637 824//1637 815//1637
f 840//1638 815//1638 825//1638
f 825//1639 815//1639 816//1639
f 825//1640 816//1640 826//1640
f 826//1641 816//1641 817//1641
f 826//1642 817//1642 843//1642
f 843//1643 817//1643 819//1643
f 843//1644 819//1644 827//1644
f 844//1645 908//1645 828//1645
f 828//1646 908//1646 820//1646
f 828//1647 820//1647 829//1647
f 829//1648 820//1648 830//1648
f 829//1649 830//1649 831//1649
f 831//1650 830//1650 832//1650
f 831//1651 832//1651 848//1651
f 848//1652 832//1652 833//1652
f 848//1653 833//1653 850//1653
f 850//1654 833//1654 821//1654
f 850//1655 821//1655 834//1655
f 834//1656 821//1656 835//1656
f 834//1657 835//1657 837//1657
f 837//1658 835//1658 836//1658
f 837//1659 836//1659 838//1659
f 838//1660 836//1660 839//1660
f 838//1661 839//1661 853//1661
f 853//1662 839//1662 840//1662
f 853//1663 840//1663 841//1663
f 841//1664 840//1664 825//1664
f 841//1665 825//1665 842//1665
f 842//1666 825//1666 826//1666
f 842//1667 826//1667 843//1667
f 909//1668 844//1668 845//1668
f 845//1669 844//1669 828//1669
f 845//1670 828//1670 856//1670
f 856//1671 828//1671 829//1671
f 856//1672 829//1672 846//1672
f 846//1673 829//1673 831//1673
f 846//1674 831//1674 847//1674
f 847//1675 831//1675 848//1675
f 847//1676 848//1676 849//1676
f 849//1677 848//1677 850//1677
f 849//1678 850//1678 857//1678
f 857//1679 850//1679 834//1679
f 857//1680 834//1680 851//1680
f 851//1681 834//1681 837//1681
f 851//1682 837//1682 859//1682
f 859//1683 837//1683 838//1683
f 859//1684 838//1684 852//1684
f 852//1685 838//1685 853//1685
f 852//1686 853//1686 841//1686
f 854//1687 909//1687 860//1687
f 860//1688 909//1688 845//1688
f 860//1689 845//1689 855//1689
f 855//1690 845//1690 856//1690
f 855//1691 856//1691 862//1691
f 862//1692 856//1692 846//1692
f 862//1693 846//1693 863//1693
f 863//1694 846//1694 847//1694
f 863//1695 847//1695 865//1695
f 865//1696 847//1696 849//1696
f 865//1697 849//1697 867//1697
f 867//1698 849//1698 857//1698
f 867//1699 857//1699 858//1699
f 858//1700 857//1700 851//1700
f 858//1701 851//1701 725//1701
f 725//1702 851//1702 859//1702
f 725//1703 859//1703 852//1703
f 869//1704 854//1704 871//1704
f 871//1705 854//1705 860//1705
f 871//1706 860//1706 874//1706
f 874//1707 860//1707 855//1707
f 874//1708 855//1708 861//1708
f 861//1709 855//1709 862//1709
f 861//1710 862//1710 875//1710
f 875//1711 862//1711 863//1711
f 875//1712 863//1712 864//1712
f 864//1713 863//1713 865//1713
f 864//1714 865//1714 866//1714
f 866//1715 865//1715 867//1715
f 866//1716 867//1716 868//1716
f 868//1717 867//1717 858//1717
f 868//1718 858//1718 725//1718
f 910//1719 869//1719 870//1719
f 870//1720 869//1720 871//1720
f 870//1721 871//1721 872//1721
f 872//1722 871//1722 874//1722
f 872//1723 874//1723 873//1723
f 873//1724 874//1724 861//1724
f 873//1725 861//1725 881//1725
f 881//1726 861//1726 875//1726
f 881//1727 875//1727 876//1727
f 876//1728 875//1728 864//1728
f 876//1729 864//1729 877//1729
f 877//1730 864//1730 866//1730
f 877//1731 866//1731 728//1731
f 728//1732 866//1732 868//1732
f 728//1733 868//1733 727//1733
f 911//1734 910//1734 878//1734
f 878//1735 910//1735 870//1735
f 878//1736 870//1736 879//1736
f 879//1737 870//1737 872//1737
f 879//1738 872//1738 880//1738
f 880//1739 872//1739 873//1739
f 880//1740 873//1740 885//1740
f 885//1741 873//1741 881//1741
f 885//1742 881//1742 882//1742
f 882//1743 881//1743 876//1743
f 882//1744 876//1744 883//1744
f 883//1745 876//1745 877//1745
f 883//1746 877//1746 728//1746
f 887//1747 911//1747 888//1747
f 888//1748 911//1748 878//1748
f 888//1749 878//1749 889//1749
f 889//1750 878//1750 879//1750
f 889//1751 879//1751 891//1751
f 891//1752 879//1752 880//1752
f 891//1753 880//1753 884//1753
f 884//1754 880//1754 885//1754
f 884//1755 885//1755 893//1755
f 893//1756 885//1756 882//1756
f 893//1757 882//1757 886//1757
f 886//1758 882//1758 883//1758
f 886//1759 883//1759 731//1759
f 896//1760 887//1760 897//1760
f 897//1761 887//1761 888//1761
f 897//1762 888//1762 899//1762
f 899//1763 888//1763 889//1763
f 899//1764 889//1764 890//1764
f 890//1765 889//1765 891//1765
f 890//1766 891//1766 892//1766
f 892//1767 891//1767 884//1767
f 892//1768 884//1768 900//1768
f 900//1769 884//1769 893//1769
f 900//1770 893//1770 902//1770
f 902//1771 893//1771 886//1771
f 894//1772 896//1772 895//1772
f 895//1773 896//1773 897//1773
f 895//1774 897//1774 898//1774
f 898//1775 897//1775 899//1775
f 898//1776 899//1776 736//1776
f 736//1777 899//1777 890//1777
f 736//1778 890//1778 738//1778
f 738//1779 890//1779 892//1779
f 738//1780 892//1780 739//1780
f 739//1781 892//1781 900//1781
f 739//1782 900//1782 901//1782
f 901//1783 900//1783 902//1783
f 901//1784 902//1784 621//1784
f 622//1785 621//1785 902//1785
f 622//1786 902//1786 886//1786
f 622//1787 886//1787 903//1787
f 907//1788 904//1788 755//1788
f 907//1789 755//1789 905//1789
f 907//1790 905//1790 776//1790
f 907//1791 776//1791 906//1791
f 907//1792 906//1792 804//1792
f 907//1793 804//1793 908//1793
f 907//1794 908//1794 844//1794
f 907//1795 844//1795 909//1795
f 907//1796 909//1796 854//1796
f 907//1797 854//1797 869//1797
f 907//1798 869//1798 910//1798
f 907//1799 910//1799 911//1799
f 907//1800 911//1800 887//1800
f 907//1801 887//1801 896//1801
f 907//1802 896//1802 894//1802
f 907//1803 894//1803 915//1803
f 912//1804 926//1804 913//1804
f 913//1805 914//1805 912//1805
f 734//1806 1125//1806 915//1806
f 1125//1807 734//1807 945//1807
f 916//1808 945//1808 734//1808
f 945//1809 916//1809 947//1809
f 735//1810 947//1810 916//1810
f 947//1811 735//1811 948//1811
f 737//1812 948//1812 735//1812
f 948//1813 737//1813 950//1813
f 919//1814 950//1814 737//1814
f 950//1815 919//1815 917//1815
f 918//1816 917//1816 919//1816
f 917//1817 918//1817 920//1817
f 1124//1818 920//1818 918//1818
f 920//1819 1124//1819 921//1819
f 581//1820 923//1820 922//1820
f 961//1821 922//1821 962//1821
f 923//1822 962//1822 922//1822
f 962//1823 923//1823 913//1823
f 923//1824 573//1824 913//1824
f 573//1825 914//1825 913//1825
f 970//1826 913//1826 972//1826
f 972//1827 913//1827 926//1827
f 912//1828 568//1828 926//1828
f 927//1829 924//1829 926//1829
f 925//1830 926//1830 924//1830
f 926//1831 568//1831 927//1831
f 568//1832 928//1832 927//1832
f 927//1833 928//1833 567//1833
f 990//1834 567//1834 929//1834
f 564//1835 929//1835 567//1835
f 929//1836 564//1836 563//1836
f 1002//1837 563//1837 1004//1837
f 1004//1838 563//1838 930//1838
f 1003//1839 930//1839 1019//1839
f 930//1840 931//1840 1019//1840
f 1019//1841 931//1841 932//1841
f 1047//1842 932//1842 933//1842
f 1104//1843 741//1843 904//1843
f 1104//1844 1106//1844 741//1844
f 1106//1845 742//1845 741//1845
f 1106//1846 1107//1846 742//1846
f 1107//1847 743//1847 742//1847
f 1107//1848 1109//1848 743//1848
f 1109//1849 744//1849 743//1849
f 1109//1850 1111//1850 744//1850
f 1111//1851 745//1851 744//1851
f 1111//1852 934//1852 745//1852
f 934//1853 746//1853 745//1853
f 934//1854 935//1854 746//1854
f 935//1855 936//1855 746//1855
f 935//1856 1113//1856 936//1856
f 1113//1857 747//1857 936//1857
f 1113//1858 937//1858 747//1858
f 937//1859 748//1859 747//1859
f 937//1860 938//1860 748//1860
f 938//1861 749//1861 748//1861
f 938//1862 1117//1862 749//1862
f 1117//1863 751//1863 749//1863
f 1117//1864 1119//1864 751//1864
f 1119//1865 939//1865 751//1865
f 1119//1866 940//1866 939//1866
f 940//1867 752//1867 939//1867
f 940//1868 941//1868 752//1868
f 941//1869 754//1869 752//1869
f 941//1870 942//1870 754//1870
f 673//1871 754//1871 942//1871
f 943//1872 1125//1872 944//1872
f 944//1873 1125//1873 945//1873
f 944//1874 945//1874 956//1874
f 956//1875 945//1875 947//1875
f 956//1876 947//1876 946//1876
f 946//1877 947//1877 948//1877
f 946//1878 948//1878 949//1878
f 949//1879 948//1879 950//1879
f 949//1880 950//1880 951//1880
f 951//1881 950//1881 917//1881
f 951//1882 917//1882 960//1882
f 960//1883 917//1883 920//1883
f 960//1884 920//1884 961//1884
f 961//1885 920//1885 921//1885
f 961//1886 921//1886 922//1886
f 952//1887 943//1887 953//1887
f 953//1888 943//1888 944//1888
f 953//1889 944//1889 954//1889
f 954//1890 944//1890 956//1890
f 954//1891 956//1891 955//1891
f 955//1892 956//1892 946//1892
f 955//1893 946//1893 957//1893
f 957//1894 946//1894 949//1894
f 957//1895 949//1895 958//1895
f 958//1896 949//1896 951//1896
f 958//1897 951//1897 969//1897
f 969//1898 951//1898 960//1898
f 969//1899 960//1899 959//1899
f 959//1900 960//1900 961//1900
f 959//1901 961//1901 970//1901
f 970//1902 961//1902 962//1902
f 970//1903 962//1903 913//1903
f 963//1904 952//1904 964//1904
f 964//1905 952//1905 953//1905
f 964//1906 953//1906 965//1906
f 965//1907 953//1907 954//1907
f 965//1908 954//1908 974//1908
f 974//1909 954//1909 955//1909
f 974//1910 955//1910 966//1910
f 966//1911 955//1911 957//1911
f 966//1912 957//1912 967//1912
f 967//1913 957//1913 958//1913
f 967//1914 958//1914 976//1914
f 976//1915 958//1915 969//1915
f 976//1916 969//1916 968//1916
f 968//1917 969//1917 959//1917
f 968//1918 959//1918 971//1918
f 971//1919 959//1919 970//1919
f 971//1920 970//1920 925//1920
f 925//1921 970//1921 972//1921
f 925//1922 972//1922 926//1922
f 1126//1923 963//1923 973//1923
f 973//1924 963//1924 964//1924
f 973//1925 964//1925 979//1925
f 979//1926 964//1926 965//1926
f 979//1927 965//1927 981//1927
f 981//1928 965//1928 974//1928
f 981//1929 974//1929 982//1929
f 982//1930 974//1930 966//1930
f 982//1931 966//1931 984//1931
f 984//1932 966//1932 967//1932
f 984//1933 967//1933 975//1933
f 975//1934 967//1934 976//1934
f 975//1935 976//1935 987//1935
f 987//1936 976//1936 968//1936
f 987//1937 968//1937 988//1937
f 988//1938 968//1938 971//1938
f 988//1939 971//1939 977//1939
f 977//1940 971//1940 925//1940
f 977//1941 925//1941 978//1941
f 978//1942 925//1942 924//1942
f 978//1943 924//1943 990//1943
f 990//1944 924//1944 927//1944
f 990//1945 927//1945 567//1945
f 1127//1946 1126//1946 991//1946
f 991//1947 1126//1947 973//1947
f 991//1948 973//1948 993//1948
f 993//1949 973//1949 979//1949
f 993//1950 979//1950 980//1950
f 980//1951 979//1951 981//1951
f 980//1952 981//1952 995//1952
f 995//1953 981//1953 982//1953
f 995//1954 982//1954 983//1954
f 983//1955 982//1955 984//1955
f 983//1956 984//1956 985//1956
f 985//1957 984//1957 975//1957
f 985//1958 975//1958 986//1958
f 986//1959 975//1959 987//1959
f 986//1960 987//1960 997//1960
f 997//1961 987//1961 988//1961
f 997//1962 988//1962 989//1962
f 989//1963 988//1963 977//1963
f 989//1964 977//1964 999//1964
f 999//1965 977//1965 978//1965
f 999//1966 978//1966 1001//1966
f 1001//1967 978//1967 990//1967
f 1001//1968 990//1968 1002//1968
f 1002//1969 990//1969 929//1969
f 1002//1970 929//1970 563//1970
f 1128//1971 1127//1971 992//1971
f 992//1972 1127//1972 991//1972
f 992//1973 991//1973 1007//1973
f 1007//1974 991//1974 993//1974
f 1007//1975 993//1975 994//1975
f 994//1976 993//1976 980//1976
f 994//1977 980//1977 1009//1977
f 1009//1978 980//1978 995//1978
f 1009//1979 995//1979 996//1979
f 996//1980 995//1980 983//1980
f 996//1981 983//1981 1010//1981
f 1010//1982 983//1982 985//1982
f 1010//1983 985//1983 1011//1983
f 1011//1984 985//1984 986//1984
f 1011//1985 986//1985 1012//1985
f 1012//1986 986//1986 997//1986
f 1012//1987 997//1987 1014//1987
f 1014//1988 997//1988 989//1988
f 1014//1989 989//1989 998//1989
f 998//1990 989//1990 999//1990
f 998//1991 999//1991 1016//1991
f 1016//1992 999//1992 1001//1992
f 1016//1993 1001//1993 1000//1993
f 1000//1994 1001//1994 1002//1994
f 1000//1995 1002//1995 1003//1995
f 1003//1996 1002//1996 1004//1996
f 1003//1997 1004//1997 930//1997
f 1005//1998 1128//1998 1006//1998
f 1006//1999 1128//1999 992//1999
f 1006//2000 992//2000 1021//2000
f 1021//2001 992//2001 1007//2001
f 1021//2002 1007//2002 1022//2002
f 1022//2003 1007//2003 994//2003
f 1022//2004 994//2004 1008//2004
f 1008//2005 994//2005 1009//2005
f 1008//2006 1009//2006 1023//2006
f 1023//2007 1009//2007 996//2007
f 1023//2008 996//2008 1026//2008
f 1026//2009 996//2009 1010//2009
f 1026//2010 1010//2010 1027//2010
f 1027//2011 1010//2011 1011//2011
f 1027//2012 1011//2012 1028//2012
f 1028//2013 1011//2013 1012//2013
f 1028//2014 1012//2014 1013//2014
f 1013//2015 1012//2015 1014//2015
f 1013//2016 1014//2016 1030//2016
f 1030//2017 1014//2017 998//2017
f 1030//2018 998//2018 1015//2018
f 1015//2019 998//2019 1016//2019
f 1015//2020 1016//2020 1033//2020
f 1033//2021 1016//2021 1000//2021
f 1033//2022 1000//2022 1017//2022
f 1017//2023 1000//2023 1003//2023
f 1017//2024 1003//2024 1018//2024
f 1018//2025 1003//2025 1019//2025
f 1018//2026 1019//2026 932//2026
f 1129//2027 1005//2027 1035//2027
f 1035//2028 1005//2028 1006//2028
f 1035//2029 1006//2029 1020//2029
f 1020//2030 1006//2030 1021//2030
f 1020//2031 1021//2031 1037//2031
f 1037//2032 1021//2032 1022//2032
f 1037//2033 1022//2033 1038//2033
f 1038//2034 1022//2034 1008//2034
f 1038//2035 1008//2035 1024//2035
f 1024//2036 1008//2036 1023//2036
f 1024//2037 1023//2037 1025//2037
f 1025//2038 1023//2038 1026//2038
f 1025//2039 1026//2039 1042//2039
f 1042//2040 1026//2040 1027//2040
f 1042//2041 1027//2041 1043//2041
f 1043//2042 1027//2042 1028//2042
f 1043//2043 1028//2043 1029//2043
f 1029//2044 1028//2044 1013//2044
f 1029//2045 1013//2045 1031//2045
f 1031//2046 1013//2046 1030//2046
f 1031//2047 1030//2047 1032//2047
f 1032//2048 1030//2048 1015//2048
f 1032//2049 1015//2049 1045//2049
f 1045//2050 1015//2050 1033//2050
f 1045//2051 1033//2051 1046//2051
f 1046//2052 1033//2052 1017//2052
f 1046//2053 1017//2053 1047//2053
f 1047//2054 1017//2054 1018//2054
f 1047//2055 1018//2055 932//2055
f 1130//2056 1129//2056 1034//2056
f 1034//2057 1129//2057 1035//2057
f 1034//2058 1035//2058 1036//2058
f 1036//2059 1035//2059 1020//2059
f 1036//2060 1020//2060 1049//2060
f 1049//2061 1020//2061 1037//2061
f 1049//2062 1037//2062 1051//2062
f 1051//2063 1037//2063 1038//2063
f 1051//2064 1038//2064 1039//2064
f 1039//2065 1038//2065 1024//2065
f 1039//2066 1024//2066 1040//2066
f 1040//2067 1024//2067 1025//2067
f 1040//2068 1025//2068 1052//2068
f 1052//2069 1025//2069 1042//2069
f 1052//2070 1042//2070 1041//2070
f 1041//2071 1042//2071 1043//2071
f 1041//2072 1043//2072 1044//2072
f 1044//2073 1043//2073 1029//2073
f 1044//2074 1029//2074 1055//2074
f 1055//2075 1029//2075 1031//2075
f 1055//2076 1031//2076 1056//2076
f 1056//2077 1031//2077 1032//2077
f 1056//2078 1032//2078 1057//2078
f 1057//2079 1032//2079 1045//2079
f 1057//2080 1045//2080 1059//2080
f 1059//2081 1045//2081 1046//2081
f 1059//2082 1046//2082 1060//2082
f 1060//2083 1046//2083 1047//2083
f 1060//2084 1047//2084 933//2084
f 1062//2085 1130//2085 1064//2085
f 1064//2086 1130//2086 1034//2086
f 1064//2087 1034//2087 1048//2087
f 1048//2088 1034//2088 1036//2088
f 1048//2089 1036//2089 1065//2089
f 1065//2090 1036//2090 1049//2090
f 1065//2091 1049//2091 1050//2091
f 1050//2092 1049//2092 1051//2092
f 1050//2093 1051//2093 1066//2093
f 1066//2094 1051//2094 1039//2094
f 1066//2095 1039//2095 1067//2095
f 1067//2096 1039//2096 1040//2096
f 1067//2097 1040//2097 1069//2097
f 1069//2098 1040//2098 1052//2098
f 1069//2099 1052//2099 1053//2099
f 1053//2100 1052//2100 1041//2100
f 1053//2101 1041//2101 1070//2101
f 1070//2102 1041//2102 1044//2102
f 1070//2103 1044//2103 1054//2103
f 1054//2104 1044//2104 1055//2104
f 1054//2105 1055//2105 1072//2105
f 1072//2106 1055//2106 1056//2106
f 1072//2107 1056//2107 1073//2107
f 1073//2108 1056//2108 1057//2108
f 1073//2109 1057//2109 1058//2109
f 1058//2110 1057//2110 1059//2110
f 1058//2111 1059//2111 1061//2111
f 1061//2112 1059//2112 1060//2112
f 1061//2113 1060//2113 933//2113
f 1131//2114 1062//2114 1063//2114
f 1063//2115 1062//2115 1064//2115
f 1063//2116 1064//2116 1075//2116
f 1075//2117 1064//2117 1048//2117
f 1075//2118 1048//2118 1076//2118
f 1076//2119 1048//2119 1065//2119
f 1076//2120 1065//2120 1077//2120
f 1077//2121 1065//2121 1050//2121
f 1077//2122 1050//2122 1078//2122
f 1078//2123 1050//2123 1066//2123
f 1078//2124 1066//2124 1080//2124
f 1080//2125 1066//2125 1067//2125
f 1080//2126 1067//2126 1068//2126
f 1068//2127 1067//2127 1069//2127
f 1068//2128 1069//2128 1082//2128
f 1082//2129 1069//2129 1053//2129
f 1082//2130 1053//2130 1083//2130
f 1083//2131 1053//2131 1070//2131
f 1083//2132 1070//2132 1071//2132
f 1071//2133 1070//2133 1054//2133
f 1071//2134 1054//2134 1086//2134
f 1086//2135 1054//2135 1072//2135
f 1086//2136 1072//2136 1087//2136
f 1087//2137 1072//2137 1073//2137
f 1087//2138 1073//2138 1089//2138
f 1089//2139 1073//2139 1058//2139
f 1089//2140 1058//2140 1074//2140
f 1074//2141 1058//2141 1061//2141
f 1074//2142 1061//2142 933//2142
f 1132//2143 1131//2143 1092//2143
f 1092//2144 1131//2144 1063//2144
f 1092//2145 1063//2145 1093//2145
f 1093//2146 1063//2146 1075//2146
f 1093//2147 1075//2147 1094//2147
f 1094//2148 1075//2148 1076//2148
f 1094//2149 1076//2149 1095//2149
f 1095//2150 1076//2150 1077//2150
f 1095//2151 1077//2151 1097//2151
f 1097//2152 1077//2152 1078//2152
f 1097//2153 1078//2153 1079//2153
f 1079//2154 1078//2154 1080//2154
f 1079//2155 1080//2155 1081//2155
f 1081//2156 1080//2156 1068//2156
f 1081//2157 1068//2157 1099//2157
f 1099//2158 1068//2158 1082//2158
f 1099//2159 1082//2159 1100//2159
f 1100//2160 1082//2160 1083//2160
f 1100//2161 1083//2161 1084//2161
f 1084//2162 1083//2162 1071//2162
f 1084//2163 1071//2163 1085//2163
f 1085//2164 1071//2164 1086//2164
f 1085//2165 1086//2165 1102//2165
f 1102//2166 1086//2166 1087//2166
f 1102//2167 1087//2167 1088//2167
f 1088//2168 1087//2168 1089//2168
f 1088//2169 1089//2169 1090//2169
f 1090//2170 1089//2170 1074//2170
f 1090//2171 1074//2171 933//2171
f 1105//2172 1132//2172 1091//2172
f 1091//2173 1132//2173 1092//2173
f 1091//2174 1092//2174 1108//2174
f 1108//2175 1092//2175 1093//2175
f 1108//2176 1093//2176 1110//2176
f 1110//2177 1093//2177 1094//2177
f 1110//2178 1094//2178 1112//2178
f 1112//2179 1094//2179 1095//2179
f 1112//2180 1095//2180 1096//2180
f 1096//2181 1095//2181 1097//2181
f 1096//2182 1097//2182 1098//2182
f 1098//2183 1097//2183 1079//2183
f 1098//2184 1079//2184 1114//2184
f 1114//2185 1079//2185 1081//2185
f 1114//2186 1081//2186 1115//2186
f 1115//2187 1081//2187 1099//2187
f 1115//2188 1099//2188 1116//2188
f 1116//2189 1099//2189 1100//2189
f 1116//2190 1100//2190 1118//2190
f 1118//2191 1100//2191 1084//2191
f 1118//2192 1084//2192 1120//2192
f 1120//2193 1084//2193 1085//2193
f 1120//2194 1085//2194 1101//2194
f 1101//2195 1085//2195 1102//2195
f 1101//2196 1102//2196 1103//2196
f 1103//2197 1102//2197 1088//2197
f 1103//2198 1088//2198 1122//2198
f 1122//2199 1088//2199 1090//2199
f 1104//2200 1105//2200 1106//2200
f 1106//2201 1105//2201 1091//2201
f 1106//2202 1091//2202 1107//2202
f 1107//2203 1091//2203 1108//2203
f 1107//2204 1108//2204 1109//2204
f 1109//2205 1108//2205 1110//2205
f 1109//2206 1110//2206 1111//2206
f 1111//2207 1110//2207 1112//2207
f 1111//2208 1112//2208 934//2208
f 934//2209 1112//2209 1096//2209
f 934//2210 1096//2210 935//2210
f 935//2211 1096//2211 1098//2211
f 935//2212 1098//2212 1113//2212
f 1113//2213 1098//2213 1114//2213
f 1113//2214 1114//2214 937//2214
f 937//2215 1114//2215 1115//2215
f 937//2216 1115//2216 938//2216
f 938//2217 1115//2217 1116//2217
f 938//2218 1116//2218 1117//2218
f 1117//2219 1116//2219 1118//2219
f 1117//2220 1118//2220 1119//2220
f 1119//2221 1118//2221 1120//2221
f 1119//2222 1120//2222 940//2222
f 940//2223 1120//2223 1101//2223
f 940//2224 1101//2224 941//2224
f 941//2225 1101//2225 1103//2225
f 941//2226 1103//2226 942//2226
f 942//2227 1103//2227 1122//2227
f 1121//2228 673//2228 942//2228
f 1121//2229 942//2229 1122//2229
f 1121//2230 1122//2230 1090//2230
f 1121//2231 1090//2231 933//2231
f 1123//2232 581//2232 922//2232
f 1123//2233 922//2233 921//2233
f 1123//2234 921//2234 1124//2234
f 907//2235 915//2235 1125//2235
f 907//2236 1125//2236 943//2236
f 907//2237 943//2237 952//2237
f 907//2238 952//2238 963//2238
f 907//2239 963//2239 1126//2239
f 907//2240 1126//2240 1127//2240
f 907//2241 1127//2241 1128//2241
f 907//2242 1128//2242 1005//2242
f 907//2243 1005//2243 1129//2243
f 907//2244 1129//2244 1130//2244
f 907//2245 1130//2245 1062//2245
f 907//2246 1062//2246 1131//2246
f 907//2247 1131//2247 1132//2247
f 907//2248 1132//2248 1105//2248
f 907//2249 1105//2249 1104//2249
f 907//2250 1104//2250 904//2250
f 1134//2251 1133//2251 1258//2251
f 1261//2252 1134//2252 1258//2252
f 1135//2253 1133//2253 1134//2253
f 1135//2254 1134//2254 1136//2254
f 1137//2255 1268//2255 1135//2255
f 1136//2256 1137//2256 1135//2256
f 1261//2257 1137//2257 1136//2257
f 1261//2258 1136//2258 1134//2258
f 1135//2259 1268//2259 1258//2259
f 1133//2260 1135//2260 1258//2260
f 1138//2261 1591//2261 1190//2261
f 1589//2262 1148//2262 1274//2262
f 1148//2263 1149//2263 1274//2263
f 1140//2264 1193//2264 1835//2264
f 1139//2265 1193//2265 1140//2265
f 1140//2266 1325//2266 1139//2266
f 1141//2267 1139//2267 1325//2267
f 1151//2268 1590//2268 1591//2268
f 1590//2269 1151//2269 1143//2269
f 1142//2270 1141//2270 1325//2270
f 1141//2271 1142//2271 1153//2271
f 1145//2272 1153//2272 1142//2272
f 1153//2273 1145//2273 1151//2273
f 1145//2274 1143//2274 1151//2274
f 1325//2275 1144//2275 1142//2275
f 1144//2276 1145//2276 1142//2276
f 1147//2277 1145//2277 1144//2277
f 1145//2278 1147//2278 1143//2278
f 1147//2279 1146//2279 1143//2279
f 1146//2280 1590//2280 1143//2280
f 1146//2281 1147//2281 1148//2281
f 1144//2282 1149//2282 1147//2282
f 1148//2283 1147//2283 1149//2283
f 1146//2284 1148//2284 1589//2284
f 1190//2285 1150//2285 1138//2285
f 1138//2286 1150//2286 1191//2286
f 1138//2287 1191//2287 1152//2287
f 1152//2288 1191//2288 1193//2288
f 1152//2289 1193//2289 1139//2289
f 1591//2290 1138//2290 1151//2290
f 1151//2291 1138//2291 1152//2291
f 1151//2292 1152//2292 1153//2292
f 1153//2293 1152//2293 1139//2293
f 1153//2294 1139//2294 1141//2294
f 1154//2295 1155//2295 1896//2295
f 1155//2296 1154//2296 1156//2296
f 1172//2297 1156//2297 1154//2297
f 1156//2298 1172//2298 1181//2298
f 1157//2299 1181//2299 1172//2299
f 1181//2300 1157//2300 1158//2300
f 1157//2301 1176//2301 1158//2301
f 1176//2302 1159//2302 1158//2302
f 1176//2303 1177//2303 1159//2303
f 1177//2304 1184//2304 1159//2304
f 1177//2305 1178//2305 1184//2305
f 1178//2306 1857//2306 1184//2306
f 1178//2307 1160//2307 1857//2307
f 1163//2308 1161//2308 1884//2308
f 1161//2309 1163//2309 1162//2309
f 1180//2310 1162//2310 1163//2310
f 1162//2311 1180//2311 1185//2311
f 1182//2312 1185//2312 1180//2312
f 1185//2313 1182//2313 1188//2313
f 1182//2314 1183//2314 1188//2314
f 1183//2315 1164//2315 1188//2315
f 1183//2316 1165//2316 1164//2316
f 1165//2317 1166//2317 1164//2317
f 1165//2318 1856//2318 1166//2318
f 1162//2319 1168//2319 1161//2319
f 1162//2320 1167//2320 1168//2320
f 1167//2321 1162//2321 1169//2321
f 1189//2322 1166//2322 1834//2322
f 1189//2323 1834//2323 1833//2323
f 1169//2324 1170//2324 1167//2324
f 1170//2325 1169//2325 1192//2325
f 1186//2326 1192//2326 1169//2326
f 1192//2327 1186//2327 1171//2327
f 1186//2328 1187//2328 1171//2328
f 1187//2329 1194//2329 1171//2329
f 1187//2330 1189//2330 1194//2330
f 1189//2331 1832//2331 1194//2331
f 1189//2332 1833//2332 1832//2332
f 1896//2333 1897//2333 1154//2333
f 1154//2334 1897//2334 1215//2334
f 1154//2335 1215//2335 1172//2335
f 1172//2336 1215//2336 1173//2336
f 1172//2337 1173//2337 1157//2337
f 1157//2338 1173//2338 1174//2338
f 1157//2339 1174//2339 1176//2339
f 1176//2340 1174//2340 1175//2340
f 1176//2341 1175//2341 1177//2341
f 1177//2342 1175//2342 1198//2342
f 1177//2343 1198//2343 1178//2343
f 1178//2344 1198//2344 1179//2344
f 1178//2345 1179//2345 1160//2345
f 1160//2346 1179//2346 1883//2346
f 1884//2347 1155//2347 1163//2347
f 1163//2348 1155//2348 1156//2348
f 1163//2349 1156//2349 1180//2349
f 1180//2350 1156//2350 1181//2350
f 1180//2351 1181//2351 1182//2351
f 1182//2352 1181//2352 1158//2352
f 1182//2353 1158//2353 1183//2353
f 1183//2354 1158//2354 1159//2354
f 1183//2355 1159//2355 1165//2355
f 1165//2356 1159//2356 1184//2356
f 1165//2357 1184//2357 1856//2357
f 1856//2358 1184//2358 1857//2358
f 1169//2359 1162//2359 1186//2359
f 1186//2360 1162//2360 1185//2360
f 1186//2361 1185//2361 1187//2361
f 1187//2362 1185//2362 1188//2362
f 1187//2363 1188//2363 1189//2363
f 1189//2364 1188//2364 1164//2364
f 1189//2365 1164//2365 1166//2365
f 1190//2366 1170//2366 1150//2366
f 1150//2367 1170//2367 1192//2367
f 1150//2368 1192//2368 1191//2368
f 1191//2369 1192//2369 1171//2369
f 1191//2370 1171//2370 1193//2370
f 1193//2371 1171//2371 1194//2371
f 1193//2372 1194//2372 1835//2372
f 1835//2373 1194//2373 1832//2373
f 1195//2374 1202//2374 1234//2374
f 1195//2375 1875//2375 1202//2375
f 1227//2376 1196//2376 1173//2376
f 1196//2377 1174//2377 1173//2377
f 1196//2378 1197//2378 1174//2378
f 1174//2379 1197//2379 1175//2379
f 1230//2380 1175//2380 1197//2380
f 1175//2381 1230//2381 1198//2381
f 1199//2382 1198//2382 1230//2382
f 1198//2383 1199//2383 1179//2383
f 1200//2384 1179//2384 1199//2384
f 1883//2385 1179//2385 1200//2385
f 1232//2386 1233//2386 1910//2386
f 1233//2387 1203//2387 1910//2387
f 1233//2388 1201//2388 1203//2388
f 1233//2389 1234//2389 1201//2389
f 1201//2390 1234//2390 1202//2390
f 1203//2391 1205//2391 1910//2391
f 1203//2392 1204//2392 1205//2392
f 1203//2393 1217//2393 1204//2393
f 1203//2394 1201//2394 1217//2394
f 1217//2395 1201//2395 1218//2395
f 1202//2396 1218//2396 1201//2396
f 1218//2397 1202//2397 1206//2397
f 1875//2398 1206//2398 1202//2398
f 1206//2399 1875//2399 1207//2399
f 1204//2400 1208//2400 1205//2400
f 1208//2401 1204//2401 1211//2401
f 1209//2402 1207//2402 1878//2402
f 1211//2403 1220//2403 1208//2403
f 1211//2404 1210//2404 1220//2404
f 1211//2405 1212//2405 1210//2405
f 1211//2406 1216//2406 1212//2406
f 1216//2407 1222//2407 1212//2407
f 1216//2408 1219//2408 1222//2408
f 1222//2409 1219//2409 1213//2409
f 1209//2410 1213//2410 1219//2410
f 1213//2411 1209//2411 1214//2411
f 1878//2412 1214//2412 1209//2412
f 1214//2413 1878//2413 1224//2413
f 1897//2414 1225//2414 1215//2414
f 1215//2415 1225//2415 1227//2415
f 1215//2416 1227//2416 1173//2416
f 1211//2417 1204//2417 1216//2417
f 1216//2418 1204//2418 1217//2418
f 1216//2419 1217//2419 1219//2419
f 1219//2420 1217//2420 1218//2420
f 1219//2421 1218//2421 1209//2421
f 1209//2422 1218//2422 1206//2422
f 1209//2423 1206//2423 1207//2423
f 1226//2424 1220//2424 1228//2424
f 1228//2425 1220//2425 1210//2425
f 1228//2426 1210//2426 1229//2426
f 1229//2427 1210//2427 1212//2427
f 1229//2428 1212//2428 1221//2428
f 1221//2429 1212//2429 1222//2429
f 1221//2430 1222//2430 1231//2430
f 1231//2431 1222//2431 1213//2431
f 1231//2432 1213//2432 1223//2432
f 1223//2433 1213//2433 1214//2433
f 1223//2434 1214//2434 1881//2434
f 1881//2435 1214//2435 1224//2435
f 1225//2436 1226//2436 1227//2436
f 1227//2437 1226//2437 1228//2437
f 1227//2438 1228//2438 1196//2438
f 1196//2439 1228//2439 1229//2439
f 1196//2440 1229//2440 1197//2440
f 1197//2441 1229//2441 1221//2441
f 1197//2442 1221//2442 1230//2442
f 1230//2443 1221//2443 1231//2443
f 1230//2444 1231//2444 1199//2444
f 1199//2445 1231//2445 1223//2445
f 1199//2446 1223//2446 1200//2446
f 1200//2447 1223//2447 1881//2447
f 1234//2448 1245//2448 1195//2448
f 1245//2449 1244//2449 1195//2449
f 1243//2450 1242//2450 1427//2450
f 1242//2451 1742//2451 1427//2451
f 1738//2452 1233//2452 1232//2452
f 1738//2453 1248//2453 1233//2453
f 1248//2454 1247//2454 1233//2454
f 1247//2455 1234//2455 1233//2455
f 1245//2456 1234//2456 1247//2456
f 1738//2457 1739//2457 1248//2457
f 1249//2458 1248//2458 1739//2458
f 1246//2459 1235//2459 1244//2459
f 1235//2460 1246//2460 1237//2460
f 1238//2461 1249//2461 1739//2461
f 1249//2462 1238//2462 1236//2462
f 1241//2463 1236//2463 1238//2463
f 1236//2464 1241//2464 1246//2464
f 1241//2465 1237//2465 1246//2465
f 1739//2466 1239//2466 1238//2466
f 1239//2467 1241//2467 1238//2467
f 1240//2468 1241//2468 1239//2468
f 1241//2469 1240//2469 1237//2469
f 1240//2470 1458//2470 1237//2470
f 1458//2471 1235//2471 1237//2471
f 1458//2472 1240//2472 1242//2472
f 1239//2473 1742//2473 1240//2473
f 1242//2474 1240//2474 1742//2474
f 1458//2475 1242//2475 1243//2475
f 1244//2476 1245//2476 1246//2476
f 1246//2477 1245//2477 1247//2477
f 1246//2478 1247//2478 1236//2478
f 1236//2479 1247//2479 1248//2479
f 1236//2480 1248//2480 1249//2480
f 1250//2481 1261//2481 1258//2481
f 1258//2482 1416//2482 1250//2482
f 1258//2483 1418//2483 1416//2483
f 1261//2484 1250//2484 1252//2484
f 1258//2485 1251//2485 1418//2485
f 1261//2486 1252//2486 1429//2486
f 1261//2487 1429//2487 1253//2487
f 1258//2488 1406//2488 1251//2488
f 1258//2489 1306//2489 1406//2489
f 1261//2490 1253//2490 1493//2490
f 1261//2491 1493//2491 1254//2491
f 1258//2492 1304//2492 1306//2492
f 1261//2493 1254//2493 1255//2493
f 1258//2494 1303//2494 1304//2494
f 1258//2495 1301//2495 1303//2495
f 1261//2496 1255//2496 1509//2496
f 1258//2497 1364//2497 1301//2497
f 1261//2498 1509//2498 1256//2498
f 1258//2499 1365//2499 1364//2499
f 1258//2500 1257//2500 1365//2500
f 1261//2501 1256//2501 1441//2501
f 1258//2502 1341//2502 1257//2502
f 1261//2503 1441//2503 1442//2503
f 1258//2504 1259//2504 1341//2504
f 1261//2505 1442//2505 1260//2505
f 1682//2506 1327//2506 1273//2506
f 1261//2507 1260//2507 1540//2507
f 1682//2508 1275//2508 1327//2508
f 1261//2509 1540//2509 1262//2509
f 1682//2510 1274//2510 1275//2510
f 1272//2511 1271//2511 1427//2511
f 1273//2512 1259//2512 1674//2512
f 1674//2513 1259//2513 1268//2513
f 1272//2514 1262//2514 1540//2514
f 1666//2515 1674//2515 1268//2515
f 1261//2516 1262//2516 1137//2516
f 1268//2517 1263//2517 1666//2517
f 1137//2518 1700//2518 1772//2518
f 1268//2519 1573//2519 1263//2519
f 1137//2520 1772//2520 1701//2520
f 1268//2521 1651//2521 1573//2521
f 1268//2522 1561//2522 1651//2522
f 1137//2523 1701//2523 1264//2523
f 1268//2524 1560//2524 1561//2524
f 1137//2525 1264//2525 1712//2525
f 1268//2526 1555//2526 1560//2526
f 1137//2527 1712//2527 1720//2527
f 1268//2528 1265//2528 1555//2528
f 1137//2529 1720//2529 1724//2529
f 1268//2530 1266//2530 1265//2530
f 1137//2531 1724//2531 1805//2531
f 1268//2532 1612//2532 1266//2532
f 1268//2533 1267//2533 1612//2533
f 1137//2534 1805//2534 1804//2534
f 1137//2535 1804//2535 1729//2535
f 1268//2536 1598//2536 1267//2536
f 1137//2537 1729//2537 1269//2537
f 1137//2538 1270//2538 1268//2538
f 1137//2539 1269//2539 1270//2539
f 1598//2540 1268//2540 1270//2540
f 1258//2541 1268//2541 1259//2541
f 1271//2542 1272//2542 1540//2542
f 1259//2543 1273//2543 1327//2543
f 1700//2544 1137//2544 1262//2544
f 1274//2545 1149//2545 1275//2545
f 1149//2546 1327//2546 1275//2546
f 1276//2547 1332//2547 1327//2547
f 1276//2548 1330//2548 1332//2548
f 1276//2549 1326//2549 1330//2549
f 1326//2550 1278//2550 1330//2550
f 1326//2551 1277//2551 1278//2551
f 1278//2552 1277//2552 1329//2552
f 1324//2553 1329//2553 1277//2553
f 1329//2554 1324//2554 1279//2554
f 1838//2555 1279//2555 1324//2555
f 1279//2556 1838//2556 1837//2556
f 1332//2557 1259//2557 1327//2557
f 1280//2558 1281//2558 1259//2558
f 1280//2559 1282//2559 1281//2559
f 1280//2560 1283//2560 1282//2560
f 1283//2561 1339//2561 1282//2561
f 1283//2562 1336//2562 1339//2562
f 1339//2563 1336//2563 1284//2563
f 1285//2564 1284//2564 1336//2564
f 1284//2565 1285//2565 1337//2565
f 1286//2566 1337//2566 1285//2566
f 1337//2567 1286//2567 1287//2567
f 1842//2568 1287//2568 1286//2568
f 1287//2569 1842//2569 1841//2569
f 1281//2570 1341//2570 1259//2570
f 1348//2571 1257//2571 1341//2571
f 1357//2572 1289//2572 1257//2572
f 1357//2573 1288//2573 1289//2573
f 1357//2574 1356//2574 1288//2574
f 1356//2575 1290//2575 1288//2575
f 1356//2576 1354//2576 1290//2576
f 1354//2577 1360//2577 1290//2577
f 1354//2578 1353//2578 1360//2578
f 1360//2579 1353//2579 1361//2579
f 1291//2580 1361//2580 1353//2580
f 1361//2581 1291//2581 1363//2581
f 1292//2582 1363//2582 1291//2582
f 1363//2583 1292//2583 1293//2583
f 1350//2584 1293//2584 1292//2584
f 1293//2585 1350//2585 1847//2585
f 1289//2586 1365//2586 1257//2586
f 1365//2587 1289//2587 1294//2587
f 1295//2588 1847//2588 1849//2588
f 1366//2589 1301//2589 1364//2589
f 1366//2590 1375//2590 1301//2590
f 1366//2591 1296//2591 1375//2591
f 1366//2592 1367//2592 1296//2592
f 1367//2593 1377//2593 1296//2593
f 1367//2594 1368//2594 1377//2594
f 1368//2595 1297//2595 1377//2595
f 1368//2596 1370//2596 1297//2596
f 1370//2597 1298//2597 1297//2597
f 1370//2598 1372//2598 1298//2598
f 1298//2599 1372//2599 1299//2599
f 1373//2600 1299//2600 1372//2600
f 1299//2601 1373//2601 1379//2601
f 1300//2602 1379//2602 1373//2602
f 1379//2603 1300//2603 1380//2603
f 1849//2604 1380//2604 1300//2604
f 1380//2605 1849//2605 1850//2605
f 1375//2606 1303//2606 1301//2606
f 1303//2607 1375//2607 1374//2607
f 1302//2608 1850//2608 1851//2608
f 1374//2609 1304//2609 1303//2609
f 1304//2610 1374//2610 1305//2610
f 1396//2611 1851//2611 1404//2611
f 1305//2612 1306//2612 1304//2612
f 1306//2613 1305//2613 1388//2613
f 1388//2614 1406//2614 1306//2614
f 1406//2615 1388//2615 1407//2615
f 1415//2616 1404//2616 1854//2616
f 1405//2617 1418//2617 1251//2617
f 1405//2618 1307//2618 1418//2618
f 1405//2619 1308//2619 1307//2619
f 1405//2620 1309//2620 1308//2620
f 1309//2621 1311//2621 1308//2621
f 1309//2622 1312//2622 1311//2622
f 1312//2623 1310//2623 1311//2623
f 1312//2624 1408//2624 1310//2624
f 1408//2625 1313//2625 1310//2625
f 1408//2626 1409//2626 1313//2626
f 1313//2627 1409//2627 1314//2627
f 1410//2628 1314//2628 1409//2628
f 1314//2629 1410//2629 1423//2629
f 1412//2630 1423//2630 1410//2630
f 1423//2631 1412//2631 1424//2631
f 1315//2632 1424//2632 1412//2632
f 1424//2633 1315//2633 1425//2633
f 1414//2634 1425//2634 1315//2634
f 1425//2635 1414//2635 1855//2635
f 1250//2636 1416//2636 1316//2636
f 1316//2637 1416//2637 1417//2637
f 1316//2638 1417//2638 1460//2638
f 1460//2639 1417//2639 1419//2639
f 1460//2640 1419//2640 1461//2640
f 1461//2641 1419//2641 1420//2641
f 1461//2642 1420//2642 1462//2642
f 1462//2643 1420//2643 1421//2643
f 1462//2644 1421//2644 1317//2644
f 1317//2645 1421//2645 1318//2645
f 1317//2646 1318//2646 1319//2646
f 1319//2647 1318//2647 1320//2647
f 1319//2648 1320//2648 1464//2648
f 1464//2649 1320//2649 1422//2649
f 1464//2650 1422//2650 1321//2650
f 1321//2651 1422//2651 1322//2651
f 1321//2652 1322//2652 1468//2652
f 1468//2653 1322//2653 1323//2653
f 1468//2654 1323//2654 1861//2654
f 1861//2655 1323//2655 1855//2655
f 1835//2656 1838//2656 1140//2656
f 1140//2657 1838//2657 1324//2657
f 1140//2658 1324//2658 1325//2658
f 1325//2659 1324//2659 1277//2659
f 1325//2660 1277//2660 1144//2660
f 1144//2661 1277//2661 1326//2661
f 1144//2662 1326//2662 1149//2662
f 1149//2663 1326//2663 1276//2663
f 1149//2664 1276//2664 1327//2664
f 1837//2665 1839//2665 1279//2665
f 1279//2666 1839//2666 1335//2666
f 1279//2667 1335//2667 1329//2667
f 1329//2668 1335//2668 1328//2668
f 1329//2669 1328//2669 1278//2669
f 1278//2670 1328//2670 1331//2670
f 1278//2671 1331//2671 1330//2671
f 1330//2672 1331//2672 1333//2672
f 1330//2673 1333//2673 1332//2673
f 1332//2674 1333//2674 1334//2674
f 1332//2675 1334//2675 1259//2675
f 1839//2676 1842//2676 1335//2676
f 1335//2677 1842//2677 1286//2677
f 1335//2678 1286//2678 1328//2678
f 1328//2679 1286//2679 1285//2679
f 1328//2680 1285//2680 1331//2680
f 1331//2681 1285//2681 1336//2681
f 1331//2682 1336//2682 1333//2682
f 1333//2683 1336//2683 1283//2683
f 1333//2684 1283//2684 1334//2684
f 1334//2685 1283//2685 1280//2685
f 1334//2686 1280//2686 1259//2686
f 1841//2687 1844//2687 1287//2687
f 1287//2688 1844//2688 1342//2688
f 1287//2689 1342//2689 1337//2689
f 1337//2690 1342//2690 1338//2690
f 1337//2691 1338//2691 1284//2691
f 1284//2692 1338//2692 1344//2692
f 1284//2693 1344//2693 1339//2693
f 1339//2694 1344//2694 1340//2694
f 1339//2695 1340//2695 1282//2695
f 1282//2696 1340//2696 1345//2696
f 1282//2697 1345//2697 1281//2697
f 1281//2698 1345//2698 1347//2698
f 1281//2699 1347//2699 1341//2699
f 1844//2700 1349//2700 1342//2700
f 1342//2701 1349//2701 1351//2701
f 1342//2702 1351//2702 1338//2702
f 1338//2703 1351//2703 1343//2703
f 1338//2704 1343//2704 1344//2704
f 1344//2705 1343//2705 1352//2705
f 1344//2706 1352//2706 1340//2706
f 1340//2707 1352//2707 1346//2707
f 1340//2708 1346//2708 1345//2708
f 1345//2709 1346//2709 1355//2709
f 1345//2710 1355//2710 1347//2710
f 1347//2711 1355//2711 1348//2711
f 1347//2712 1348//2712 1341//2712
f 1349//2713 1350//2713 1351//2713
f 1351//2714 1350//2714 1292//2714
f 1351//2715 1292//2715 1343//2715
f 1343//2716 1292//2716 1291//2716
f 1343//2717 1291//2717 1352//2717
f 1352//2718 1291//2718 1353//2718
f 1352//2719 1353//2719 1346//2719
f 1346//2720 1353//2720 1354//2720
f 1346//2721 1354//2721 1355//2721
f 1355//2722 1354//2722 1356//2722
f 1355//2723 1356//2723 1348//2723
f 1348//2724 1356//2724 1357//2724
f 1348//2725 1357//2725 1257//2725
f 1294//2726 1289//2726 1358//2726
f 1358//2727 1289//2727 1288//2727
f 1358//2728 1288//2728 1369//2728
f 1369//2729 1288//2729 1290//2729
f 1369//2730 1290//2730 1371//2730
f 1371//2731 1290//2731 1360//2731
f 1371//2732 1360//2732 1359//2732
f 1359//2733 1360//2733 1361//2733
f 1359//2734 1361//2734 1362//2734
f 1362//2735 1361//2735 1363//2735
f 1362//2736 1363//2736 1295//2736
f 1295//2737 1363//2737 1293//2737
f 1295//2738 1293//2738 1847//2738
f 1364//2739 1365//2739 1366//2739
f 1366//2740 1365//2740 1294//2740
f 1366//2741 1294//2741 1367//2741
f 1367//2742 1294//2742 1358//2742
f 1367//2743 1358//2743 1368//2743
f 1368//2744 1358//2744 1369//2744
f 1368//2745 1369//2745 1370//2745
f 1370//2746 1369//2746 1371//2746
f 1370//2747 1371//2747 1372//2747
f 1372//2748 1371//2748 1359//2748
f 1372//2749 1359//2749 1373//2749
f 1373//2750 1359//2750 1362//2750
f 1373//2751 1362//2751 1300//2751
f 1300//2752 1362//2752 1295//2752
f 1300//2753 1295//2753 1849//2753
f 1374//2754 1375//2754 1376//2754
f 1376//2755 1375//2755 1296//2755
f 1376//2756 1296//2756 1383//2756
f 1383//2757 1296//2757 1377//2757
f 1383//2758 1377//2758 1384//2758
f 1384//2759 1377//2759 1297//2759
f 1384//2760 1297//2760 1378//2760
f 1378//2761 1297//2761 1298//2761
f 1378//2762 1298//2762 1386//2762
f 1386//2763 1298//2763 1299//2763
f 1386//2764 1299//2764 1387//2764
f 1387//2765 1299//2765 1379//2765
f 1387//2766 1379//2766 1302//2766
f 1302//2767 1379//2767 1380//2767
f 1302//2768 1380//2768 1850//2768
f 1305//2769 1374//2769 1381//2769
f 1381//2770 1374//2770 1376//2770
f 1381//2771 1376//2771 1390//2771
f 1390//2772 1376//2772 1383//2772
f 1390//2773 1383//2773 1382//2773
f 1382//2774 1383//2774 1384//2774
f 1382//2775 1384//2775 1391//2775
f 1391//2776 1384//2776 1378//2776
f 1391//2777 1378//2777 1393//2777
f 1393//2778 1378//2778 1386//2778
f 1393//2779 1386//2779 1385//2779
f 1385//2780 1386//2780 1387//2780
f 1385//2781 1387//2781 1396//2781
f 1396//2782 1387//2782 1302//2782
f 1396//2783 1302//2783 1851//2783
f 1388//2784 1305//2784 1389//2784
f 1389//2785 1305//2785 1381//2785
f 1389//2786 1381//2786 1400//2786
f 1400//2787 1381//2787 1390//2787
f 1400//2788 1390//2788 1401//2788
f 1401//2789 1390//2789 1382//2789
f 1401//2790 1382//2790 1402//2790
f 1402//2791 1382//2791 1391//2791
f 1402//2792 1391//2792 1392//2792
f 1392//2793 1391//2793 1393//2793
f 1392//2794 1393//2794 1394//2794
f 1394//2795 1393//2795 1385//2795
f 1394//2796 1385//2796 1395//2796
f 1395//2797 1385//2797 1396//2797
f 1395//2798 1396//2798 1404//2798
f 1407//2799 1388//2799 1397//2799
f 1397//2800 1388//2800 1389//2800
f 1397//2801 1389//2801 1398//2801
f 1398//2802 1389//2802 1400//2802
f 1398//2803 1400//2803 1399//2803
f 1399//2804 1400//2804 1401//2804
f 1399//2805 1401//2805 1411//2805
f 1411//2806 1401//2806 1402//2806
f 1411//2807 1402//2807 1413//2807
f 1413//2808 1402//2808 1392//2808
f 1413//2809 1392//2809 1403//2809
f 1403//2810 1392//2810 1394//2810
f 1403//2811 1394//2811 1415//2811
f 1415//2812 1394//2812 1395//2812
f 1415//2813 1395//2813 1404//2813
f 1251//2814 1406//2814 1405//2814
f 1405//2815 1406//2815 1407//2815
f 1405//2816 1407//2816 1309//2816
f 1309//2817 1407//2817 1397//2817
f 1309//2818 1397//2818 1312//2818
f 1312//2819 1397//2819 1398//2819
f 1312//2820 1398//2820 1408//2820
f 1408//2821 1398//2821 1399//2821
f 1408//2822 1399//2822 1409//2822
f 1409//2823 1399//2823 1411//2823
f 1409//2824 1411//2824 1410//2824
f 1410//2825 1411//2825 1413//2825
f 1410//2826 1413//2826 1412//2826
f 1412//2827 1413//2827 1403//2827
f 1412//2828 1403//2828 1315//2828
f 1315//2829 1403//2829 1415//2829
f 1315//2830 1415//2830 1414//2830
f 1414//2831 1415//2831 1854//2831
f 1416//2832 1418//2832 1417//2832
f 1417//2833 1418//2833 1307//2833
f 1417//2834 1307//2834 1419//2834
f 1419//2835 1307//2835 1308//2835
f 1419//2836 1308//2836 1420//2836
f 1420//2837 1308//2837 1311//2837
f 1420//2838 1311//2838 1421//2838
f 1421//2839 1311//2839 1310//2839
f 1421//2840 1310//2840 1318//2840
f 1318//2841 1310//2841 1313//2841
f 1318//2842 1313//2842 1320//2842
f 1320//2843 1313//2843 1314//2843
f 1320//2844 1314//2844 1422//2844
f 1422//2845 1314//2845 1423//2845
f 1422//2846 1423//2846 1322//2846
f 1322//2847 1423//2847 1424//2847
f 1322//2848 1424//2848 1323//2848
f 1323//2849 1424//2849 1425//2849
f 1323//2850 1425//2850 1855//2850
f 1195//2851 1426//2851 1874//2851
f 1195//2852 1244//2852 1426//2852
f 1427//2853 1428//2853 1243//2853
f 1427//2854 1271//2854 1428//2854
f 1470//2855 1253//2855 1429//2855
f 1253//2856 1470//2856 1482//2856
f 1430//2857 1482//2857 1470//2857
f 1482//2858 1430//2858 1431//2858
f 1472//2859 1431//2859 1430//2859
f 1431//2860 1472//2860 1484//2860
f 1474//2861 1484//2861 1472//2861
f 1484//2862 1474//2862 1486//2862
f 1476//2863 1486//2863 1474//2863
f 1486//2864 1476//2864 1488//2864
f 1476//2865 1478//2865 1488//2865
f 1478//2866 1489//2866 1488//2866
f 1478//2867 1480//2867 1489//2867
f 1480//2868 1490//2868 1489//2868
f 1480//2869 1432//2869 1490//2869
f 1432//2870 1492//2870 1490//2870
f 1432//2871 1433//2871 1492//2871
f 1433//2872 1864//2872 1492//2872
f 1433//2873 1467//2873 1864//2873
f 1518//2874 1862//2874 1865//2874
f 1510//2875 1256//2875 1509//2875
f 1256//2876 1510//2876 1520//2876
f 1512//2877 1520//2877 1510//2877
f 1520//2878 1512//2878 1434//2878
f 1435//2879 1434//2879 1512//2879
f 1434//2880 1435//2880 1523//2880
f 1436//2881 1523//2881 1435//2881
f 1523//2882 1436//2882 1525//2882
f 1436//2883 1514//2883 1525//2883
f 1514//2884 1526//2884 1525//2884
f 1514//2885 1516//2885 1526//2885
f 1516//2886 1437//2886 1526//2886
f 1516//2887 1517//2887 1437//2887
f 1517//2888 1528//2888 1437//2888
f 1517//2889 1438//2889 1528//2889
f 1438//2890 1867//2890 1528//2890
f 1438//2891 1866//2891 1867//2891
f 1439//2892 1867//2892 1440//2892
f 1439//2893 1440//2893 1448//2893
f 1519//2894 1442//2894 1441//2894
f 1442//2895 1519//2895 1443//2895
f 1521//2896 1443//2896 1519//2896
f 1443//2897 1521//2897 1444//2897
f 1522//2898 1444//2898 1521//2898
f 1444//2899 1522//2899 1445//2899
f 1524//2900 1445//2900 1522//2900
f 1445//2901 1524//2901 1530//2901
f 1524//2902 1446//2902 1530//2902
f 1446//2903 1532//2903 1530//2903
f 1446//2904 1527//2904 1532//2904
f 1527//2905 1447//2905 1532//2905
f 1527//2906 1439//2906 1447//2906
f 1439//2907 1871//2907 1447//2907
f 1439//2908 1448//2908 1871//2908
f 1529//2909 1540//2909 1260//2909
f 1540//2910 1449//2910 1542//2910
f 1451//2911 1542//2911 1449//2911
f 1542//2912 1451//2912 1450//2912
f 1452//2913 1450//2913 1451//2913
f 1450//2914 1452//2914 1453//2914
f 1454//2915 1453//2915 1452//2915
f 1453//2916 1454//2916 1456//2916
f 1454//2917 1536//2917 1456//2917
f 1536//2918 1455//2918 1456//2918
f 1536//2919 1535//2919 1455//2919
f 1535//2920 1457//2920 1455//2920
f 1535//2921 1872//2921 1457//2921
f 1549//2922 1271//2922 1540//2922
f 1548//2923 1243//2923 1428//2923
f 1243//2924 1548//2924 1458//2924
f 1459//2925 1458//2925 1548//2925
f 1458//2926 1459//2926 1235//2926
f 1459//2927 1546//2927 1235//2927
f 1546//2928 1244//2928 1235//2928
f 1546//2929 1426//2929 1244//2929
f 1252//2930 1250//2930 1469//2930
f 1469//2931 1250//2931 1316//2931
f 1469//2932 1316//2932 1471//2932
f 1471//2933 1316//2933 1460//2933
f 1471//2934 1460//2934 1473//2934
f 1473//2935 1460//2935 1461//2935
f 1473//2936 1461//2936 1475//2936
f 1475//2937 1461//2937 1462//2937
f 1475//2938 1462//2938 1477//2938
f 1477//2939 1462//2939 1317//2939
f 1477//2940 1317//2940 1479//2940
f 1479//2941 1317//2941 1319//2941
f 1479//2942 1319//2942 1463//2942
f 1463//2943 1319//2943 1464//2943
f 1463//2944 1464//2944 1465//2944
f 1465//2945 1464//2945 1321//2945
f 1465//2946 1321//2946 1466//2946
f 1466//2947 1321//2947 1468//2947
f 1466//2948 1468//2948 1467//2948
f 1467//2949 1468//2949 1861//2949
f 1429//2950 1252//2950 1470//2950
f 1470//2951 1252//2951 1469//2951
f 1470//2952 1469//2952 1430//2952
f 1430//2953 1469//2953 1471//2953
f 1430//2954 1471//2954 1472//2954
f 1472//2955 1471//2955 1473//2955
f 1472//2956 1473//2956 1474//2956
f 1474//2957 1473//2957 1475//2957
f 1474//2958 1475//2958 1476//2958
f 1476//2959 1475//2959 1477//2959
f 1476//2960 1477//2960 1478//2960
f 1478//2961 1477//2961 1479//2961
f 1478//2962 1479//2962 1480//2962
f 1480//2963 1479//2963 1463//2963
f 1480//2964 1463//2964 1432//2964
f 1432//2965 1463//2965 1465//2965
f 1432//2966 1465//2966 1433//2966
f 1433//2967 1465//2967 1466//2967
f 1433//2968 1466//2968 1467//2968
f 1493//2969 1253//2969 1481//2969
f 1481//2970 1253//2970 1482//2970
f 1481//2971 1482//2971 1495//2971
f 1495//2972 1482//2972 1431//2972
f 1495//2973 1431//2973 1483//2973
f 1483//2974 1431//2974 1484//2974
f 1483//2975 1484//2975 1485//2975
f 1485//2976 1484//2976 1486//2976
f 1485//2977 1486//2977 1487//2977
f 1487//2978 1486//2978 1488//2978
f 1487//2979 1488//2979 1499//2979
f 1499//2980 1488//2980 1489//2980
f 1499//2981 1489//2981 1500//2981
f 1500//2982 1489//2982 1490//2982
f 1500//2983 1490//2983 1491//2983
f 1491//2984 1490//2984 1492//2984
f 1491//2985 1492//2985 1862//2985
f 1862//2986 1492//2986 1864//2986
f 1254//2987 1493//2987 1501//2987
f 1501//2988 1493//2988 1481//2988
f 1501//2989 1481//2989 1494//2989
f 1494//2990 1481//2990 1495//2990
f 1494//2991 1495//2991 1496//2991
f 1496//2992 1495//2992 1483//2992
f 1496//2993 1483//2993 1503//2993
f 1503//2994 1483//2994 1485//2994
f 1503//2995 1485//2995 1497//2995
f 1497//2996 1485//2996 1487//2996
f 1497//2997 1487//2997 1498//2997
f 1498//2998 1487//2998 1499//2998
f 1498//2999 1499//2999 1506//2999
f 1506//3000 1499//3000 1500//3000
f 1506//3001 1500//3001 1508//3001
f 1508//3002 1500//3002 1491//3002
f 1508//3003 1491//3003 1862//3003
f 1255//3004 1254//3004 1511//3004
f 1511//3005 1254//3005 1501//3005
f 1511//3006 1501//3006 1502//3006
f 1502//3007 1501//3007 1494//3007
f 1502//3008 1494//3008 1513//3008
f 1513//3009 1494//3009 1496//3009
f 1513//3010 1496//3010 1504//3010
f 1504//3011 1496//3011 1503//3011
f 1504//3012 1503//3012 1515//3012
f 1515//3013 1503//3013 1497//3013
f 1515//3014 1497//3014 1505//3014
f 1505//3015 1497//3015 1498//3015
f 1505//3016 1498//3016 1507//3016
f 1507//3017 1498//3017 1506//3017
f 1507//3018 1506//3018 1518//3018
f 1518//3019 1506//3019 1508//3019
f 1518//3020 1508//3020 1862//3020
f 1509//3021 1255//3021 1510//3021
f 1510//3022 1255//3022 1511//3022
f 1510//3023 1511//3023 1512//3023
f 1512//3024 1511//3024 1502//3024
f 1512//3025 1502//3025 1435//3025
f 1435//3026 1502//3026 1513//3026
f 1435//3027 1513//3027 1436//3027
f 1436//3028 1513//3028 1504//3028
f 1436//3029 1504//3029 1514//3029
f 1514//3030 1504//3030 1515//3030
f 1514//3031 1515//3031 1516//3031
f 1516//3032 1515//3032 1505//3032
f 1516//3033 1505//3033 1517//3033
f 1517//3034 1505//3034 1507//3034
f 1517//3035 1507//3035 1438//3035
f 1438//3036 1507//3036 1518//3036
f 1438//3037 1518//3037 1866//3037
f 1866//3038 1518//3038 1865//3038
f 1441//3039 1256//3039 1519//3039
f 1519//3040 1256//3040 1520//3040
f 1519//3041 1520//3041 1521//3041
f 1521//3042 1520//3042 1434//3042
f 1521//3043 1434//3043 1522//3043
f 1522//3044 1434//3044 1523//3044
f 1522//3045 1523//3045 1524//3045
f 1524//3046 1523//3046 1525//3046
f 1524//3047 1525//3047 1446//3047
f 1446//3048 1525//3048 1526//3048
f 1446//3049 1526//3049 1527//3049
f 1527//3050 1526//3050 1437//3050
f 1527//3051 1437//3051 1439//3051
f 1439//3052 1437//3052 1528//3052
f 1439//3053 1528//3053 1867//3053
f 1260//3054 1442//3054 1529//3054
f 1529//3055 1442//3055 1443//3055
f 1529//3056 1443//3056 1539//3056
f 1539//3057 1443//3057 1444//3057
f 1539//3058 1444//3058 1538//3058
f 1538//3059 1444//3059 1445//3059
f 1538//3060 1445//3060 1537//3060
f 1537//3061 1445//3061 1530//3061
f 1537//3062 1530//3062 1531//3062
f 1531//3063 1530//3063 1532//3063
f 1531//3064 1532//3064 1533//3064
f 1533//3065 1532//3065 1447//3065
f 1533//3066 1447//3066 1534//3066
f 1534//3067 1447//3067 1871//3067
f 1534//3068 1872//3068 1533//3068
f 1533//3069 1872//3069 1535//3069
f 1533//3070 1535//3070 1531//3070
f 1531//3071 1535//3071 1536//3071
f 1531//3072 1536//3072 1537//3072
f 1537//3073 1536//3073 1454//3073
f 1537//3074 1454//3074 1538//3074
f 1538//3075 1454//3075 1452//3075
f 1538//3076 1452//3076 1539//3076
f 1539//3077 1452//3077 1451//3077
f 1539//3078 1451//3078 1529//3078
f 1529//3079 1451//3079 1449//3079
f 1529//3080 1449//3080 1540//3080
f 1457//3081 1543//3081 1455//3081
f 1455//3082 1543//3082 1544//3082
f 1455//3083 1544//3083 1456//3083
f 1456//3084 1544//3084 1545//3084
f 1456//3085 1545//3085 1453//3085
f 1453//3086 1545//3086 1541//3086
f 1453//3087 1541//3087 1450//3087
f 1450//3088 1541//3088 1547//3088
f 1450//3089 1547//3089 1542//3089
f 1542//3090 1547//3090 1549//3090
f 1542//3091 1549//3091 1540//3091
f 1543//3092 1874//3092 1544//3092
f 1544//3093 1874//3093 1426//3093
f 1544//3094 1426//3094 1545//3094
f 1545//3095 1426//3095 1546//3095
f 1545//3096 1546//3096 1541//3096
f 1541//3097 1546//3097 1459//3097
f 1541//3098 1459//3098 1547//3098
f 1547//3099 1459//3099 1548//3099
f 1547//3100 1548//3100 1549//3100
f 1549//3101 1548//3101 1428//3101
f 1549//3102 1428//3102 1271//3102
f 1190//3103 1550//3103 1887//3103
f 1190//3104 1591//3104 1550//3104
f 1274//3105 1683//3105 1589//3105
f 1274//3106 1682//3106 1683//3106
f 1599//3107 1612//3107 1267//3107
f 1612//3108 1599//3108 1613//3108
f 1600//3109 1613//3109 1599//3109
f 1613//3110 1600//3110 1614//3110
f 1601//3111 1614//3111 1600//3111
f 1614//3112 1601//3112 1616//3112
f 1603//3113 1616//3113 1601//3113
f 1616//3114 1603//3114 1617//3114
f 1552//3115 1617//3115 1603//3115
f 1617//3116 1552//3116 1551//3116
f 1552//3117 1604//3117 1551//3117
f 1604//3118 1553//3118 1551//3118
f 1604//3119 1605//3119 1553//3119
f 1605//3120 1620//3120 1553//3120
f 1605//3121 1607//3121 1620//3121
f 1607//3122 1621//3122 1620//3122
f 1607//3123 1609//3123 1621//3123
f 1609//3124 1622//3124 1621//3124
f 1609//3125 1898//3125 1622//3125
f 1554//3126 1265//3126 1266//3126
f 1265//3127 1554//3127 1623//3127
f 1632//3128 1634//3128 1558//3128
f 1623//3129 1555//3129 1265//3129
f 1555//3130 1623//3130 1556//3130
f 1556//3131 1560//3131 1555//3131
f 1560//3132 1556//3132 1559//3132
f 1557//3133 1558//3133 1650//3133
f 1559//3134 1561//3134 1560//3134
f 1561//3135 1559//3135 1562//3135
f 1571//3136 1650//3136 1895//3136
f 1562//3137 1651//3137 1561//3137
f 1651//3138 1562//3138 1652//3138
f 1563//3139 1652//3139 1562//3139
f 1652//3140 1563//3140 1655//3140
f 1647//3141 1655//3141 1563//3141
f 1655//3142 1647//3142 1564//3142
f 1565//3143 1564//3143 1647//3143
f 1564//3144 1565//3144 1656//3144
f 1565//3145 1566//3145 1656//3145
f 1566//3146 1658//3146 1656//3146
f 1566//3147 1567//3147 1658//3147
f 1567//3148 1569//3148 1658//3148
f 1567//3149 1570//3149 1569//3149
f 1570//3150 1568//3150 1569//3150
f 1570//3151 1571//3151 1568//3151
f 1571//3152 1572//3152 1568//3152
f 1571//3153 1895//3153 1572//3153
f 1660//3154 1263//3154 1573//3154
f 1263//3155 1660//3155 1577//3155
f 1574//3156 1572//3156 1575//3156
f 1263//3157 1577//3157 1668//3157
f 1576//3158 1668//3158 1577//3158
f 1668//3159 1576//3159 1578//3159
f 1661//3160 1578//3160 1576//3160
f 1578//3161 1661//3161 1670//3161
f 1662//3162 1670//3162 1661//3162
f 1670//3163 1662//3163 1671//3163
f 1662//3164 1664//3164 1671//3164
f 1664//3165 1579//3165 1671//3165
f 1664//3166 1580//3166 1579//3166
f 1580//3167 1673//3167 1579//3167
f 1580//3168 1574//3168 1673//3168
f 1574//3169 1892//3169 1673//3169
f 1574//3170 1575//3170 1892//3170
f 1672//3171 1892//3171 1581//3171
f 1667//3172 1674//3172 1666//3172
f 1674//3173 1667//3173 1676//3173
f 1669//3174 1676//3174 1667//3174
f 1676//3175 1669//3175 1678//3175
f 1582//3176 1678//3176 1669//3176
f 1678//3177 1582//3177 1681//3177
f 1582//3178 1583//3178 1681//3178
f 1583//3179 1585//3179 1681//3179
f 1583//3180 1584//3180 1585//3180
f 1584//3181 1586//3181 1585//3181
f 1584//3182 1672//3182 1586//3182
f 1672//3183 1890//3183 1586//3183
f 1672//3184 1587//3184 1890//3184
f 1672//3185 1581//3185 1587//3185
f 1686//3186 1890//3186 1889//3186
f 1588//3187 1589//3187 1683//3187
f 1589//3188 1588//3188 1146//3188
f 1684//3189 1146//3189 1588//3189
f 1146//3190 1684//3190 1590//3190
f 1684//3191 1685//3191 1590//3191
f 1685//3192 1591//3192 1590//3192
f 1685//3193 1550//3193 1591//3193
f 1598//3194 1270//3194 1592//3194
f 1592//3195 1270//3195 1823//3195
f 1592//3196 1823//3196 1593//3196
f 1593//3197 1823//3197 1824//3197
f 1593//3198 1824//3198 1602//3198
f 1602//3199 1824//3199 1825//3199
f 1602//3200 1825//3200 1594//3200
f 1594//3201 1825//3201 1596//3201
f 1594//3202 1596//3202 1595//3202
f 1595//3203 1596//3203 1597//3203
f 1595//3204 1597//3204 1606//3204
f 1606//3205 1597//3205 1826//3205
f 1606//3206 1826//3206 1608//3206
f 1608//3207 1826//3207 1828//3207
f 1608//3208 1828//3208 1610//3208
f 1610//3209 1828//3209 1829//3209
f 1610//3210 1829//3210 1611//3210
f 1611//3211 1829//3211 1831//3211
f 1267//3212 1598//3212 1599//3212
f 1599//3213 1598//3213 1592//3213
f 1599//3214 1592//3214 1600//3214
f 1600//3215 1592//3215 1593//3215
f 1600//3216 1593//3216 1601//3216
f 1601//3217 1593//3217 1602//3217
f 1601//3218 1602//3218 1603//3218
f 1603//3219 1602//3219 1594//3219
f 1603//3220 1594//3220 1552//3220
f 1552//3221 1594//3221 1595//3221
f 1552//3222 1595//3222 1604//3222
f 1604//3223 1595//3223 1606//3223
f 1604//3224 1606//3224 1605//3224
f 1605//3225 1606//3225 1608//3225
f 1605//3226 1608//3226 1607//3226
f 1607//3227 1608//3227 1610//3227
f 1607//3228 1610//3228 1609//3228
f 1609//3229 1610//3229 1611//3229
f 1266//3230 1612//3230 1554//3230
f 1554//3231 1612//3231 1613//3231
f 1554//3232 1613//3232 1624//3232
f 1624//3233 1613//3233 1614//3233
f 1624//3234 1614//3234 1615//3234
f 1615//3235 1614//3235 1616//3235
f 1615//3236 1616//3236 1626//3236
f 1626//3237 1616//3237 1617//3237
f 1626//3238 1617//3238 1618//3238
f 1618//3239 1617//3239 1551//3239
f 1618//3240 1551//3240 1629//3240
f 1629//3241 1551//3241 1553//3241
f 1629//3242 1553//3242 1619//3242
f 1619//3243 1553//3243 1620//3243
f 1619//3244 1620//3244 1633//3244
f 1633//3245 1620//3245 1621//3245
f 1633//3246 1621//3246 1634//3246
f 1634//3247 1621//3247 1622//3247
f 1623//3248 1554//3248 1636//3248
f 1636//3249 1554//3249 1624//3249
f 1636//3250 1624//3250 1625//3250
f 1625//3251 1624//3251 1615//3251
f 1625//3252 1615//3252 1627//3252
f 1627//3253 1615//3253 1626//3253
f 1627//3254 1626//3254 1628//3254
f 1628//3255 1626//3255 1618//3255
f 1628//3256 1618//3256 1630//3256
f 1630//3257 1618//3257 1629//3257
f 1630//3258 1629//3258 1631//3258
f 1631//3259 1629//3259 1619//3259
f 1631//3260 1619//3260 1632//3260
f 1632//3261 1619//3261 1633//3261
f 1632//3262 1633//3262 1634//3262
f 1556//3263 1623//3263 1635//3263
f 1635//3264 1623//3264 1636//3264
f 1635//3265 1636//3265 1637//3265
f 1637//3266 1636//3266 1625//3266
f 1637//3267 1625//3267 1638//3267
f 1638//3268 1625//3268 1627//3268
f 1638//3269 1627//3269 1641//3269
f 1641//3270 1627//3270 1628//3270
f 1641//3271 1628//3271 1643//3271
f 1643//3272 1628//3272 1630//3272
f 1643//3273 1630//3273 1645//3273
f 1645//3274 1630//3274 1631//3274
f 1645//3275 1631//3275 1639//3275
f 1639//3276 1631//3276 1632//3276
f 1639//3277 1632//3277 1558//3277
f 1559//3278 1556//3278 1646//3278
f 1646//3279 1556//3279 1635//3279
f 1646//3280 1635//3280 1648//3280
f 1648//3281 1635//3281 1637//3281
f 1648//3282 1637//3282 1640//3282
f 1640//3283 1637//3283 1638//3283
f 1640//3284 1638//3284 1649//3284
f 1649//3285 1638//3285 1641//3285
f 1649//3286 1641//3286 1642//3286
f 1642//3287 1641//3287 1643//3287
f 1642//3288 1643//3288 1644//3288
f 1644//3289 1643//3289 1645//3289
f 1644//3290 1645//3290 1557//3290
f 1557//3291 1645//3291 1639//3291
f 1557//3292 1639//3292 1558//3292
f 1562//3293 1559//3293 1563//3293
f 1563//3294 1559//3294 1646//3294
f 1563//3295 1646//3295 1647//3295
f 1647//3296 1646//3296 1648//3296
f 1647//3297 1648//3297 1565//3297
f 1565//3298 1648//3298 1640//3298
f 1565//3299 1640//3299 1566//3299
f 1566//3300 1640//3300 1649//3300
f 1566//3301 1649//3301 1567//3301
f 1567//3302 1649//3302 1642//3302
f 1567//3303 1642//3303 1570//3303
f 1570//3304 1642//3304 1644//3304
f 1570//3305 1644//3305 1571//3305
f 1571//3306 1644//3306 1557//3306
f 1571//3307 1557//3307 1650//3307
f 1573//3308 1651//3308 1660//3308
f 1660//3309 1651//3309 1652//3309
f 1660//3310 1652//3310 1653//3310
f 1653//3311 1652//3311 1655//3311
f 1653//3312 1655//3312 1654//3312
f 1654//3313 1655//3313 1564//3313
f 1654//3314 1564//3314 1663//3314
f 1663//3315 1564//3315 1656//3315
f 1663//3316 1656//3316 1665//3316
f 1665//3317 1656//3317 1658//3317
f 1665//3318 1658//3318 1657//3318
f 1657//3319 1658//3319 1569//3319
f 1657//3320 1569//3320 1659//3320
f 1659//3321 1569//3321 1568//3321
f 1659//3322 1568//3322 1572//3322
f 1577//3323 1660//3323 1576//3323
f 1576//3324 1660//3324 1653//3324
f 1576//3325 1653//3325 1661//3325
f 1661//3326 1653//3326 1654//3326
f 1661//3327 1654//3327 1662//3327
f 1662//3328 1654//3328 1663//3328
f 1662//3329 1663//3329 1664//3329
f 1664//3330 1663//3330 1665//3330
f 1664//3331 1665//3331 1580//3331
f 1580//3332 1665//3332 1657//3332
f 1580//3333 1657//3333 1574//3333
f 1574//3334 1657//3334 1659//3334
f 1574//3335 1659//3335 1572//3335
f 1666//3336 1263//3336 1667//3336
f 1667//3337 1263//3337 1668//3337
f 1667//3338 1668//3338 1669//3338
f 1669//3339 1668//3339 1578//3339
f 1669//3340 1578//3340 1582//3340
f 1582//3341 1578//3341 1670//3341
f 1582//3342 1670//3342 1583//3342
f 1583//3343 1670//3343 1671//3343
f 1583//3344 1671//3344 1584//3344
f 1584//3345 1671//3345 1579//3345
f 1584//3346 1579//3346 1672//3346
f 1672//3347 1579//3347 1673//3347
f 1672//3348 1673//3348 1892//3348
f 1273//3349 1674//3349 1675//3349
f 1675//3350 1674//3350 1676//3350
f 1675//3351 1676//3351 1677//3351
f 1677//3352 1676//3352 1678//3352
f 1677//3353 1678//3353 1679//3353
f 1679//3354 1678//3354 1681//3354
f 1679//3355 1681//3355 1680//3355
f 1680//3356 1681//3356 1585//3356
f 1680//3357 1585//3357 1686//3357
f 1686//3358 1585//3358 1586//3358
f 1686//3359 1586//3359 1890//3359
f 1682//3360 1273//3360 1683//3360
f 1683//3361 1273//3361 1675//3361
f 1683//3362 1675//3362 1588//3362
f 1588//3363 1675//3363 1677//3363
f 1588//3364 1677//3364 1684//3364
f 1684//3365 1677//3365 1679//3365
f 1684//3366 1679//3366 1685//3366
f 1685//3367 1679//3367 1680//3367
f 1685//3368 1680//3368 1550//3368
f 1550//3369 1680//3369 1686//3369
f 1550//3370 1686//3370 1887//3370
f 1887//3371 1686//3371 1889//3371
f 1687//3372 1898//3372 1609//3372
f 1687//3373 1609//3373 1611//3373
f 1687//3374 1611//3374 1831//3374
f 1427//3375 1742//3375 1272//3375
f 1743//3376 1747//3376 1272//3376
f 1743//3377 1688//3377 1747//3377
f 1743//3378 1689//3378 1688//3378
f 1689//3379 1745//3379 1688//3379
f 1689//3380 1741//3380 1745//3380
f 1745//3381 1741//3381 1690//3381
f 1740//3382 1690//3382 1741//3382
f 1690//3383 1740//3383 1691//3383
f 1692//3384 1691//3384 1740//3384
f 1691//3385 1692//3385 1693//3385
f 1747//3386 1262//3386 1272//3386
f 1753//3387 1694//3387 1262//3387
f 1753//3388 1696//3388 1694//3388
f 1753//3389 1695//3389 1696//3389
f 1695//3390 1760//3390 1696//3390
f 1695//3391 1697//3391 1760//3391
f 1697//3392 1759//3392 1760//3392
f 1697//3393 1752//3393 1759//3393
f 1759//3394 1752//3394 1757//3394
f 1698//3395 1757//3395 1752//3395
f 1757//3396 1698//3396 1756//3396
f 1699//3397 1756//3397 1698//3397
f 1756//3398 1699//3398 1754//3398
f 1694//3399 1700//3399 1262//3399
f 1768//3400 1772//3400 1700//3400
f 1702//3401 1701//3401 1772//3401
f 1702//3402 1773//3402 1701//3402
f 1702//3403 1774//3403 1773//3403
f 1702//3404 1703//3404 1774//3404
f 1703//3405 1706//3405 1774//3405
f 1703//3406 1704//3406 1706//3406
f 1704//3407 1705//3407 1706//3407
f 1704//3408 1708//3408 1705//3408
f 1705//3409 1708//3409 1707//3409
f 1709//3410 1707//3410 1708//3410
f 1707//3411 1709//3411 1711//3411
f 1710//3412 1711//3412 1709//3412
f 1711//3413 1710//3413 1777//3413
f 1905//3414 1777//3414 1710//3414
f 1777//3415 1905//3415 1904//3415
f 1777//3416 1904//3416 1903//3416
f 1719//3417 1903//3417 1718//3417
f 1713//3418 1712//3418 1264//3418
f 1713//3419 1721//3419 1712//3419
f 1713//3420 1778//3420 1721//3420
f 1713//3421 1714//3421 1778//3421
f 1714//3422 1779//3422 1778//3422
f 1714//3423 1715//3423 1779//3423
f 1715//3424 1717//3424 1779//3424
f 1715//3425 1716//3425 1717//3425
f 1716//3426 1781//3426 1717//3426
f 1716//3427 1775//3427 1781//3427
f 1781//3428 1775//3428 1784//3428
f 1776//3429 1784//3429 1775//3429
f 1784//3430 1776//3430 1785//3430
f 1719//3431 1785//3431 1776//3431
f 1785//3432 1719//3432 1786//3432
f 1718//3433 1786//3433 1719//3433
f 1786//3434 1718//3434 1787//3434
f 1721//3435 1720//3435 1712//3435
f 1720//3436 1721//3436 1723//3436
f 1722//3437 1787//3437 1726//3437
f 1723//3438 1724//3438 1720//3438
f 1724//3439 1723//3439 1796//3439
f 1796//3440 1805//3440 1724//3440
f 1805//3441 1796//3441 1725//3441
f 1803//3442 1726//3442 1727//3442
f 1728//3443 1729//3443 1804//3443
f 1728//3444 1811//3444 1729//3444
f 1728//3445 1730//3445 1811//3445
f 1728//3446 1806//3446 1730//3446
f 1806//3447 1815//3447 1730//3447
f 1806//3448 1731//3448 1815//3448
f 1731//3449 1816//3449 1815//3449
f 1731//3450 1732//3450 1816//3450
f 1732//3451 1817//3451 1816//3451
f 1732//3452 1808//3452 1817//3452
f 1817//3453 1808//3453 1819//3453
f 1733//3454 1819//3454 1808//3454
f 1819//3455 1733//3455 1734//3455
f 1735//3456 1734//3456 1733//3456
f 1734//3457 1735//3457 1737//3457
f 1736//3458 1737//3458 1735//3458
f 1737//3459 1736//3459 1822//3459
f 1912//3460 1822//3460 1736//3460
f 1822//3461 1912//3461 1911//3461
f 1232//3462 1692//3462 1738//3462
f 1738//3463 1692//3463 1740//3463
f 1738//3464 1740//3464 1739//3464
f 1739//3465 1740//3465 1741//3465
f 1739//3466 1741//3466 1239//3466
f 1239//3467 1741//3467 1689//3467
f 1239//3468 1689//3468 1742//3468
f 1742//3469 1689//3469 1743//3469
f 1742//3470 1743//3470 1272//3470
f 1693//3471 1749//3471 1691//3471
f 1691//3472 1749//3472 1744//3472
f 1691//3473 1744//3473 1690//3473
f 1690//3474 1744//3474 1750//3474
f 1690//3475 1750//3475 1745//3475
f 1745//3476 1750//3476 1751//3476
f 1745//3477 1751//3477 1688//3477
f 1688//3478 1751//3478 1746//3478
f 1688//3479 1746//3479 1747//3479
f 1747//3480 1746//3480 1748//3480
f 1747//3481 1748//3481 1262//3481
f 1749//3482 1699//3482 1744//3482
f 1744//3483 1699//3483 1698//3483
f 1744//3484 1698//3484 1750//3484
f 1750//3485 1698//3485 1752//3485
f 1750//3486 1752//3486 1751//3486
f 1751//3487 1752//3487 1697//3487
f 1751//3488 1697//3488 1746//3488
f 1746//3489 1697//3489 1695//3489
f 1746//3490 1695//3490 1748//3490
f 1748//3491 1695//3491 1753//3491
f 1748//3492 1753//3492 1262//3492
f 1754//3493 1755//3493 1756//3493
f 1756//3494 1755//3494 1764//3494
f 1756//3495 1764//3495 1757//3495
f 1757//3496 1764//3496 1758//3496
f 1757//3497 1758//3497 1759//3497
f 1759//3498 1758//3498 1761//3498
f 1759//3499 1761//3499 1760//3499
f 1760//3500 1761//3500 1762//3500
f 1760//3501 1762//3501 1696//3501
f 1696//3502 1762//3502 1767//3502
f 1696//3503 1767//3503 1694//3503
f 1694//3504 1767//3504 1763//3504
f 1694//3505 1763//3505 1700//3505
f 1755//3506 1908//3506 1764//3506
f 1764//3507 1908//3507 1769//3507
f 1764//3508 1769//3508 1758//3508
f 1758//3509 1769//3509 1765//3509
f 1758//3510 1765//3510 1761//3510
f 1761//3511 1765//3511 1766//3511
f 1761//3512 1766//3512 1762//3512
f 1762//3513 1766//3513 1770//3513
f 1762//3514 1770//3514 1767//3514
f 1767//3515 1770//3515 1771//3515
f 1767//3516 1771//3516 1763//3516
f 1763//3517 1771//3517 1768//3517
f 1763//3518 1768//3518 1700//3518
f 1908//3519 1905//3519 1769//3519
f 1769//3520 1905//3520 1710//3520
f 1769//3521 1710//3521 1765//3521
f 1765//3522 1710//3522 1709//3522
f 1765//3523 1709//3523 1766//3523
f 1766//3524 1709//3524 1708//3524
f 1766//3525 1708//3525 1770//3525
f 1770//3526 1708//3526 1704//3526
f 1770//3527 1704//3527 1771//3527
f 1771//3528 1704//3528 1703//3528
f 1771//3529 1703//3529 1768//3529
f 1768//3530 1703//3530 1702//3530
f 1768//3531 1702//3531 1772//3531
f 1264//3532 1701//3532 1713//3532
f 1713//3533 1701//3533 1773//3533
f 1713//3534 1773//3534 1714//3534
f 1714//3535 1773//3535 1774//3535
f 1714//3536 1774//3536 1715//3536
f 1715//3537 1774//3537 1706//3537
f 1715//3538 1706//3538 1716//3538
f 1716//3539 1706//3539 1705//3539
f 1716//3540 1705//3540 1775//3540
f 1775//3541 1705//3541 1707//3541
f 1775//3542 1707//3542 1776//3542
f 1776//3543 1707//3543 1711//3543
f 1776//3544 1711//3544 1719//3544
f 1719//3545 1711//3545 1777//3545
f 1719//3546 1777//3546 1903//3546
f 1723//3547 1721//3547 1789//3547
f 1789//3548 1721//3548 1778//3548
f 1789//3549 1778//3549 1791//3549
f 1791//3550 1778//3550 1779//3550
f 1791//3551 1779//3551 1780//3551
f 1780//3552 1779//3552 1717//3552
f 1780//3553 1717//3553 1793//3553
f 1793//3554 1717//3554 1781//3554
f 1793//3555 1781//3555 1782//3555
f 1782//3556 1781//3556 1784//3556
f 1782//3557 1784//3557 1783//3557
f 1783//3558 1784//3558 1785//3558
f 1783//3559 1785//3559 1722//3559
f 1722//3560 1785//3560 1786//3560
f 1722//3561 1786//3561 1787//3561
f 1796//3562 1723//3562 1797//3562
f 1797//3563 1723//3563 1789//3563
f 1797//3564 1789//3564 1788//3564
f 1788//3565 1789//3565 1791//3565
f 1788//3566 1791//3566 1790//3566
f 1790//3567 1791//3567 1780//3567
f 1790//3568 1780//3568 1801//3568
f 1801//3569 1780//3569 1793//3569
f 1801//3570 1793//3570 1792//3570
f 1792//3571 1793//3571 1782//3571
f 1792//3572 1782//3572 1794//3572
f 1794//3573 1782//3573 1783//3573
f 1794//3574 1783//3574 1795//3574
f 1795//3575 1783//3575 1722//3575
f 1795//3576 1722//3576 1726//3576
f 1725//3577 1796//3577 1798//3577
f 1798//3578 1796//3578 1797//3578
f 1798//3579 1797//3579 1807//3579
f 1807//3580 1797//3580 1788//3580
f 1807//3581 1788//3581 1799//3581
f 1799//3582 1788//3582 1790//3582
f 1799//3583 1790//3583 1800//3583
f 1800//3584 1790//3584 1801//3584
f 1800//3585 1801//3585 1809//3585
f 1809//3586 1801//3586 1792//3586
f 1809//3587 1792//3587 1802//3587
f 1802//3588 1792//3588 1794//3588
f 1802//3589 1794//3589 1803//3589
f 1803//3590 1794//3590 1795//3590
f 1803//3591 1795//3591 1726//3591
f 1804//3592 1805//3592 1728//3592
f 1728//3593 1805//3593 1725//3593
f 1728//3594 1725//3594 1806//3594
f 1806//3595 1725//3595 1798//3595
f 1806//3596 1798//3596 1731//3596
f 1731//3597 1798//3597 1807//3597
f 1731//3598 1807//3598 1732//3598
f 1732//3599 1807//3599 1799//3599
f 1732//3600 1799//3600 1808//3600
f 1808//3601 1799//3601 1800//3601
f 1808//3602 1800//3602 1733//3602
f 1733//3603 1800//3603 1809//3603
f 1733//3604 1809//3604 1735//3604
f 1735//3605 1809//3605 1802//3605
f 1735//3606 1802//3606 1736//3606
f 1736//3607 1802//3607 1803//3607
f 1736//3608 1803//3608 1912//3608
f 1912//3609 1803//3609 1727//3609
f 1269//3610 1729//3610 1810//3610
f 1810//3611 1729//3611 1811//3611
f 1810//3612 1811//3612 1812//3612
f 1812//3613 1811//3613 1730//3613
f 1812//3614 1730//3614 1813//3614
f 1813//3615 1730//3615 1815//3615
f 1813//3616 1815//3616 1814//3616
f 1814//3617 1815//3617 1816//3617
f 1814//3618 1816//3618 1827//3618
f 1827//3619 1816//3619 1817//3619
f 1827//3620 1817//3620 1818//3620
f 1818//3621 1817//3621 1819//3621
f 1818//3622 1819//3622 1820//3622
f 1820//3623 1819//3623 1734//3623
f 1820//3624 1734//3624 1830//3624
f 1830//3625 1734//3625 1737//3625
f 1830//3626 1737//3626 1821//3626
f 1821//3627 1737//3627 1822//3627
f 1821//3628 1822//3628 1911//3628
f 1270//3629 1269//3629 1823//3629
f 1823//3630 1269//3630 1810//3630
f 1823//3631 1810//3631 1824//3631
f 1824//3632 1810//3632 1812//3632
f 1824//3633 1812//3633 1825//3633
f 1825//3634 1812//3634 1813//3634
f 1825//3635 1813//3635 1596//3635
f 1596//3636 1813//3636 1814//3636
f 1596//3637 1814//3637 1597//3637
f 1597//3638 1814//3638 1827//3638
f 1597//3639 1827//3639 1826//3639
f 1826//3640 1827//3640 1818//3640
f 1826//3641 1818//3641 1828//3641
f 1828//3642 1818//3642 1820//3642
f 1828//3643 1820//3643 1829//3643
f 1829//3644 1820//3644 1830//3644
f 1829//3645 1830//3645 1831//3645
f 1831//3646 1830//3646 1821//3646
f 1831//3647 1821//3647 1687//3647
f 1687//3648 1821//3648 1911//3648
f 1166//3649 1856//3649 1860//3649
f 1856//3650 138//3650 1860//3650
f 1832//3651 1833//3651 25//3651
f 1833//3652 1834//3652 25//3652
f 1832//3653 1838//3653 1835//3653
f 1832//3654 25//3654 1838//3654
f 25//3655 1836//3655 1838//3655
f 1836//3656 5//3656 1838//3656
f 5//3657 1837//3657 1838//3657
f 5//3658 1839//3658 1837//3658
f 5//3659 1840//3659 1839//3659
f 1840//3660 1842//3660 1839//3660
f 1840//3661 1841//3661 1842//3661
f 1840//3662 1843//3662 1841//3662
f 1841//3663 1843//3663 1844//3663
f 1843//3664 1845//3664 1844//3664
f 1844//3665 1845//3665 1349//3665
f 1845//3666 1350//3666 1349//3666
f 1845//3667 1846//3667 1350//3667
f 1846//3668 1847//3668 1350//3668
f 1846//3669 46//3669 1847//3669
f 1847//3670 46//3670 1849//3670
f 46//3671 1848//3671 1849//3671
f 1849//3672 1848//3672 1850//3672
f 1848//3673 1852//3673 1850//3673
f 1850//3674 1852//3674 1851//3674
f 1852//3675 1404//3675 1851//3675
f 1852//3676 1853//3676 1404//3676
f 1853//3677 1854//3677 1404//3677
f 1854//3678 1853//3678 1414//3678
f 1853//3679 1855//3679 1414//3679
f 1853//3680 20//3680 1855//3680
f 1855//3681 20//3681 21//3681
f 1855//3682 21//3682 1861//3682
f 1856//3683 1857//3683 138//3683
f 138//3684 1857//3684 1160//3684
f 138//3685 1160//3685 1858//3685
f 1858//3686 1160//3686 1883//3686
f 1858//3687 1883//3687 1882//3687
f 1859//3688 25//3688 1834//3688
f 1859//3689 1834//3689 1166//3689
f 1859//3690 1166//3690 1860//3690
f 66//3691 1861//3691 91//3691
f 1861//3692 21//3692 91//3692
f 1864//3693 1467//3693 66//3693
f 66//3694 1467//3694 1861//3694
f 1862//3695 1864//3695 1863//3695
f 1864//3696 65//3696 1863//3696
f 1864//3697 66//3697 65//3697
f 1865//3698 1862//3698 68//3698
f 1862//3699 1863//3699 68//3699
f 1866//3700 1865//3700 100//3700
f 1865//3701 68//3701 100//3701
f 1867//3702 1866//3702 1868//3702
f 1866//3703 100//3703 1868//3703
f 1448//3704 1440//3704 1869//3704
f 1440//3705 1867//3705 1869//3705
f 1867//3706 1868//3706 1869//3706
f 1448//3707 1869//3707 72//3707
f 1871//3708 1448//3708 1870//3708
f 1448//3709 72//3709 1870//3709
f 1534//3710 1871//3710 74//3710
f 1871//3711 1870//3711 74//3711
f 1872//3712 1534//3712 1873//3712
f 1534//3713 74//3713 1873//3713
f 1457//3714 1872//3714 76//3714
f 1872//3715 1873//3715 76//3715
f 1543//3716 1457//3716 78//3716
f 1457//3717 76//3717 78//3717
f 1874//3718 1543//3718 82//3718
f 1543//3719 81//3719 82//3719
f 1543//3720 78//3720 81//3720
f 1874//3721 1875//3721 1195//3721
f 82//3722 1875//3722 1874//3722
f 82//3723 1876//3723 1875//3723
f 1876//3724 1207//3724 1875//3724
f 1876//3725 1878//3725 1207//3725
f 1876//3726 1877//3726 1878//3726
f 1877//3727 1879//3727 1878//3727
f 1879//3728 1224//3728 1878//3728
f 1879//3729 1880//3729 1224//3729
f 1880//3730 130//3730 1224//3730
f 1224//3731 130//3731 1881//3731
f 1881//3732 130//3732 1200//3732
f 130//3733 88//3733 1200//3733
f 1200//3734 88//3734 1882//3734
f 1200//3735 1882//3735 1883//3735
f 1889//3736 1888//3736 1887//3736
f 1886//3737 634//3737 1884//3737
f 634//3738 1155//3738 1884//3738
f 1886//3739 1884//3739 1161//3739
f 1885//3740 1886//3740 1168//3740
f 1886//3741 1161//3741 1168//3741
f 575//3742 574//3742 1887//3742
f 574//3743 578//3743 1887//3743
f 578//3744 1170//3744 1887//3744
f 1887//3745 1170//3745 1190//3745
f 1888//3746 575//3746 1887//3746
f 1888//3747 1889//3747 1890//3747
f 571//3748 1888//3748 1890//3748
f 1890//3749 1587//3749 571//3749
f 570//3750 571//3750 1587//3750
f 1587//3751 1581//3751 570//3751
f 1891//3752 570//3752 1892//3752
f 570//3753 1581//3753 1892//3753
f 600//3754 1891//3754 1575//3754
f 1891//3755 1892//3755 1575//3755
f 1893//3756 600//3756 1572//3756
f 600//3757 1575//3757 1572//3757
f 1894//3758 1893//3758 1895//3758
f 1893//3759 1572//3759 1895//3759
f 566//3760 1894//3760 1558//3760
f 1894//3761 1650//3761 1558//3761
f 1894//3762 1895//3762 1650//3762
f 566//3763 1558//3763 1634//3763
f 1155//3764 634//3764 1896//3764
f 1896//3765 634//3765 625//3765
f 1896//3766 625//3766 1897//3766
f 1634//3767 1622//3767 566//3767
f 566//3768 1622//3768 1898//3768
f 566//3769 1898//3769 585//3769
f 585//3770 1898//3770 1687//3770
f 585//3771 1687//3771 582//3771
f 579//3772 1885//3772 1168//3772
f 579//3773 1168//3773 1167//3773
f 579//3774 1167//3774 1170//3774
f 579//3775 1170//3775 578//3775
f 1902//3776 1899//3776 1787//3776
f 1899//3777 1726//3777 1787//3777
f 1726//3778 1899//3778 710//3778
f 1749//3779 1909//3779 1699//3779
f 1692//3780 648//3780 1693//3780
f 1910//3781 1205//3781 1900//3781
f 1205//3782 1208//3782 1900//3782
f 640//3783 642//3783 1208//3783
f 642//3784 1900//3784 1208//3784
f 1208//3785 1220//3785 640//3785
f 639//3786 640//3786 1220//3786
f 638//3787 639//3787 1220//3787
f 1220//3788 1226//3788 638//3788
f 1226//3789 1225//3789 638//3789
f 1912//3790 663//3790 1913//3790
f 660//3791 1901//3791 1727//3791
f 1901//3792 1912//3792 1727//3792
f 1901//3793 663//3793 1912//3793
f 710//3794 660//3794 1726//3794
f 660//3795 1727//3795 1726//3795
f 1902//3796 1787//3796 1718//3796
f 701//3797 1718//3797 1903//3797
f 701//3798 1902//3798 1718//3798
f 1907//3799 1903//3799 1904//3799
f 1907//3800 701//3800 1903//3800
f 1906//3801 1904//3801 1905//3801
f 1906//3802 1907//3802 1904//3802
f 653//3803 1905//3803 1908//3803
f 653//3804 1906//3804 1905//3804
f 651//3805 653//3805 1754//3805
f 1754//3806 653//3806 1755//3806
f 653//3807 1908//3807 1755//3807
f 1909//3808 651//3808 1699//3808
f 1699//3809 651//3809 1754//3809
f 648//3810 1909//3810 1749//3810
f 644//3811 687//3811 1692//3811
f 687//3812 648//3812 1692//3812
f 648//3813 1749//3813 1693//3813
f 1900//3814 644//3814 1910//3814
f 1692//3815 1910//3815 644//3815
f 1910//3816 1692//3816 1232//3816
f 638//3817 1225//3817 667//3817
f 667//3818 1225//3818 1897//3818
f 667//3819 1897//3819 625//3819
f 582//3820 1687//3820 1911//3820
f 582//3821 1911//3821 1912//3821
f 582//3822 1912//3822 1913//3822
#3822 faces
